id,hsk_level,word,traditional,pinyin,study_meaning,review_result,priority,category,recommendation,reason,asset_line,source_form_matches,source_meanings_match,current_dictionary_has_word,current_dictionary_has_reading,current_dictionary_has_traditional_form,hsk_reference_has_word,hsk_reference_level,glossary_has_word,glossary_level,metadata_notes,quiz_distractor_overlap_candidates
hsk-old-1-一,1,一,一,yī,one,no lexical issue identified in this pass,,,,,3,True,True,True,True,True,True,1,True,1,,
hsk-old-1-七,1,七,七,qī,seven,no lexical issue identified in this pass,,,,,26,True,True,True,True,True,True,1,True,1,,
hsk-old-1-三,1,三,三,sān,three,no lexical issue identified in this pass,,,,,43,True,True,True,True,True,True,1,True,1,,
hsk-old-1-上,1,上,上,shàng,above,no lexical issue identified in this pass,,,,,60,True,True,True,True,True,True,1,True,1,,
hsk-old-1-上午,1,上午,上午,shàng wǔ,late morning (before noon),finding,P2,definition,morning; before noon,Late unnecessarily restricts a word that covers the morning before noon.,82,True,True,True,True,True,True,1,True,1,,
hsk-old-1-下,1,下,下,xià,fall,finding,P2,definition,down; below; next,Fall alone hides the elementary directional and relative senses.,97,True,True,True,True,True,True,1,True,1,,
hsk-old-1-下午,1,下午,下午,xià wǔ,afternoon,no lexical issue identified in this pass,,,,,125,True,True,True,True,True,True,1,True,1,,
hsk-old-1-下雨,1,下雨,下雨,xià yǔ,to rain,no lexical issue identified in this pass,,,,,141,True,True,True,True,True,True,1,True,1,,
hsk-old-1-不,1,不,不,bù,no,finding,P2,definition,not; no,Not is the essential negative-prefix sense and should accompany no.,156,True,True,True,True,True,True,1,True,1,,
hsk-old-1-不客气,1,不客气,不客氣,bù kè qi,you're welcome,no lexical issue identified in this pass,,,,,172,True,True,True,True,True,True,1,True,1,no part-of-speech metadata; allowed by the current data contract,
hsk-old-1-东西,1,东西,東西,dōng xi,things,no lexical issue identified in this pass,,,,,189,True,True,True,True,True,True,1,True,1,personal-name POS appears on a common-word reading; review sense-specific tags,
hsk-old-1-个,1,个,個,gè,general measure word,no lexical issue identified in this pass,,,,,208,True,True,True,True,True,True,1,True,1,,
hsk-old-1-中午,1,中午,中午,zhōng wǔ,noon,no lexical issue identified in this pass,,,,,225,True,True,True,True,True,True,1,True,1,,
hsk-old-1-中国,1,中国,中國,Zhōng guó,China,no lexical issue identified in this pass,,,,,241,True,True,True,True,True,True,1,True,1,,
hsk-old-1-九,1,九,九,jiǔ,nine,no lexical issue identified in this pass,,,,,256,True,True,True,True,True,True,1,True,1,,
hsk-old-1-书,1,书,書,shū,book,no lexical issue identified in this pass,,,,,274,True,True,True,True,True,True,1,True,1,,
hsk-old-1-买,1,买,買,mǎi,to buy,no lexical issue identified in this pass,,,,,293,True,True,True,True,True,True,1,True,1,,
hsk-old-1-了,1,了,了,le,indicates a completed or finished action,finding,P2,grammar,particle marking a completed action or a change of state,The current explanation covers only the completion use and can be mistaken for a past-tense marker.,309,True,True,True,True,True,True,1,True,1,,
hsk-old-1-二,1,二,二,èr,two,no lexical issue identified in this pass,,,,,328,True,True,True,True,True,True,1,True,1,,
hsk-old-1-五,1,五,五,wǔ,five,no lexical issue identified in this pass,,,,,346,True,True,True,True,True,True,1,True,1,,
hsk-old-1-些,1,些,些,xiē,some,no lexical issue identified in this pass,,,,,363,True,True,True,True,True,True,1,True,1,,
hsk-old-1-人,1,人,人,rén,person,no lexical issue identified in this pass,,,,,378,True,True,True,True,True,True,1,True,1,,
hsk-old-1-什么,1,什么,什麼,shén me,what? (replaces the noun to turn a statement into a question),no lexical issue identified in this pass,,,,,393,True,True,True,True,True,True,1,True,1,,
hsk-old-1-今天,1,今天,今天,jīn tiān,today,no lexical issue identified in this pass,,,,,410,True,True,True,True,True,True,1,True,1,,
hsk-old-1-他,1,他,他,tā,he,no lexical issue identified in this pass,,,,,427,True,True,True,True,True,True,1,True,1,,
hsk-old-1-会,1,会,會,huì,know how to,no lexical issue identified in this pass,,,,,445,True,True,True,True,True,True,1,True,1,,
hsk-old-1-住,1,住,住,zhù,to live,no lexical issue identified in this pass,,,,,466,True,True,True,True,True,True,1,True,1,,
hsk-old-1-你,1,你,你,nǐ,you (singular),no lexical issue identified in this pass,,,,,486,True,True,True,True,True,True,1,True,1,,
hsk-old-1-做,1,做,做,zuò,do,no lexical issue identified in this pass,,,,,501,True,True,True,True,True,True,1,True,1,,
hsk-old-1-儿子,1,儿子,兒子,ér zi,son,no lexical issue identified in this pass,,,,,521,True,True,True,True,True,True,1,True,1,,
hsk-old-1-先生,1,先生,先生,xiān sheng,Mr.,no lexical issue identified in this pass,,,,,536,True,True,True,True,True,True,1,True,1,,
hsk-old-1-八,1,八,八,bā,eight,no lexical issue identified in this pass,,,,,554,True,True,True,True,True,True,1,True,1,,
hsk-old-1-六,1,六,六,liù,six,no lexical issue identified in this pass,,,,,570,True,True,True,True,True,True,1,True,1,,
hsk-old-1-再见,1,再见,再見,zài jiàn,goodbye,no lexical issue identified in this pass,,,,,587,True,True,True,True,True,True,1,True,1,,
hsk-old-1-写,1,写,寫,xiě,to write,no lexical issue identified in this pass,,,,,603,True,True,True,True,True,True,1,True,1,,
hsk-old-1-冷,1,冷,冷,lěng,cold,no lexical issue identified in this pass,,,,,618,True,True,True,True,True,True,1,True,1,,
hsk-old-1-几,1,几,幾,jǐ,how many,no lexical issue identified in this pass,,,,,635,True,True,True,True,True,True,1,True,1,,
hsk-old-1-出租车,1,出租车,出租車,chū zū chē,taxi,no lexical issue identified in this pass,,,,,654,True,True,True,True,True,True,1,True,1,,
hsk-old-1-分钟,1,分钟,分鐘,fēn zhōng,minute,no lexical issue identified in this pass,,,,,670,True,True,True,True,True,True,1,True,1,,
hsk-old-1-前面,1,前面,前面,qián miàn,in front,no lexical issue identified in this pass,,,,,685,True,True,True,True,True,True,1,True,1,,
hsk-old-1-北京,1,北京,北京,Běi jīng,Beijing,no lexical issue identified in this pass,,,,,704,True,True,True,True,True,True,1,True,1,,
hsk-old-1-医生,1,医生,醫生,yī shēng,doctor,no lexical issue identified in this pass,,,,,719,True,True,True,True,True,True,1,True,1,,
hsk-old-1-医院,1,医院,醫院,yī yuàn,hospital,no lexical issue identified in this pass,,,,,734,True,True,True,True,True,True,1,True,1,,
hsk-old-1-十,1,十,十,shí,ten,no lexical issue identified in this pass,,,,,749,True,True,True,True,True,True,1,True,1,,
hsk-old-1-去,1,去,去,qù,go,no lexical issue identified in this pass,,,,,766,True,True,True,True,True,True,1,True,1,,
hsk-old-1-叫,1,叫,叫,jiào,to be called,no lexical issue identified in this pass,,,,,794,True,True,True,True,True,True,1,True,1,,
hsk-old-1-吃,1,吃,吃,chī,eat,no lexical issue identified in this pass,,,,,816,True,True,True,True,True,True,1,True,1,,
hsk-old-1-同学,1,同学,同學,tóng xué,fellow student,no lexical issue identified in this pass,,,,,835,True,True,True,True,True,True,1,True,1,,
hsk-old-1-名字,1,名字,名字,míng zi,name,no lexical issue identified in this pass,,,,,852,True,True,True,True,True,True,1,True,1,,
hsk-old-1-后面,1,后面,後面,hòu mian,back,no lexical issue identified in this pass,,,,,867,True,True,True,True,True,True,1,True,1,,
hsk-old-1-吗,1,吗,嗎,ma,indicates a yes/no question (added to a statement),no lexical issue identified in this pass,,,,,884,True,True,True,True,True,True,1,True,1,,
hsk-old-1-听,1,听,聽,tīng,listen,no lexical issue identified in this pass,,,,,899,True,True,True,True,True,True,1,True,1,,
hsk-old-1-呢,1,呢,呢,ne,indicates a question,finding,P2,grammar,question or topic particle; what about ...?,Indicates a question is too general to distinguish it from 吗.,919,True,True,True,True,True,True,1,True,1,,
hsk-old-1-和,1,和,和,hé,and,no lexical issue identified in this pass,,,,,938,True,True,True,True,True,True,1,True,1,,
hsk-old-1-哪,1,哪,哪,nǎ,which,no lexical issue identified in this pass,,,,,963,True,True,True,True,True,True,1,True,1,,
hsk-old-1-商店,1,商店,商店,shāng diàn,shop,no lexical issue identified in this pass,,,,,980,True,True,True,True,True,True,1,True,1,,
hsk-old-1-喂,1,喂,喂,wèi,hello (on the phone),no lexical issue identified in this pass,,,,,995,True,True,True,True,True,True,1,True,1,,
hsk-old-1-喜欢,1,喜欢,喜歡,xǐ huan,to like,no lexical issue identified in this pass,,,,,1012,True,True,True,True,True,True,1,True,1,,
hsk-old-1-喝,1,喝,喝,hē,to drink,no lexical issue identified in this pass,,,,,1028,True,True,True,True,True,True,1,True,1,,
hsk-old-1-四,1,四,四,sì,four,no lexical issue identified in this pass,,,,,1045,True,True,True,True,True,True,1,True,1,,
hsk-old-1-回,1,回,回,huí,to return,no lexical issue identified in this pass,,,,,1062,True,True,True,True,True,True,1,True,1,,
hsk-old-1-在,1,在,在,zài,at,no lexical issue identified in this pass,,,,,1087,True,True,True,True,True,True,1,True,1,,
hsk-old-1-坐,1,坐,坐,zuò,sit,no lexical issue identified in this pass,,,,,1106,True,True,True,True,True,True,1,True,1,,
hsk-old-1-块,1,块,塊,kuài,lump,finding,P2,definition,piece; yuan in everyday prices,Lump alone misses the common money and classifier uses taught at this level.,1125,True,True,True,True,True,True,1,True,1,,
hsk-old-1-多,1,多,多,duō,many,no lexical issue identified in this pass,,,,,1143,True,True,True,True,True,True,1,True,1,,
hsk-old-1-多少,1,多少,多少,duō shao,how much?,no lexical issue identified in this pass,,,,,1167,True,True,True,True,True,True,1,True,1,,
hsk-old-1-大,1,大,大,dà,big,no lexical issue identified in this pass,,,,,1184,True,True,True,True,True,True,1,True,1,,
hsk-old-1-天气,1,天气,天氣,tiān qì,weather,no lexical issue identified in this pass,,,,,1207,True,True,True,True,True,True,1,True,1,,
hsk-old-1-太,1,太,太,tài,too (much),no lexical issue identified in this pass,,,,,1222,True,True,True,True,True,True,1,True,1,,
hsk-old-1-女儿,1,女儿,女兒,nǚ ér,daughter,no lexical issue identified in this pass,,,,,1242,True,True,True,True,True,True,1,True,1,,
hsk-old-1-她,1,她,她,tā,she,no lexical issue identified in this pass,,,,,1257,True,True,True,True,True,True,1,True,1,,
hsk-old-1-好,1,好,好,hǎo,good,no lexical issue identified in this pass,,,,,1272,True,True,True,True,True,True,1,True,1,,
hsk-old-1-妈妈,1,妈妈,媽媽,mā ma,mom,no lexical issue identified in this pass,,,,,1297,True,True,True,True,True,True,1,True,1,,
hsk-old-1-字,1,字,字,zì,letter,finding,P2,definition,written character; letter,Character is the useful primary sense for a Mandarin learner.,1314,True,True,True,True,True,True,1,True,1,,
hsk-old-1-学习,1,学习,學習,xué xí,learn,no lexical issue identified in this pass,,,,,1333,True,True,True,True,True,True,1,True,1,,
hsk-old-1-学校,1,学校,學校,xué xiào,school,no lexical issue identified in this pass,,,,,1350,True,True,True,True,True,True,1,True,1,,
hsk-old-1-学生,1,学生,學生,xué sheng,student,no lexical issue identified in this pass,,,,,1365,True,True,True,True,True,True,1,True,1,,
hsk-old-1-家,1,家,家,jiā,family,finding,P2,definition,family; home,"The primary gloss loses home, an essential use in 回家 and 在家.",1381,True,True,True,True,True,True,1,True,1,,
hsk-old-1-对不起,1,对不起,對不起,duì bu qǐ,sorry,no lexical issue identified in this pass,,,,,1402,True,True,True,True,True,True,1,True,1,,
hsk-old-1-小,1,小,小,xiǎo,small,no lexical issue identified in this pass,,,,,1418,True,True,True,True,True,True,1,True,1,,
hsk-old-1-小姐,1,小姐,小姐,xiǎo jie,young lady,no lexical issue identified in this pass,,,,,1437,True,True,True,True,True,True,1,True,1,,
hsk-old-1-少,1,少,少,shǎo,few,no lexical issue identified in this pass,,,,,1454,True,True,True,True,True,True,1,True,1,,
hsk-old-1-岁,1,岁,歲,suì,years old,no lexical issue identified in this pass,,,,,1478,True,True,True,True,True,True,1,True,1,,
hsk-old-1-工作,1,工作,工作,gōng zuò,work,no lexical issue identified in this pass,,,,,1495,True,True,True,True,True,True,1,True,1,,
hsk-old-1-年,1,年,年,nián,year,no lexical issue identified in this pass,,,,,1516,True,True,True,True,True,True,1,True,1,,
hsk-old-1-开,1,开,開,kāi,to open,no lexical issue identified in this pass,,,,,1533,True,True,True,True,True,True,1,True,1,,
hsk-old-1-很,1,很,很,hěn,very,no lexical issue identified in this pass,,,,,1557,True,True,True,True,True,True,1,True,1,,
hsk-old-1-怎么,1,怎么,怎麼,zěn me,how?,no lexical issue identified in this pass,,,,,1575,True,True,True,True,True,True,1,True,1,,
hsk-old-1-怎么样,1,怎么样,怎麼樣,zěn me yàng,how about?,no lexical issue identified in this pass,,,,,1592,True,True,True,True,True,True,1,True,1,,
hsk-old-1-想,1,想,想,xiǎng,think,finding,P2,definition,to think; to want; to miss,Think alone misses common desire and missing-someone uses.,1610,True,True,True,True,True,True,1,True,1,,
hsk-old-1-我,1,我,我,wǒ,I,no lexical issue identified in this pass,,,,,1629,True,True,True,True,True,True,1,True,1,,
hsk-old-1-我们,1,我们,我們,wǒ men,we,no lexical issue identified in this pass,,,,,1644,True,True,True,True,True,True,1,True,1,,
hsk-old-1-打电话,1,打电话,打電話,dǎ diàn huà,make a phone call,no lexical issue identified in this pass,,,,,1662,True,True,True,True,True,True,1,True,1,,
hsk-old-1-日,1,日,日,rì,sun,finding,P2,definition,day; date; sun,Sun is valid but day and date are more useful in elementary vocabulary.,1677,True,True,True,True,True,True,1,True,2,,
hsk-old-1-时候,1,时候,時候,shí hou,time,no lexical issue identified in this pass,,,,,1697,True,True,True,True,True,True,1,True,1,,
hsk-old-1-明天,1,明天,明天,míng tiān,tomorrow,no lexical issue identified in this pass,,,,,1715,True,True,True,True,True,True,1,True,1,,
hsk-old-1-星期,1,星期,星期,xīng qī,week,no lexical issue identified in this pass,,,,,1730,True,True,True,True,True,True,1,True,1,,
hsk-old-1-昨天,1,昨天,昨天,zuó tiān,yesterday,no lexical issue identified in this pass,,,,,1747,True,True,True,True,True,True,1,True,1,,
hsk-old-1-是,1,是,是,shì,be,no lexical issue identified in this pass,,,,,1762,True,True,True,True,True,True,1,True,1,,
hsk-old-1-月,1,月,月,yuè,moon,finding,P2,definition,month; moon,Moon alone misses the calendar sense.,1780,True,True,True,True,True,True,1,True,1,,
hsk-old-1-有,1,有,有,yǒu,have,no lexical issue identified in this pass,,,,,1798,True,True,True,True,True,True,1,True,1,,
hsk-old-1-朋友,1,朋友,朋友,péng you,friend,no lexical issue identified in this pass,,,,,1814,True,True,True,True,True,True,1,True,1,,
hsk-old-1-本,1,本,本,běn,measure word for books,no lexical issue identified in this pass,,,,,1829,True,True,True,True,True,True,1,True,1,,
hsk-old-1-来,1,来,來,lái,come,no lexical issue identified in this pass,,,,,1856,True,True,True,True,True,True,1,True,1,,
hsk-old-1-杯子,1,杯子,杯子,bēi zi,cup,no lexical issue identified in this pass,,,,,1883,True,True,True,True,True,True,1,True,1,,
hsk-old-1-桌子,1,桌子,桌子,zhuō zi,table,no lexical issue identified in this pass,,,,,1899,True,True,True,True,True,True,1,True,1,,
hsk-old-1-椅子,1,椅子,椅子,yǐ zi,chair,no lexical issue identified in this pass,,,,,1915,True,True,True,True,True,True,1,True,1,,
hsk-old-1-水,1,水,水,shuǐ,water,no lexical issue identified in this pass,,,,,1930,True,True,True,True,True,True,1,True,1,,
hsk-old-1-水果,1,水果,水果,shuǐ guǒ,fruit,no lexical issue identified in this pass,,,,,1950,True,True,True,True,True,True,1,True,1,,
hsk-old-1-汉语,1,汉语,漢語,Hàn yǔ,Chinese language,no lexical issue identified in this pass,,,,,1965,True,True,True,True,True,True,1,True,1,,
hsk-old-1-没,1,没,沒,méi,(negative prefix for verbs) have not,finding,P2,grammar,not have; did not,The primary explanation omits the possessive negative 没有.,1980,True,True,True,True,True,True,1,False,,,
hsk-old-1-没关系,1,没关系,沒關係,méi guān xi,it doesn't matter,no lexical issue identified in this pass,,,,,1996,True,True,True,True,True,True,1,True,1,,
hsk-old-1-漂亮,1,漂亮,漂亮,piào liang,pretty,no lexical issue identified in this pass,,,,,2011,True,True,True,True,True,True,1,True,1,,
hsk-old-1-火车站,1,火车站,火車站,huǒ chē zhàn,train station,no lexical issue identified in this pass,,,,,2027,True,True,True,True,True,True,1,True,2,,
hsk-old-1-点,1,点,點,diǎn,a dot,finding,P2,definition,o'clock; point; a little,A dot is valid but omits elementary time and quantity uses.,2042,True,True,True,True,True,True,1,True,1,,
hsk-old-1-热,1,热,熱,rè,heat,finding,P2,definition,hot; heat,Hot is the everyday adjective learners need.,2077,True,True,True,True,True,True,1,True,1,,
hsk-old-1-爱,1,爱,愛,ài,love,no lexical issue identified in this pass,,,,,2101,True,True,True,True,True,True,1,True,1,,
hsk-old-1-爸爸,1,爸爸,爸爸,bà ba,Dad,no lexical issue identified in this pass,,,,,2120,True,True,True,True,True,True,1,True,1,,
hsk-old-1-狗,1,狗,狗,gǒu,dog,no lexical issue identified in this pass,,,,,2135,True,True,True,True,True,True,1,True,1,,
hsk-old-1-猫,1,猫,貓,māo,cat,no lexical issue identified in this pass,,,,,2150,True,True,True,True,True,True,1,True,1,,
hsk-old-1-现在,1,现在,現在,xiàn zài,now,no lexical issue identified in this pass,,,,,2168,True,True,True,True,True,True,1,True,1,,
hsk-old-1-电影,1,电影,電影,diàn yǐng,movie,no lexical issue identified in this pass,,,,,2188,True,True,True,True,True,True,1,True,1,,
hsk-old-1-电脑,1,电脑,電腦,diàn nǎo,computer,no lexical issue identified in this pass,,,,,2203,True,True,True,True,True,True,1,True,1,,
hsk-old-1-电视,1,电视,電視,diàn shì,television,no lexical issue identified in this pass,,,,,2218,True,True,True,True,True,True,1,True,1,,
hsk-old-1-的,1,的,的,de,"indicates possession, like adding 's to a noun",no lexical issue identified in this pass,,,,,2233,True,True,True,True,True,True,1,True,1,,
hsk-old-1-看,1,看,看,kàn,see,no lexical issue identified in this pass,,,,,2253,True,True,True,True,True,True,1,True,1,,
hsk-old-1-看见,1,看见,看見,kàn jiàn,see,no lexical issue identified in this pass,,,,,2279,True,True,True,True,True,True,1,True,1,,
hsk-old-1-睡觉,1,睡觉,睡覺,shuì jiào,to sleep,no lexical issue identified in this pass,,,,,2295,True,True,True,True,True,True,1,True,1,,
hsk-old-1-米饭,1,米饭,米飯,mǐ fàn,(cooked) rice,no lexical issue identified in this pass,,,,,2311,True,True,True,True,True,True,1,True,1,,
hsk-old-1-老师,1,老师,老師,lǎo shī,teacher,no lexical issue identified in this pass,,,,,2326,True,True,True,True,True,True,1,True,1,,
hsk-old-1-能,1,能,能,néng,can,no lexical issue identified in this pass,,,,,2341,True,True,True,True,True,True,1,True,1,,
hsk-old-1-苹果,1,苹果,蘋果,píng guǒ,apple,no lexical issue identified in this pass,,,,,2361,True,True,True,True,True,True,1,True,1,,
hsk-old-1-茶,1,茶,茶,chá,tea,no lexical issue identified in this pass,,,,,2376,True,True,True,True,True,True,1,True,1,,
hsk-old-1-菜,1,菜,菜,cài,dish (type of food),no lexical issue identified in this pass,,,,,2393,True,True,True,True,True,True,1,True,1,,
hsk-old-1-衣服,1,衣服,衣服,yī fu,clothes,no lexical issue identified in this pass,,,,,2413,True,True,True,True,True,True,1,True,1,,
hsk-old-1-认识,1,认识,認識,rèn shi,recognize,finding,P2,definition,to know a person; to recognize,Recognize alone obscures the common acquaintance meaning.,2428,True,True,True,True,True,True,1,True,1,,
hsk-old-1-说话,1,说话,說話,shuō huà,to talk,no lexical issue identified in this pass,,,,,2452,True,True,True,True,True,True,1,True,2,,
hsk-old-1-请,1,请,請,qǐng,please,no lexical issue identified in this pass,,,,,2474,True,True,True,True,True,True,1,True,1,,
hsk-old-1-读,1,读,讀,dú,to read,no lexical issue identified in this pass,,,,,2493,True,True,True,True,True,True,1,True,1,,
hsk-old-1-谁,1,谁,誰,shéi,who,no lexical issue identified in this pass,,,,,2511,True,True,True,True,True,True,1,True,1,,
hsk-old-1-谢谢,1,谢谢,謝謝,xiè xie,thank you,no lexical issue identified in this pass,,,,,2527,True,True,True,True,True,True,1,True,1,,
hsk-old-1-这,1,这,這,zhè,this,no lexical issue identified in this pass,,,,,2544,True,True,True,True,True,True,1,True,1,,
hsk-old-1-那,1,那,那,nà,that,no lexical issue identified in this pass,,,,,2561,True,True,True,True,True,True,1,True,1,,
hsk-old-1-都,1,都,都,dōu,all,no lexical issue identified in this pass,,,,,2579,True,True,True,True,True,True,1,True,1,,
hsk-old-1-里,1,里,裡,lǐ,inside,no lexical issue identified in this pass,,,,,2598,True,True,True,True,True,True,1,True,1,,
hsk-old-1-钱,1,钱,錢,qián,money,no lexical issue identified in this pass,,,,,2618,True,True,True,True,True,True,1,True,1,personal-name POS appears on a common-word reading; review sense-specific tags,
hsk-old-1-零,1,零,零,líng,zero,no lexical issue identified in this pass,,,,,2636,True,True,True,True,True,True,1,True,2,,
hsk-old-1-飞机,1,飞机,飛機,fēi jī,airplane,no lexical issue identified in this pass,,,,,2664,True,True,True,True,True,True,1,True,1,,
hsk-old-1-饭馆,1,饭馆,飯館,fàn guǎn,restaurant,no lexical issue identified in this pass,,,,,2679,True,True,True,True,True,True,1,False,,,
hsk-old-1-高兴,1,高兴,高興,gāo xìng,happy,no lexical issue identified in this pass,,,,,2694,True,True,True,True,True,True,1,True,1,,
hsk-old-2-一起,2,一起,一起,yī qǐ,together,no lexical issue identified in this pass,,,,,2713,True,True,True,True,True,True,2,True,2,personal-name POS appears on a common-word reading; review sense-specific tags,
hsk-old-2-丈夫,2,丈夫,丈夫,zhàng fu,husband,no lexical issue identified in this pass,,,,,2733,True,True,True,True,True,True,2,True,2,,
hsk-old-2-上班,2,上班,上班,shàng bān,go to work,no lexical issue identified in this pass,,,,,2748,True,True,True,True,True,True,2,True,2,,
hsk-old-2-两,2,两,兩,liǎng,two,no lexical issue identified in this pass,,,,,2767,True,True,True,True,True,True,2,True,2,,
hsk-old-2-为,2,为,為,wèi,for,no lexical issue identified in this pass,,,,,2787,True,True,True,True,True,True,2,True,3,,
hsk-old-2-也,2,也,也,yě,also,no lexical issue identified in this pass,,,,,2805,True,True,True,True,True,True,2,True,2,,
hsk-old-2-事情,2,事情,事情,shì qing,matter,no lexical issue identified in this pass,,,,,2824,True,True,True,True,True,True,2,True,2,,
hsk-old-2-介绍,2,介绍,介紹,jiè shào,to introduce,no lexical issue identified in this pass,,,,,2839,True,True,True,True,True,True,2,True,2,,
hsk-old-2-从,2,从,從,cóng,from,no lexical issue identified in this pass,,,,,2858,True,True,True,True,True,True,2,True,2,,
hsk-old-2-件,2,件,件,jiàn,"classifier for things, clothes, and items",no lexical issue identified in this pass,,,,,2885,True,True,True,True,True,True,2,True,2,,
hsk-old-2-休息,2,休息,休息,xiū xi,to rest,no lexical issue identified in this pass,,,,,2903,True,True,True,True,True,True,2,True,2,,
hsk-old-2-但是,2,但是,但是,dàn shì,but,no lexical issue identified in this pass,,,,,2920,True,True,True,True,True,True,2,True,2,,
hsk-old-2-便宜,2,便宜,便宜,pián yi,cheap,no lexical issue identified in this pass,,,,,2935,True,True,True,True,True,True,2,True,2,,
hsk-old-2-元,2,元,元,yuán,Chinese monetary unit,no lexical issue identified in this pass,,,,,2955,True,True,True,True,True,True,2,True,3,,
hsk-old-2-公共汽车,2,公共汽车,公共汽車,gōng gòng qì chē,(public) bus,no lexical issue identified in this pass,,,,,2982,True,True,True,True,True,True,2,True,2,no part-of-speech metadata; allowed by the current data contract,
hsk-old-2-公司,2,公司,公司,gōng sī,company,no lexical issue identified in this pass,,,,,2995,True,True,True,True,True,True,2,True,2,,
hsk-old-2-公斤,2,公斤,公斤,gōng jīn,kilogram,no lexical issue identified in this pass,,,,,3010,True,True,True,True,True,True,2,True,3,,
hsk-old-2-再,2,再,再,zài,again,no lexical issue identified in this pass,,,,,3025,True,True,True,True,True,True,2,True,2,,
hsk-old-2-准备,2,准备,準備,zhǔn bèi,prepare,no lexical issue identified in this pass,,,,,3044,True,True,True,True,True,True,2,True,2,,
hsk-old-2-出,2,出,出,chū,go out,no lexical issue identified in this pass,,,,,3064,True,True,True,True,True,True,2,True,2,,
hsk-old-2-别,2,别,別,bié,don't do something,no lexical issue identified in this pass,,,,,3089,True,True,True,True,True,True,2,True,2,,
hsk-old-2-到,2,到,到,dào,arrive (at a place),no lexical issue identified in this pass,,,,,3113,True,True,True,True,True,True,2,True,2,,
hsk-old-2-千,2,千,千,qiān,one thousand,no lexical issue identified in this pass,,,,,3133,True,True,True,True,True,True,2,True,2,,
hsk-old-2-卖,2,卖,賣,mài,to sell,no lexical issue identified in this pass,,,,,3149,True,True,True,True,True,True,2,True,2,,
hsk-old-2-去年,2,去年,去年,qù nián,last year,no lexical issue identified in this pass,,,,,3167,True,True,True,True,True,True,2,True,2,,
hsk-old-2-可以,2,可以,可以,kě yǐ,can,no lexical issue identified in this pass,,,,,3182,True,True,True,True,True,True,2,True,2,,
hsk-old-2-可能,2,可能,可能,kě néng,possible,no lexical issue identified in this pass,,,,,3202,True,True,True,True,True,True,2,True,2,,
hsk-old-2-右边,2,右边,右邊,yòu bian,the right (as opposed to left) side,no lexical issue identified in this pass,,,,,3224,True,True,True,True,True,True,2,True,2,,
hsk-old-2-号,2,号,號,hào,number,no lexical issue identified in this pass,,,,,3240,True,True,True,True,True,True,2,True,1,,
hsk-old-2-向,2,向,向,xiàng,direction,finding,P2,definition,toward; to,Direction as a noun does not teach the common preposition use.,3268,True,True,True,True,True,True,2,True,3,,
hsk-old-2-吧,2,吧,吧,ba,particle indicating polite suggestion,no lexical issue identified in this pass,,,,,3296,True,True,True,True,True,True,2,True,2,,
hsk-old-2-告诉,2,告诉,告訴,gào su,to tell,no lexical issue identified in this pass,,,,,3314,True,True,True,True,True,True,2,True,2,,
hsk-old-2-咖啡,2,咖啡,咖啡,kā fēi,coffee,no lexical issue identified in this pass,,,,,3329,True,True,True,True,True,True,2,True,2,,
hsk-old-2-哥哥,2,哥哥,哥哥,gē ge,older brother,no lexical issue identified in this pass,,,,,3344,True,True,True,True,True,True,2,True,2,,
hsk-old-2-唱歌,2,唱歌,唱歌,chàng gē,sing (a song),no lexical issue identified in this pass,,,,,3359,True,True,True,True,True,True,2,True,2,,
hsk-old-2-回答,2,回答,回答,huí dá,to reply,no lexical issue identified in this pass,,,,,3375,True,True,True,True,True,True,2,True,3,,
hsk-old-2-因为,2,因为,因為,yīn wèi,because,no lexical issue identified in this pass,,,,,3392,True,True,True,True,True,True,2,True,2,,
hsk-old-2-外,2,外,外,wài,outer,finding,P2,definition,outside; outer,Outside is the ordinary location sense.,3410,True,True,True,True,True,True,2,True,2,,
hsk-old-2-大家,2,大家,大家,dà jiā,everyone,no lexical issue identified in this pass,,,,,3428,True,True,True,True,True,True,2,True,2,,
hsk-old-2-女人,2,女人,女人,nǚ rén,woman,no lexical issue identified in this pass,,,,,3446,True,True,True,True,True,True,2,False,,,
hsk-old-2-好吃,2,好吃,好吃,hǎo chī,tasty,no lexical issue identified in this pass,,,,,3461,True,True,True,True,True,True,2,True,2,,
hsk-old-2-妹妹,2,妹妹,妹妹,mèi mei,younger sister,no lexical issue identified in this pass,,,,,3477,True,True,True,True,True,True,2,True,2,,
hsk-old-2-妻子,2,妻子,妻子,qī zi,wife,no lexical issue identified in this pass,,,,,3493,True,True,True,True,True,True,2,True,2,,
hsk-old-2-姐姐,2,姐姐,姐姐,jiě jie,older sister,no lexical issue identified in this pass,,,,,3508,True,True,True,True,True,True,2,True,2,,
hsk-old-2-姓,2,姓,姓,xìng,surname,no lexical issue identified in this pass,,,,,3523,True,True,True,True,True,True,2,True,2,,
hsk-old-2-孩子,2,孩子,孩子,hái zi,child,no lexical issue identified in this pass,,,,,3541,True,True,True,True,True,True,2,True,2,,
hsk-old-2-它,2,它,它,tā,it,no lexical issue identified in this pass,,,,,3556,True,True,True,True,True,True,2,True,2,,
hsk-old-2-完,2,完,完,wán,to finish,no lexical issue identified in this pass,,,,,3571,True,True,True,True,True,True,2,True,2,,
hsk-old-2-小时,2,小时,小時,xiǎo shí,hour,no lexical issue identified in this pass,,,,,3590,True,True,True,True,True,True,2,True,2,,
hsk-old-2-就,2,就,就,jiù,then,no lexical issue identified in this pass,,,,,3606,True,True,True,True,True,True,2,True,2,,
hsk-old-2-左边,2,左边,左邊,zuǒ bian,the left side,no lexical issue identified in this pass,,,,,3635,True,True,True,True,True,True,2,True,2,,
hsk-old-2-已经,2,已经,已經,yǐ jīng,already,no lexical issue identified in this pass,,,,,3652,True,True,True,True,True,True,2,True,2,,
hsk-old-2-希望,2,希望,希望,xī wàng,to hope,no lexical issue identified in this pass,,,,,3667,True,True,True,True,True,True,2,True,2,,
hsk-old-2-帮助,2,帮助,幫助,bāng zhù,help,no lexical issue identified in this pass,,,,,3685,True,True,True,True,True,True,2,True,2,,
hsk-old-2-开始,2,开始,開始,kāi shǐ,begin,no lexical issue identified in this pass,,,,,3702,True,True,True,True,True,True,2,True,2,,
hsk-old-2-弟弟,2,弟弟,弟弟,dì di,younger brother,no lexical issue identified in this pass,,,,,3721,True,True,True,True,True,True,2,True,2,,
hsk-old-2-张,2,张,張,zhāng,classifier for flat objects,no lexical issue identified in this pass,,,,,3736,True,True,True,True,True,True,2,True,3,personal-name POS appears on a common-word reading; review sense-specific tags,
hsk-old-2-得,2,得,得,de,complement particle,no lexical issue identified in this pass,,,,,3758,True,True,True,True,True,True,2,True,2,,
hsk-old-2-忙,2,忙,忙,máng,busy,no lexical issue identified in this pass,,,,,3774,True,True,True,True,True,True,2,True,2,,
hsk-old-2-快,2,快,快,kuài,fast,no lexical issue identified in this pass,,,,,3796,True,True,True,True,True,True,2,True,2,,
hsk-old-2-快乐,2,快乐,快樂,kuài lè,happy,no lexical issue identified in this pass,,,,,3826,True,True,True,True,True,True,2,True,2,,
hsk-old-2-您,2,您,您,nín,you (polite),no lexical issue identified in this pass,,,,,3842,True,True,True,True,True,True,2,True,2,,
hsk-old-2-意思,2,意思,意思,yì si,meaning,no lexical issue identified in this pass,,,,,3857,True,True,True,True,True,True,2,True,2,,
hsk-old-2-慢,2,慢,慢,màn,slow,no lexical issue identified in this pass,,,,,3882,True,True,True,True,True,True,2,True,2,,
hsk-old-2-懂,2,懂,懂,dǒng,understand,no lexical issue identified in this pass,,,,,3898,True,True,True,True,True,True,2,True,2,,
hsk-old-2-房间,2,房间,房間,fáng jiān,room,no lexical issue identified in this pass,,,,,3914,True,True,True,True,True,True,2,True,2,,
hsk-old-2-所以,2,所以,所以,suǒ yǐ,so,no lexical issue identified in this pass,,,,,3929,True,True,True,True,True,True,2,True,2,,
hsk-old-2-手机,2,手机,手機,shǒu jī,mobile (cell) phone,no lexical issue identified in this pass,,,,,3947,True,True,True,True,True,True,2,True,2,,
hsk-old-2-手表,2,手表,手錶,shǒu biǎo,wristwatch,no lexical issue identified in this pass,,,,,3963,True,True,True,True,True,True,2,True,2,,
hsk-old-2-打篮球,2,打篮球,打籃球,dǎ lán qiú,play basketball,no lexical issue identified in this pass,,,,,3978,True,True,False,False,False,True,2,True,2,no part-of-speech metadata; allowed by the current data contract; phrase or erhua form missing as a standalone current dictionary headword,
hsk-old-2-找,2,找,找,zhǎo,try to find,no lexical issue identified in this pass,,,,,3991,True,True,True,True,True,True,2,True,2,,
hsk-old-2-报纸,2,报纸,報紙,bào zhǐ,newspaper,no lexical issue identified in this pass,,,,,4012,True,True,True,True,True,True,2,True,2,,
hsk-old-2-教室,2,教室,教室,jiào shì,classroom,no lexical issue identified in this pass,,,,,4028,True,True,True,True,True,True,2,True,2,,
hsk-old-2-新,2,新,新,xīn,new,no lexical issue identified in this pass,,,,,4043,True,True,True,True,True,True,2,True,2,,
hsk-old-2-旁边,2,旁边,旁邊,páng biān,"side, beside",no lexical issue identified in this pass,,,,,4062,True,True,True,True,True,True,2,True,2,,
hsk-old-2-旅游,2,旅游,旅遊,lǚ yóu,trip,finding,P2,definition,to travel; tourism,Trip alone hides the action and activity.,4077,True,True,True,True,True,True,2,True,2,,
hsk-old-2-早上,2,早上,早上,zǎo shang,(early) morning,no lexical issue identified in this pass,,,,,4098,True,True,True,True,True,True,2,True,2,,
hsk-old-2-时间,2,时间,時間,shí jiān,time,no lexical issue identified in this pass,,,,,4113,True,True,True,True,True,True,2,True,2,,
hsk-old-2-晚上,2,晚上,晚上,wǎn shang,evening,no lexical issue identified in this pass,,,,,4129,True,True,True,True,True,True,2,True,2,,
hsk-old-2-晴,2,晴,晴,qíng,clear,no lexical issue identified in this pass,,,,,4146,True,True,True,True,True,True,2,True,2,,
hsk-old-2-最,2,最,最,zuì,the most,no lexical issue identified in this pass,,,,,4162,True,True,True,True,True,True,2,True,2,,
hsk-old-2-服务员,2,服务员,服務員,fú wù yuán,waiter/waitress,no lexical issue identified in this pass,,,,,4180,True,True,True,True,True,True,2,True,2,,
hsk-old-2-机场,2,机场,機場,jī chǎng,airport,no lexical issue identified in this pass,,,,,4198,True,True,True,True,True,True,2,True,2,,
hsk-old-2-次,2,次,次,cì,classifier for number of times of occurrence,no lexical issue identified in this pass,,,,,4214,True,True,True,True,True,True,2,True,2,,
hsk-old-2-欢迎,2,欢迎,歡迎,huān yíng,to welcome,no lexical issue identified in this pass,,,,,4243,True,True,True,True,True,True,2,True,3,,
hsk-old-2-正在,2,正在,正在,zhèng zài,in the process of (doing something),no lexical issue identified in this pass,,,,,4260,True,True,True,True,True,True,2,True,2,,
hsk-old-2-每,2,每,每,měi,each,no lexical issue identified in this pass,,,,,4277,True,True,True,True,True,True,2,True,2,,
hsk-old-2-比,2,比,比,bǐ,compare,finding,P2,grammar,than; to compare,Include the comparative construction rather than only a dictionary verb.,4293,True,True,True,True,True,True,2,True,2,,
hsk-old-2-洗,2,洗,洗,xǐ,to wash,no lexical issue identified in this pass,,,,,4315,True,True,True,True,True,True,2,True,2,,
hsk-old-2-游泳,2,游泳,游泳,yóu yǒng,to swim,no lexical issue identified in this pass,,,,,4333,True,True,True,True,True,True,2,True,2,,
hsk-old-2-牛奶,2,牛奶,牛奶,niú nǎi,cow's milk,no lexical issue identified in this pass,,,,,4350,True,True,True,True,True,True,2,True,2,,
hsk-old-2-玩,2,玩,玩,wán,to play,no lexical issue identified in this pass,,,,,4365,True,True,True,True,True,True,2,True,2,,
hsk-old-2-生日,2,生日,生日,shēng rì,birthday,no lexical issue identified in this pass,,,,,4386,True,True,True,True,True,True,2,True,2,,
hsk-old-2-生病,2,生病,生病,shēng bìng,get sick,no lexical issue identified in this pass,,,,,4401,True,True,True,True,True,True,2,True,2,,
hsk-old-2-男人,2,男人,男人,nán rén,a man,no lexical issue identified in this pass,,,,,4416,True,True,True,True,True,True,2,False,,,
hsk-old-2-白,2,白,白,bái,white,no lexical issue identified in this pass,,,,,4433,True,True,True,True,True,True,2,True,2,personal-name POS appears on a common-word reading; review sense-specific tags,
hsk-old-2-百,2,百,百,bǎi,hundred,no lexical issue identified in this pass,,,,,4473,True,True,True,True,True,True,2,True,2,,
hsk-old-2-真,2,真,真,zhēn,real,no lexical issue identified in this pass,,,,,4491,True,True,True,True,True,True,2,True,2,,
hsk-old-2-眼睛,2,眼睛,眼睛,yǎn jing,eye,no lexical issue identified in this pass,,,,,4513,True,True,True,True,True,True,2,True,2,,
hsk-old-2-着,2,着,著,zhe,-ing (indicating action in progress),finding,P2,grammar,particle marking a continuing action or state,Equating it with English -ing is misleading; it also marks enduring states.,4528,True,True,True,True,True,True,2,True,2,,
hsk-old-2-知道,2,知道,知道,zhī dào,know,no lexical issue identified in this pass,,,,,4546,True,True,True,True,True,True,2,True,2,,
hsk-old-2-票,2,票,票,piào,ticket,no lexical issue identified in this pass,,,,,4562,True,True,True,True,True,True,2,True,2,,
hsk-old-2-离,2,离,離,lí,leave,finding,P2,definition,from; away from; to leave,Leave alone omits the distance construction used at this level.,4583,True,True,True,True,True,True,2,True,2,,
hsk-old-2-穿,2,穿,穿,chuān,to wear,no lexical issue identified in this pass,,,,,4606,True,True,True,True,True,True,2,True,2,,
hsk-old-2-笑,2,笑,笑,xiào,to laugh,no lexical issue identified in this pass,,,,,4629,True,True,True,True,True,True,2,True,2,,
hsk-old-2-第一,2,第一,第一,dì yī,first,no lexical issue identified in this pass,,,,,4646,True,True,True,True,True,True,2,True,2,,
hsk-old-2-累,2,累,累,lèi,tired,no lexical issue identified in this pass,,,,,4663,True,True,True,True,True,True,2,True,2,,
hsk-old-2-红,2,红,紅,hóng,red,no lexical issue identified in this pass,,,,,4684,True,True,True,True,True,True,2,True,2,,
hsk-old-2-给,2,给,給,gěi,to give,no lexical issue identified in this pass,,,,,4704,True,True,True,True,True,True,2,True,2,,
hsk-old-2-羊肉,2,羊肉,羊肉,yáng ròu,mutton,no lexical issue identified in this pass,,,,,4729,True,True,True,True,True,True,2,True,2,,
hsk-old-2-考试,2,考试,考試,kǎo shì,test,no lexical issue identified in this pass,,,,,4745,True,True,True,True,True,True,2,True,2,,
hsk-old-2-自行车,2,自行车,自行車,zì xíng chē,bike,no lexical issue identified in this pass,,,,,4762,True,True,True,True,True,True,2,True,3,,
hsk-old-2-船,2,船,船,chuán,a boat,no lexical issue identified in this pass,,,,,4777,True,True,True,True,True,True,2,True,3,,
hsk-old-2-药,2,药,藥,yào,medicine,no lexical issue identified in this pass,,,,,4794,True,True,True,True,True,True,2,True,2,,
hsk-old-2-西瓜,2,西瓜,西瓜,xī guā,watermelon,no lexical issue identified in this pass,,,,,4812,True,True,True,True,True,True,2,True,2,,
hsk-old-2-要,2,要,要,yào,to want,no lexical issue identified in this pass,,,,,4827,True,True,True,True,True,True,2,True,2,,
hsk-old-2-觉得,2,觉得,覺得,jué de,feel,no lexical issue identified in this pass,,,,,4846,True,True,True,True,True,True,2,True,2,,
hsk-old-2-让,2,让,讓,ràng,ask,finding,P2,definition,to let; to allow; to ask someone to,Ask alone obscures the causative and permission uses.,4862,True,True,True,True,True,True,2,True,2,,
hsk-old-2-课,2,课,課,kè,class,no lexical issue identified in this pass,,,,,4882,True,True,True,True,True,True,2,True,2,,
hsk-old-2-贵,2,贵,貴,guì,expensive,no lexical issue identified in this pass,,,,,4903,True,True,True,True,True,True,2,True,2,,
hsk-old-2-走,2,走,走,zǒu,to walk,no lexical issue identified in this pass,,,,,4924,True,True,True,True,True,True,2,True,2,,to run
hsk-old-2-起床,2,起床,起床,qǐ chuáng,get out of bed,no lexical issue identified in this pass,,,,,4950,True,True,True,True,True,True,2,True,2,,
hsk-old-2-跑步,2,跑步,跑步,pǎo bù,to run,no lexical issue identified in this pass,,,,,4966,True,True,True,True,True,True,2,True,2,,
hsk-old-2-路,2,路,路,lù,road,no lexical issue identified in this pass,,,,,4983,True,True,True,True,True,True,2,True,2,,
hsk-old-2-跳舞,2,跳舞,跳舞,tiào wǔ,to dance,no lexical issue identified in this pass,,,,,5003,True,True,True,True,True,True,2,True,2,,
hsk-old-2-踢,2,踢,踢,tī,to kick,no lexical issue identified in this pass,,,,,5019,True,True,True,True,True,True,2,False,,,
hsk-old-2-身体,2,身体,身體,shēn tǐ,health,finding,P2,definition,body; health,Health is valid but omits the concrete body sense.,5036,True,True,True,True,True,True,2,True,2,,
hsk-old-2-运动,2,运动,運動,yùn dòng,(physical) exercise,no lexical issue identified in this pass,,,,,5053,True,True,True,True,True,True,2,True,2,,
hsk-old-2-近,2,近,近,jìn,near,no lexical issue identified in this pass,,,,,5076,True,True,True,True,True,True,2,True,2,,
hsk-old-2-还,2,还,還,hái,still,no lexical issue identified in this pass,,,,,5094,True,True,True,True,True,True,2,True,2,,
hsk-old-2-进,2,进,進,jìn,enter,no lexical issue identified in this pass,,,,,5121,True,True,True,True,True,True,2,True,2,,
hsk-old-2-远,2,远,遠,yuǎn,far,no lexical issue identified in this pass,,,,,5145,True,True,True,True,True,True,2,True,2,,
hsk-old-2-送,2,送,送,sòng,deliver,no lexical issue identified in this pass,,,,,5165,True,True,True,True,True,True,2,True,2,,
hsk-old-2-错,2,错,錯,cuò,mistake,no lexical issue identified in this pass,,,,,5183,True,True,True,True,True,True,2,True,2,,
hsk-old-2-长,2,长,長,cháng,long,no lexical issue identified in this pass,,,,,5211,True,True,True,True,True,True,2,True,2,,
hsk-old-2-门,2,门,門,mén,door,no lexical issue identified in this pass,,,,,5233,True,True,True,True,True,True,2,True,2,,
hsk-old-2-问,2,问,問,wèn,ask,no lexical issue identified in this pass,,,,,5267,True,True,True,True,True,True,2,True,2,,
hsk-old-2-问题,2,问题,問題,wèn tí,question,no lexical issue identified in this pass,,,,,5284,True,True,True,True,True,True,2,True,2,,
hsk-old-2-阴,2,阴,陰,yīn,cloudy (weather),no lexical issue identified in this pass,,,,,5302,True,True,True,True,True,True,2,True,2,,
hsk-old-2-雪,2,雪,雪,xuě,snow,no lexical issue identified in this pass,,,,,5329,True,True,True,True,True,True,2,True,2,,
hsk-old-2-非常,2,非常,非常,fēi cháng,extremely,no lexical issue identified in this pass,,,,,5345,True,True,True,True,True,True,2,True,2,,
hsk-old-2-题,2,题,題,tí,topic,finding,P2,definition,question; problem; topic,Topic alone misses the exercise or exam question sense.,5362,True,True,True,True,True,True,2,True,2,,
hsk-old-2-颜色,2,颜色,顏色,yán sè,color,no lexical issue identified in this pass,,,,,5383,True,True,True,True,True,True,2,True,2,,
hsk-old-2-高,2,高,高,gāo,high,no lexical issue identified in this pass,,,,,5403,True,True,True,True,True,True,2,True,2,,
hsk-old-2-鱼,2,鱼,魚,yú,fish,no lexical issue identified in this pass,,,,,5425,True,True,True,True,True,True,2,True,2,,
hsk-old-2-鸡蛋,2,鸡蛋,雞蛋,jī dàn,(chicken) egg,no lexical issue identified in this pass,,,,,5440,True,True,True,True,True,True,2,True,2,,
hsk-old-2-黑,2,黑,黑,hēi,black,no lexical issue identified in this pass,,,,,5456,True,True,True,True,True,True,2,True,2,,
hsk-old-3-一会儿,3,一会儿,一會兒,yī huì r,a while,no lexical issue identified in this pass,,,,,5481,True,True,True,True,True,True,3,True,3,,
hsk-old-3-一共,3,一共,一共,yī gòng,altogether,no lexical issue identified in this pass,,,,,5500,True,True,True,True,True,True,3,True,3,,
hsk-old-3-一定,3,一定,一定,yī dìng,surely,no lexical issue identified in this pass,,,,,5515,True,True,True,True,True,True,3,True,3,,
hsk-old-3-一样,3,一样,一樣,yī yàng,the same,no lexical issue identified in this pass,,,,,5538,True,True,True,True,True,True,3,True,3,,
hsk-old-3-一直,3,一直,一直,yī zhí,always,no lexical issue identified in this pass,,,,,5559,True,True,True,True,True,True,3,True,3,,
hsk-old-3-一般,3,一般,一般,yī bān,general,no lexical issue identified in this pass,,,,,5575,True,True,True,True,True,True,3,True,3,,
hsk-old-3-一边,3,一边,一邊,yī biān,one side,no lexical issue identified in this pass,,,,,5598,True,True,True,True,True,True,3,True,3,,
hsk-old-3-万,3,万,萬,wàn,ten thousand,no lexical issue identified in this pass,,,,,5618,True,True,True,True,True,True,3,True,3,,
hsk-old-3-上网,3,上网,上網,shàng wǎng,to surf the web,no lexical issue identified in this pass,,,,,5635,True,True,True,True,True,True,3,True,3,,
hsk-old-3-世界,3,世界,世界,shì jiè,world,no lexical issue identified in this pass,,,,,5654,True,True,True,True,True,True,3,True,3,,
hsk-old-3-东,3,东,東,dōng,East,no lexical issue identified in this pass,,,,,5669,True,True,True,True,True,True,3,True,3,,
hsk-old-3-中间,3,中间,中間,zhōng jiān,center,no lexical issue identified in this pass,,,,,5687,True,True,True,True,True,True,3,True,3,,
hsk-old-3-为了,3,为了,為了,wèi le,in order to,no lexical issue identified in this pass,,,,,5704,True,True,True,True,True,True,3,True,3,,
hsk-old-3-为什么,3,为什么,為什麼,wèi shén me,why?,no lexical issue identified in this pass,,,,,5720,True,True,True,True,True,True,3,True,2,,
hsk-old-3-主要,3,主要,主要,zhǔ yào,main,no lexical issue identified in this pass,,,,,5736,True,True,True,True,True,True,3,True,3,,
hsk-old-3-举行,3,举行,舉行,jǔ xíng,convene,no lexical issue identified in this pass,,,,,5755,True,True,True,True,True,True,3,True,4,,
hsk-old-3-久,3,久,久,jiǔ,long (time),no lexical issue identified in this pass,,,,,5770,True,True,True,True,True,True,3,True,3,,
hsk-old-3-习惯,3,习惯,習慣,xí guàn,habit,no lexical issue identified in this pass,,,,,5788,True,True,True,True,True,True,3,True,3,,
hsk-old-3-了解,3,了解,了解,liǎo jiě,comprehend,no lexical issue identified in this pass,,,,,5807,True,True,True,True,True,True,3,True,3,,
hsk-old-3-云,3,云,雲,yún,cloud,no lexical issue identified in this pass,,,,,5825,True,True,True,True,True,True,3,True,4,,
hsk-old-3-以为,3,以为,以為,yǐ wéi,think (mistakenly),no lexical issue identified in this pass,,,,,5842,True,True,True,True,True,True,3,True,4,,
hsk-old-3-以前,3,以前,以前,yǐ qián,before,no lexical issue identified in this pass,,,,,5857,True,True,True,True,True,True,3,True,3,,
hsk-old-3-以后,3,以后,以後,yǐ hòu,after,no lexical issue identified in this pass,,,,,5875,True,True,True,True,True,True,3,False,,,
hsk-old-3-会议,3,会议,會議,huì yì,meeting,no lexical issue identified in this pass,,,,,5895,True,True,True,True,True,True,3,True,3,,
hsk-old-3-伞,3,伞,傘,sǎn,umbrella,no lexical issue identified in this pass,,,,,5911,True,True,True,True,True,True,3,True,3,,
hsk-old-3-位,3,位,位,wèi,position,finding,P2,definition,polite classifier for people; position,The classifier use is central to elementary Mandarin.,5927,True,True,True,True,True,True,3,True,3,,
hsk-old-3-低,3,低,低,dī,low,no lexical issue identified in this pass,,,,,5949,True,True,True,True,True,True,3,True,4,,
hsk-old-3-体育,3,体育,體育,tǐ yù,physical training,no lexical issue identified in this pass,,,,,5971,True,True,True,True,True,True,3,True,3,,
hsk-old-3-作业,3,作业,作業,zuò yè,school assignment,no lexical issue identified in this pass,,,,,5987,True,True,True,True,True,True,3,True,3,,
hsk-old-3-作用,3,作用,作用,zuò yòng,action,finding,P2,definition,effect; function; role,Action is too broad to distinguish this word from 行动 or 动作.,6009,True,True,True,True,True,True,3,True,4,,
hsk-old-3-使,3,使,使,shǐ,to use,finding,P2,definition,to make; to cause; to use,To use misses the common causative function.,6035,True,True,True,True,True,True,3,True,4,,
hsk-old-3-信,3,信,信,xìn,letter,no lexical issue identified in this pass,,,,,6058,True,True,True,True,True,True,3,False,,,
hsk-old-3-借,3,借,借,jiè,lend,finding,P2,definition,to borrow; to lend,Mandarin covers both directions; lend alone is incomplete.,6083,True,True,True,True,True,True,3,True,3,,
hsk-old-3-健康,3,健康,健康,jiàn kāng,health,no lexical issue identified in this pass,,,,,6102,True,True,True,True,True,True,3,True,3,,
hsk-old-3-像,3,像,像,xiàng,be like,no lexical issue identified in this pass,,,,,6120,True,True,True,True,True,True,3,True,3,,
hsk-old-3-先,3,先,先,xiān,first,no lexical issue identified in this pass,,,,,6145,True,True,True,True,True,True,3,True,3,,
hsk-old-3-公园,3,公园,公園,gōng yuán,public park,no lexical issue identified in this pass,,,,,6165,True,True,True,True,True,True,3,True,3,,
hsk-old-3-关,3,关,關,guān,to close,no lexical issue identified in this pass,,,,,6180,True,True,True,True,True,True,3,True,3,personal-name POS appears on a common-word reading; review sense-specific tags,
hsk-old-3-关于,3,关于,關於,guān yú,about,no lexical issue identified in this pass,,,,,6200,True,True,True,True,True,True,3,True,3,,
hsk-old-3-关心,3,关心,關心,guān xīn,concerned about/with,no lexical issue identified in this pass,,,,,6219,True,True,True,True,True,True,3,True,3,,
hsk-old-3-关系,3,关系,關係,guān xi,relation,no lexical issue identified in this pass,,,,,6236,True,True,True,True,True,True,3,True,3,,
hsk-old-3-兴趣,3,兴趣,興趣,xìng qù,interest (desire to know about sth),no lexical issue identified in this pass,,,,,6257,True,True,True,True,True,True,3,False,,,
hsk-old-3-其他,3,其他,其他,qí tā,other,no lexical issue identified in this pass,,,,,6273,True,True,True,True,True,True,3,True,3,,
hsk-old-3-其实,3,其实,其實,qí shí,actually,no lexical issue identified in this pass,,,,,6290,True,True,True,True,True,True,3,True,3,,
hsk-old-3-冬,3,冬,冬,dōng,winter,no lexical issue identified in this pass,,,,,6305,True,True,True,True,True,True,3,True,3,,
hsk-old-3-冰箱,3,冰箱,冰箱,bīng xiāng,refrigerator,no lexical issue identified in this pass,,,,,6320,True,True,True,True,True,True,3,True,3,,
hsk-old-3-决定,3,决定,決定,jué dìng,decide,no lexical issue identified in this pass,,,,,6337,True,True,True,True,True,True,3,True,3,,
hsk-old-3-几乎,3,几乎,幾乎,jī hū,almost,no lexical issue identified in this pass,,,,,6356,True,True,True,True,True,True,3,True,3,,
hsk-old-3-出现,3,出现,出現,chū xiàn,appear,no lexical issue identified in this pass,,,,,6371,True,True,True,True,True,True,3,True,4,,
hsk-old-3-分,3,分,分,fēn,divide,no lexical issue identified in this pass,,,,,6390,True,True,True,True,True,True,3,True,3,,
hsk-old-3-刚才,3,刚才,剛才,gāng cái,just now,no lexical issue identified in this pass,,,,,6420,True,True,True,True,True,True,3,True,3,,
hsk-old-3-别人,3,别人,別人,bié ren,other people,no lexical issue identified in this pass,,,,,6436,True,True,True,True,True,True,3,True,3,,
hsk-old-3-刮,3,刮,刮,guā,to scrape,no lexical issue identified in this pass,,,,,6451,True,True,True,True,True,True,3,False,,,
hsk-old-3-刷,3,刷,刷,shuā,to brush,no lexical issue identified in this pass,,,,,6470,True,True,True,True,True,True,3,False,,,
hsk-old-3-刻,3,刻,刻,kè,quarter (hour),no lexical issue identified in this pass,,,,,6491,True,True,True,True,True,True,3,True,3,,
hsk-old-3-办公室,3,办公室,辦公室,bàn gōng shì,office,no lexical issue identified in this pass,,,,,6513,True,True,True,True,True,True,3,True,3,,
hsk-old-3-办法,3,办法,辦法,bàn fǎ,method,no lexical issue identified in this pass,,,,,6530,True,True,True,True,True,True,3,True,3,,
hsk-old-3-动物,3,动物,動物,dòng wù,animal,no lexical issue identified in this pass,,,,,6547,True,True,True,True,True,True,3,True,3,,
hsk-old-3-努力,3,努力,努力,nǔ lì,to work hard,no lexical issue identified in this pass,,,,,6562,True,True,True,True,True,True,3,True,3,,
hsk-old-3-包,3,包,包,bāo,to cover,finding,P2,definition,bag; package; to wrap,To cover alone obscures the common object and wrapping senses.,6580,True,True,True,True,True,True,3,True,3,,
hsk-old-3-北方,3,北方,北方,běi fāng,north,no lexical issue identified in this pass,,,,,6609,True,True,True,True,True,True,3,True,3,,
hsk-old-3-半,3,半,半,bàn,half,no lexical issue identified in this pass,,,,,6627,True,True,True,True,True,True,3,True,3,,
hsk-old-3-南,3,南,南,nán,South,no lexical issue identified in this pass,,,,,6645,True,True,True,True,True,True,3,True,3,,
hsk-old-3-历史,3,历史,歷史,lì shǐ,history,no lexical issue identified in this pass,,,,,6661,True,True,True,True,True,True,3,True,3,,
hsk-old-3-厨房,3,厨房,廚房,chú fáng,kitchen,no lexical issue identified in this pass,,,,,6676,True,True,True,True,True,True,3,True,4,,
hsk-old-3-参加,3,参加,參加,cān jiā,participate,no lexical issue identified in this pass,,,,,6691,True,True,True,True,True,True,3,True,3,,
hsk-old-3-又,3,又,又,yòu,(once) again,no lexical issue identified in this pass,,,,,6708,True,True,True,True,True,True,3,True,3,,
hsk-old-3-双,3,双,雙,shuāng,two,finding,P2,definition,pair; classifier for paired things,Two alone misses the paired-item classifier use.,6728,True,True,True,True,True,True,3,True,3,,
hsk-old-3-发烧,3,发烧,發燒,fā shāo,have a fever,no lexical issue identified in this pass,,,,,6748,True,True,True,True,True,True,3,True,3,,
hsk-old-3-发现,3,发现,發現,fā xiàn,discover,no lexical issue identified in this pass,,,,,6766,True,True,True,True,True,True,3,True,3,,
hsk-old-3-叔叔,3,叔叔,叔叔,shū shu,(informal) father's younger brother,no lexical issue identified in this pass,,,,,6784,True,True,True,True,True,True,3,True,3,,
hsk-old-3-变化,3,变化,變化,biàn huà,change,no lexical issue identified in this pass,,,,,6801,True,True,True,True,True,True,3,True,3,,
hsk-old-3-口,3,口,口,kǒu,mouth,no lexical issue identified in this pass,,,,,6818,True,True,True,True,True,True,3,True,3,,
hsk-old-3-句子,3,句子,句子,jù zi,sentence,no lexical issue identified in this pass,,,,,6836,True,True,True,True,True,True,3,True,3,,
hsk-old-3-只,3,只,只,zhǐ,only,no lexical issue identified in this pass,,,,,6851,True,True,True,True,True,True,3,True,3,,
hsk-old-3-可爱,3,可爱,可愛,kě ài,cute,no lexical issue identified in this pass,,,,,6870,True,True,True,True,True,True,3,True,3,,
hsk-old-3-司机,3,司机,司機,sī jī,driver,no lexical issue identified in this pass,,,,,6887,True,True,True,True,True,True,3,True,3,,
hsk-old-3-同事,3,同事,同事,tóng shì,colleague,no lexical issue identified in this pass,,,,,6902,True,True,True,True,True,True,3,True,3,,
hsk-old-3-同意,3,同意,同意,tóng yì,agree,no lexical issue identified in this pass,,,,,6917,True,True,True,True,True,True,3,True,3,,
hsk-old-3-周末,3,周末,週末,zhōu mò,weekend,no lexical issue identified in this pass,,,,,6935,True,True,True,True,True,True,3,True,3,,
hsk-old-3-哭,3,哭,哭,kū,cry,no lexical issue identified in this pass,,,,,6950,True,True,True,True,True,True,3,True,3,,
hsk-old-3-啊,3,啊,啊,a,ah,no lexical issue identified in this pass,,,,,6965,True,True,True,True,True,True,3,True,3,,
hsk-old-3-啤酒,3,啤酒,啤酒,pí jiǔ,beer,no lexical issue identified in this pass,,,,,6981,True,True,True,True,True,True,3,True,3,,
hsk-old-3-国家,3,国家,國家,guó jiā,country,no lexical issue identified in this pass,,,,,6996,True,True,True,True,True,True,3,True,3,,
hsk-old-3-图书馆,3,图书馆,圖書館,tú shū guǎn,library,no lexical issue identified in this pass,,,,,7011,True,True,True,True,True,True,3,True,3,,
hsk-old-3-地,3,地,地,de,adverbial particle,no lexical issue identified in this pass,,,,,7026,True,True,True,True,True,True,3,True,3,,
hsk-old-3-地图,3,地图,地圖,dì tú,map,no lexical issue identified in this pass,,,,,7043,True,True,True,True,True,True,3,True,3,,
hsk-old-3-地方,3,地方,地方,dì fang,place,no lexical issue identified in this pass,,,,,7058,True,True,True,True,True,True,3,True,3,,
hsk-old-3-地铁,3,地铁,地鐵,dì tiě,subway,no lexical issue identified in this pass,,,,,7077,True,True,True,True,True,True,3,True,3,,
hsk-old-3-坏,3,坏,壞,huài,bad,no lexical issue identified in this pass,,,,,7093,True,True,True,True,True,True,3,True,3,,
hsk-old-3-城市,3,城市,城市,chéng shì,city or town,no lexical issue identified in this pass,,,,,7113,True,True,True,True,True,True,3,True,3,,
hsk-old-3-声音,3,声音,聲音,shēng yīn,sound,no lexical issue identified in this pass,,,,,7128,True,True,True,True,True,True,3,True,3,,
hsk-old-3-复习,3,复习,復習,fù xí,revise,finding,P2,definition,to review study material; to revise for an exam,Revise can be misread as editing text; specify the study context.,7144,True,True,True,True,True,True,3,True,3,,
hsk-old-3-夏,3,夏,夏,xià,summer,no lexical issue identified in this pass,,,,,7161,True,True,True,True,True,True,3,True,3,personal-name POS appears on a common-word reading; review sense-specific tags,
hsk-old-3-多么,3,多么,多麼,duō me,"how (wonderful, etc.)",no lexical issue identified in this pass,,,,,7178,True,True,True,True,True,True,3,True,3,,
hsk-old-3-太阳,3,太阳,太陽,tài yang,the sun,no lexical issue identified in this pass,,,,,7198,True,True,True,True,True,True,3,True,3,,
hsk-old-3-头发,3,头发,頭髮,tóu fa,hair (on the head),no lexical issue identified in this pass,,,,,7214,True,True,True,True,True,True,3,True,3,,
hsk-old-3-奇怪,3,奇怪,奇怪,qí guài,strange,no lexical issue identified in this pass,,,,,7229,True,True,True,True,True,True,3,True,3,,
hsk-old-3-奶奶,3,奶奶,奶奶,nǎi nai,grandma,no lexical issue identified in this pass,,,,,7248,True,True,True,True,True,True,3,True,3,,
hsk-old-3-如果,3,如果,如果,rú guǒ,if,no lexical issue identified in this pass,,,,,7266,True,True,True,True,True,True,3,True,3,,
hsk-old-3-字典,3,字典,字典,zì diǎn,dictionary,no lexical issue identified in this pass,,,,,7284,True,True,True,True,True,True,3,False,,,
hsk-old-3-季节,3,季节,季節,jì jié,season,no lexical issue identified in this pass,,,,,7300,True,True,True,True,True,True,3,True,3,,
hsk-old-3-安静,3,安静,安靜,ān jìng,quiet,no lexical issue identified in this pass,,,,,7317,True,True,True,True,True,True,3,True,3,,
hsk-old-3-完成,3,完成,完成,wán chéng,to complete,no lexical issue identified in this pass,,,,,7334,True,True,True,True,True,True,3,True,3,,
hsk-old-3-客人,3,客人,客人,kè rén,guest,no lexical issue identified in this pass,,,,,7350,True,True,True,True,True,True,3,True,3,,
hsk-old-3-害怕,3,害怕,害怕,hài pà,afraid of,no lexical issue identified in this pass,,,,,7368,True,True,True,True,True,True,3,True,3,,
hsk-old-3-容易,3,容易,容易,róng yì,easy,no lexical issue identified in this pass,,,,,7385,True,True,True,True,True,True,3,True,3,,
hsk-old-3-宾馆,3,宾馆,賓館,bīn guǎn,guesthouse,finding,P2,definition,hotel; guesthouse,Hotel is the common accommodation meaning.,7402,True,True,True,True,True,True,3,True,2,,
hsk-old-3-小心,3,小心,小心,xiǎo xīn,be careful,no lexical issue identified in this pass,,,,,7419,True,True,True,True,True,True,3,True,3,,
hsk-old-3-层,3,层,層,céng,"classifier for layers, floors of buildings",no lexical issue identified in this pass,,,,,7437,True,True,True,True,True,True,3,True,3,,
hsk-old-3-差,3,差,差,chà,differ from,finding,P2,definition,poor; not good; to differ,Differ from alone loses the adjective use.,7457,True,True,True,True,True,True,3,True,3,,
hsk-old-3-带,3,带,帶,dài,band,finding,P2,definition,to bring; to take along; belt,Band is valid but omits the essential verb used with objects and people.,7478,True,True,True,True,True,True,3,True,3,,
hsk-old-3-帮忙,3,帮忙,幫忙,bāng máng,to help,no lexical issue identified in this pass,,,,,7508,True,True,True,True,True,True,3,True,3,,
hsk-old-3-帽子,3,帽子,帽子,mào zi,hat,no lexical issue identified in this pass,,,,,7527,True,True,True,True,True,True,3,True,3,,
hsk-old-3-干净,3,干净,乾淨,gān jìng,clean,no lexical issue identified in this pass,,,,,7545,True,True,True,True,True,True,3,True,3,,
hsk-old-3-年级,3,年级,年級,nián jí,grade,no lexical issue identified in this pass,,,,,7562,True,True,True,True,True,True,3,True,3,,
hsk-old-3-年轻,3,年轻,年輕,nián qīng,young,no lexical issue identified in this pass,,,,,7578,True,True,True,True,True,True,3,True,3,,
hsk-old-3-应该,3,应该,應該,yīng gāi,should,no lexical issue identified in this pass,,,,,7593,True,True,True,True,True,True,3,True,3,,
hsk-old-3-当然,3,当然,當然,dāng rán,of course,no lexical issue identified in this pass,,,,,7610,True,True,True,True,True,True,3,True,3,,
hsk-old-3-影响,3,影响,影響,yǐng xiǎng,influence,no lexical issue identified in this pass,,,,,7630,True,True,True,True,True,True,3,True,3,,
hsk-old-3-必须,3,必须,必須,bì xū,must,no lexical issue identified in this pass,,,,,7650,True,True,True,True,True,True,3,True,3,,
hsk-old-3-忘记,3,忘记,忘記,wàng jì,forget,no lexical issue identified in this pass,,,,,7668,True,True,True,True,True,True,3,True,3,,
hsk-old-3-总是,3,总是,總是,zǒng shì,always,no lexical issue identified in this pass,,,,,7683,True,True,True,True,True,True,3,True,3,,
hsk-old-3-感冒,3,感冒,感冒,gǎn mào,catch cold,no lexical issue identified in this pass,,,,,7699,True,True,True,True,True,True,3,True,3,,
hsk-old-3-愿意,3,愿意,願意,yuàn yì,be willing,no lexical issue identified in this pass,,,,,7719,True,True,True,True,True,True,3,True,3,,
hsk-old-3-成绩,3,成绩,成績,chéng jì,achievement,finding,P2,definition,grades; results; achievement,Achievement alone misses the standard school context.,7737,True,True,True,True,True,True,3,True,3,,
hsk-old-3-或者,3,或者,或者,huò zhě,or,no lexical issue identified in this pass,,,,,7754,True,True,True,True,True,True,3,True,3,,
hsk-old-3-才,3,才,才,cái,ability,finding,P2,grammar,only; only then; just,Ability is a bound noun sense and hides the common adverb.,7771,True,True,True,True,True,True,3,True,3,,
hsk-old-3-打扫,3,打扫,打掃,dǎ sǎo,to clean,no lexical issue identified in this pass,,,,,7793,True,True,True,True,True,True,3,True,3,,
hsk-old-3-打算,3,打算,打算,dǎ suàn,to plan,no lexical issue identified in this pass,,,,,7809,True,True,True,True,True,True,3,True,3,,
hsk-old-3-把,3,把,把,bǎ,classifier for things with handles,finding,P2,grammar,object-marking particle; classifier for handled objects,The classifier gloss is valid but leaves out the central 把 construction.,7831,True,True,True,True,True,True,3,True,3,,
hsk-old-3-护照,3,护照,護照,hù zhào,passport,no lexical issue identified in this pass,,,,,7854,True,True,True,True,True,True,3,True,3,,
hsk-old-3-担心,3,担心,擔心,dān xīn,to worry,no lexical issue identified in this pass,,,,,7869,True,True,True,True,True,True,3,True,3,,
hsk-old-3-拿,3,拿,拿,ná,carry in your hand,finding,P2,definition,to take; to hold,Carry in your hand is unnecessarily restrictive.,7889,True,True,True,True,True,True,3,True,3,,
hsk-old-3-换,3,换,換,huàn,change,no lexical issue identified in this pass,,,,,7909,True,True,True,True,True,True,3,True,3,,
hsk-old-3-接,3,接,接,jiē,connect,no lexical issue identified in this pass,,,,,7928,True,True,True,True,True,True,3,True,3,,
hsk-old-3-提高,3,提高,提高,tí gāo,to raise,no lexical issue identified in this pass,,,,,7951,True,True,True,True,True,True,3,True,3,,
hsk-old-3-搬,3,搬,搬,bān,to move,no lexical issue identified in this pass,,,,,7969,True,True,True,True,True,True,3,True,3,,
hsk-old-3-放,3,放,放,fàng,put,no lexical issue identified in this pass,,,,,7987,True,True,True,True,True,True,3,True,3,,
hsk-old-3-放心,3,放心,放心,fàng xīn,relax,no lexical issue identified in this pass,,,,,8008,True,True,True,True,True,True,3,True,3,,
hsk-old-3-故事,3,故事,故事,gù shi,story,no lexical issue identified in this pass,,,,,8026,True,True,True,True,True,True,3,True,3,,
hsk-old-3-教,3,教,教,jiāo,teach,no lexical issue identified in this pass,,,,,8041,True,True,True,True,True,True,3,True,3,,
hsk-old-3-敢,3,敢,敢,gǎn,to dare,no lexical issue identified in this pass,,,,,8057,True,True,True,True,True,True,3,True,4,,
hsk-old-3-数学,3,数学,數學,shù xué,mathematics,no lexical issue identified in this pass,,,,,8075,True,True,True,True,True,True,3,True,3,,
hsk-old-3-文化,3,文化,文化,wén huà,culture,no lexical issue identified in this pass,,,,,8091,True,True,True,True,True,True,3,True,3,,
hsk-old-3-新闻,3,新闻,新聞,xīn wén,news,no lexical issue identified in this pass,,,,,8108,True,True,True,True,True,True,3,True,3,,
hsk-old-3-新鲜,3,新鲜,新鮮,xīn xiān,"fresh (experience, food, etc.)",no lexical issue identified in this pass,,,,,8123,True,True,True,True,True,True,3,True,3,,
hsk-old-3-方便,3,方便,方便,fāng biàn,convenient,no lexical issue identified in this pass,,,,,8141,True,True,True,True,True,True,3,True,3,,
hsk-old-3-旧,3,旧,舊,jiù,old,no lexical issue identified in this pass,,,,,8163,True,True,True,True,True,True,3,True,3,,
hsk-old-3-明白,3,明白,明白,míng bai,clear,no lexical issue identified in this pass,,,,,8182,True,True,True,True,True,True,3,True,3,,
hsk-old-3-春,3,春,春,chūn,spring (season),no lexical issue identified in this pass,,,,,8203,True,True,True,True,True,True,3,True,3,,
hsk-old-3-普通话,3,普通话,普通話,pǔ tōng huà,Mandarin (common language),no lexical issue identified in this pass,,,,,8224,True,True,True,True,True,True,3,True,4,,
hsk-old-3-更,3,更,更,gèng,more,no lexical issue identified in this pass,,,,,8241,True,True,True,True,True,True,3,True,3,,
hsk-old-3-最近,3,最近,最近,zuì jìn,recently,no lexical issue identified in this pass,,,,,8260,True,True,True,True,True,True,3,True,3,,
hsk-old-3-月亮,3,月亮,月亮,yuè liang,the moon,no lexical issue identified in this pass,,,,,8277,True,True,True,True,True,True,3,True,3,,
hsk-old-3-有名,3,有名,有名,yǒu míng,famous,no lexical issue identified in this pass,,,,,8292,True,True,True,True,True,True,3,True,3,,
hsk-old-3-机会,3,机会,機會,jī huì,opportunity,no lexical issue identified in this pass,,,,,8308,True,True,True,True,True,True,3,True,3,,
hsk-old-3-条,3,条,條,tiáo,strip,finding,P2,definition,classifier for long or narrow things; strip,Strip alone misses its productive classifier use.,8325,True,True,True,True,True,True,3,True,3,,
hsk-old-3-极,3,极,極,jí,an extreme,no lexical issue identified in this pass,,,,,8344,True,True,True,True,True,True,3,True,3,,
hsk-old-3-果汁,3,果汁,果汁,guǒ zhī,fruit juice,no lexical issue identified in this pass,,,,,8363,True,True,True,True,True,True,3,True,4,,
hsk-old-3-树,3,树,樹,shù,tree,no lexical issue identified in this pass,,,,,8378,True,True,True,True,True,True,3,True,3,,
hsk-old-3-校长,3,校长,校長,xiào zhǎng,"principal (of school, college or university)",no lexical issue identified in this pass,,,,,8396,True,True,True,True,True,True,3,True,3,,
hsk-old-3-根据,3,根据,根據,gēn jù,according to,no lexical issue identified in this pass,,,,,8412,True,True,True,True,True,True,3,True,3,,
hsk-old-3-检查,3,检查,檢查,jiǎn chá,to check,no lexical issue identified in this pass,,,,,8432,True,True,True,True,True,True,3,True,3,,
hsk-old-3-楼,3,楼,樓,lóu,story,finding,P2,definition,building; floor; storey,Story is an ambiguous English spelling and omits building.,8450,True,True,True,True,True,True,3,True,3,,
hsk-old-3-段,3,段,段,duàn,paragraph,finding,P2,definition,section; stretch; paragraph,Paragraph alone is too narrow.,8467,True,True,True,True,True,True,3,True,3,,
hsk-old-3-比赛,3,比赛,比賽,bǐ sài,(sports) match,no lexical issue identified in this pass,,,,,8487,True,True,True,True,True,True,3,True,3,,
hsk-old-3-比较,3,比较,比較,bǐ jiào,compare,no lexical issue identified in this pass,,,,,8505,True,True,True,True,True,True,3,True,3,,
hsk-old-3-水平,3,水平,水平,shuǐ píng,level,no lexical issue identified in this pass,,,,,8527,True,True,True,True,True,True,3,True,3,,
hsk-old-3-河,3,河,河,hé,river,no lexical issue identified in this pass,,,,,8544,True,True,True,True,True,True,3,False,,,
hsk-old-3-注意,3,注意,注意,zhù yì,pay attention to,no lexical issue identified in this pass,,,,,8559,True,True,True,True,True,True,3,True,3,,
hsk-old-3-洗手间,3,洗手间,洗手間,xǐ shǒu jiān,toilet,no lexical issue identified in this pass,,,,,8575,True,True,True,True,True,True,3,True,3,,
hsk-old-3-洗澡,3,洗澡,洗澡,xǐ zǎo,bathe,no lexical issue identified in this pass,,,,,8592,True,True,True,True,True,True,3,True,3,,
hsk-old-3-清楚,3,清楚,清楚,qīng chu,clear,no lexical issue identified in this pass,,,,,8609,True,True,True,True,True,True,3,True,3,,
hsk-old-3-渴,3,渴,渴,kě,thirsty,no lexical issue identified in this pass,,,,,8629,True,True,True,True,True,True,3,True,3,,
hsk-old-3-游戏,3,游戏,遊戲,yóu xì,game,no lexical issue identified in this pass,,,,,8645,True,True,True,True,True,True,3,True,3,,
hsk-old-3-满意,3,满意,滿意,mǎn yì,satisfied,no lexical issue identified in this pass,,,,,8662,True,True,True,True,True,True,3,True,3,,
hsk-old-3-灯,3,灯,燈,dēng,lamp,no lexical issue identified in this pass,,,,,8680,True,True,True,True,True,True,3,True,3,,
hsk-old-3-热情,3,热情,熱情,rè qíng,cordial,no lexical issue identified in this pass,,,,,8697,True,True,True,True,True,True,3,True,3,,
hsk-old-3-然后,3,然后,然後,rán hòu,then,no lexical issue identified in this pass,,,,,8718,True,True,True,True,True,True,3,True,3,,
hsk-old-3-照片,3,照片,照片,zhào piàn,picture,no lexical issue identified in this pass,,,,,8733,True,True,True,True,True,True,3,True,3,,
hsk-old-3-照相机,3,照相机,照相機,zhào xiàng jī,camera,no lexical issue identified in this pass,,,,,8749,True,True,True,True,True,True,3,True,3,,
hsk-old-3-照顾,3,照顾,照顧,zhào gu,take care of,no lexical issue identified in this pass,,,,,8764,True,True,True,True,True,True,3,True,3,,
hsk-old-3-熊猫,3,熊猫,熊貓,xióng māo,panda,no lexical issue identified in this pass,,,,,8783,True,True,True,True,True,True,3,True,3,,
hsk-old-3-爬山,3,爬山,爬山,pá shān,mountain climbing,no lexical issue identified in this pass,,,,,8799,True,True,True,True,True,True,3,True,3,,
hsk-old-3-爱好,3,爱好,愛好,ài hào,hobby,no lexical issue identified in this pass,,,,,8818,True,True,True,True,True,True,3,True,3,,
hsk-old-3-爷爷,3,爷爷,爺爺,yé ye,(informal) father's father,no lexical issue identified in this pass,,,,,8835,True,True,True,True,True,True,3,True,3,,
hsk-old-3-特别,3,特别,特別,tè bié,special,no lexical issue identified in this pass,,,,,8851,True,True,True,True,True,True,3,True,3,,
hsk-old-3-环境,3,环境,環境,huán jìng,environment,no lexical issue identified in this pass,,,,,8870,True,True,True,True,True,True,3,True,3,,
hsk-old-3-班,3,班,班,bān,team,finding,P2,definition,class; shift; team,Team alone misses school and work uses.,8888,True,True,True,True,True,True,3,True,3,personal-name POS appears on a common-word reading; review sense-specific tags,
hsk-old-3-甜,3,甜,甜,tián,sweet,no lexical issue identified in this pass,,,,,8908,True,True,True,True,True,True,3,True,3,,
hsk-old-3-生气,3,生气,生氣,shēng qì,angry,no lexical issue identified in this pass,,,,,8923,True,True,True,True,True,True,3,True,3,,
hsk-old-3-用,3,用,用,yòng,to use,no lexical issue identified in this pass,,,,,8945,True,True,True,True,True,True,3,True,3,,
hsk-old-3-电子,3,电子,電子,diàn zǐ,electronic,finding,P2,definition,electron; electronic,The noun is important alongside the adjective use.,8969,True,True,True,True,True,True,3,False,,,
hsk-old-3-电梯,3,电梯,電梯,diàn tī,elevator,no lexical issue identified in this pass,,,,,8985,True,True,True,True,True,True,3,True,3,,
hsk-old-3-画,3,画,畫,huà,draw,no lexical issue identified in this pass,,,,,9001,True,True,True,True,True,True,3,True,3,,picture
hsk-old-3-疼,3,疼,疼,téng,ache,no lexical issue identified in this pass,,,,,9022,True,True,True,True,True,True,3,True,3,,
hsk-old-3-瘦,3,瘦,瘦,shòu,thin,no lexical issue identified in this pass,,,,,9039,True,True,True,True,True,True,3,True,3,,
hsk-old-3-盘子,3,盘子,盤子,pán zi,plate,no lexical issue identified in this pass,,,,,9058,True,True,True,True,True,True,3,True,3,,
hsk-old-3-相信,3,相信,相信,xiāng xìn,believe (sb.),no lexical issue identified in this pass,,,,,9075,True,True,True,True,True,True,3,True,3,,
hsk-old-3-相同,3,相同,相同,xiāng tóng,identical,no lexical issue identified in this pass,,,,,9090,True,True,True,True,True,True,3,True,4,,
hsk-old-3-眼镜,3,眼镜,眼鏡,yǎn jìng,glasses,no lexical issue identified in this pass,,,,,9106,True,True,True,True,True,True,3,True,4,,
hsk-old-3-着急,3,着急,著急,zháo jí,to worry,no lexical issue identified in this pass,,,,,9122,True,True,True,True,True,True,3,True,3,,
hsk-old-3-短,3,短,短,duǎn,"short (in length, duration, or height)",no lexical issue identified in this pass,,,,,9140,True,True,True,True,True,True,3,True,3,,
hsk-old-3-矮,3,矮,矮,ǎi,short,no lexical issue identified in this pass,,,,,9159,True,True,True,True,True,True,3,True,3,,
hsk-old-3-碗,3,碗,碗,wǎn,bowl,no lexical issue identified in this pass,,,,,9176,True,True,True,True,True,True,3,True,3,,
hsk-old-3-礼物,3,礼物,禮物,lǐ wù,gift,no lexical issue identified in this pass,,,,,9193,True,True,True,True,True,True,3,True,3,,
hsk-old-3-祝,3,祝,祝,zhù,to pray for,finding,P2,definition,to wish someone well,To pray for is a narrow sense and poorly represents birthday and holiday wishes.,9208,True,True,True,True,True,True,3,False,,personal-name POS appears on a common-word reading; review sense-specific tags,
hsk-old-3-离开,3,离开,離開,lí kāi,leave,no lexical issue identified in this pass,,,,,9226,True,True,True,True,True,True,3,True,3,,
hsk-old-3-秋,3,秋,秋,qiū,autumn,no lexical issue identified in this pass,,,,,9241,True,True,True,True,True,True,3,True,3,,
hsk-old-3-种,3,种,種,zhǒng,type,no lexical issue identified in this pass,,,,,9259,True,True,True,True,True,True,3,True,3,,
hsk-old-3-空调,3,空调,空調,kōng tiáo,air conditioning,no lexical issue identified in this pass,,,,,9280,True,True,True,True,True,True,3,True,3,,
hsk-old-3-突然,3,突然,突然,tū rán,sudden,no lexical issue identified in this pass,,,,,9296,True,True,True,True,True,True,3,True,3,,
hsk-old-3-站,3,站,站,zhàn,stand,no lexical issue identified in this pass,,,,,9312,True,True,True,True,True,True,3,True,3,,
hsk-old-3-筷子,3,筷子,筷子,kuài zi,chopsticks,no lexical issue identified in this pass,,,,,9334,True,True,True,True,True,True,3,True,3,,
hsk-old-3-简单,3,简单,簡單,jiǎn dān,simple,no lexical issue identified in this pass,,,,,9349,True,True,True,True,True,True,3,True,3,,
hsk-old-3-米,3,米,米,mǐ,rice,finding,P2,definition,metre; uncooked rice,Rice is valid but omits the measurement unit used at this level.,9366,True,True,True,True,True,True,3,True,3,,
hsk-old-3-糖,3,糖,糖,táng,sugar,no lexical issue identified in this pass,,,,,9383,True,True,True,True,True,True,3,True,4,,
hsk-old-3-练习,3,练习,練習,liàn xí,practice,no lexical issue identified in this pass,,,,,9400,True,True,True,True,True,True,3,True,3,,
hsk-old-3-终于,3,终于,終於,zhōng yú,at last,no lexical issue identified in this pass,,,,,9419,True,True,True,True,True,True,3,True,3,,
hsk-old-3-经常,3,经常,經常,jīng cháng,often,no lexical issue identified in this pass,,,,,9437,True,True,True,True,True,True,3,True,3,,
hsk-old-3-经理,3,经理,經理,jīng lǐ,manager,no lexical issue identified in this pass,,,,,9454,True,True,True,True,True,True,3,True,3,,
hsk-old-3-经过,3,经过,經過,jīng guò,to pass,no lexical issue identified in this pass,,,,,9470,True,True,True,True,True,True,3,True,3,,
hsk-old-3-结婚,3,结婚,結婚,jié hūn,get married,no lexical issue identified in this pass,,,,,9490,True,True,True,True,True,True,3,True,3,,
hsk-old-3-结束,3,结束,結束,jié shù,to end,no lexical issue identified in this pass,,,,,9507,True,True,True,True,True,True,3,True,3,,
hsk-old-3-绿,3,绿,綠,lǜ,green,no lexical issue identified in this pass,,,,,9527,True,True,True,True,True,True,3,True,3,,
hsk-old-3-老,3,老,老,lǎo,old,no lexical issue identified in this pass,,,,,9544,True,True,True,True,True,True,3,True,3,,
hsk-old-3-而且,3,而且,而且,ér qiě,moreover,no lexical issue identified in this pass,,,,,9571,True,True,True,True,True,True,3,True,3,,
hsk-old-3-耳朵,3,耳朵,耳朵,ěr duo,ear,no lexical issue identified in this pass,,,,,9589,True,True,True,True,True,True,3,True,3,,
hsk-old-3-聪明,3,聪明,聰明,cōng ming,intelligent,no lexical issue identified in this pass,,,,,9605,True,True,True,True,True,True,3,True,3,,
hsk-old-3-胖,3,胖,胖,pàng,fat,no lexical issue identified in this pass,,,,,9625,True,True,True,True,True,True,3,True,3,,
hsk-old-3-脚,3,脚,腳,jiǎo,foot (body part),no lexical issue identified in this pass,,,,,9641,True,True,True,True,True,True,3,True,3,,
hsk-old-3-脸,3,脸,臉,liǎn,face,no lexical issue identified in this pass,,,,,9660,True,True,True,True,True,True,3,True,3,,
hsk-old-3-腿,3,腿,腿,tuǐ,leg,no lexical issue identified in this pass,,,,,9676,True,True,True,True,True,True,3,True,3,,
hsk-old-3-自己,3,自己,自己,zì jǐ,oneself,no lexical issue identified in this pass,,,,,9691,True,True,True,True,True,True,3,True,3,,
hsk-old-3-舒服,3,舒服,舒服,shū fu,comfortable,no lexical issue identified in this pass,,,,,9708,True,True,True,True,True,True,3,True,3,,
hsk-old-3-节日,3,节日,節日,jié rì,holiday,no lexical issue identified in this pass,,,,,9724,True,True,True,True,True,True,3,True,3,,
hsk-old-3-节目,3,节目,節目,jié mù,program,no lexical issue identified in this pass,,,,,9740,True,True,True,True,True,True,3,True,3,,
hsk-old-3-花,3,花,花,huā,flower,no lexical issue identified in this pass,,,,,9756,True,True,True,True,True,True,3,True,3,,
hsk-old-3-花园,3,花园,花園,huā yuán,garden,no lexical issue identified in this pass,,,,,9779,True,True,True,True,True,True,3,False,,,
hsk-old-3-草,3,草,草,cǎo,grass,no lexical issue identified in this pass,,,,,9794,True,True,True,True,True,True,3,True,3,,
hsk-old-3-菜单,3,菜单,菜單,cài dān,menu,no lexical issue identified in this pass,,,,,9814,True,True,True,True,True,True,3,True,3,,
hsk-old-3-葡萄,3,葡萄,葡萄,pú tao,grape,no lexical issue identified in this pass,,,,,9829,True,True,True,True,True,True,3,True,4,,
hsk-old-3-蓝,3,蓝,藍,lán,blue,no lexical issue identified in this pass,,,,,9844,True,True,True,True,True,True,3,True,3,,
hsk-old-3-虽然,3,虽然,雖然,suī rán,although,no lexical issue identified in this pass,,,,,9861,True,True,True,True,True,True,3,True,2,,
hsk-old-3-蛋糕,3,蛋糕,蛋糕,dàn gāo,cake,no lexical issue identified in this pass,,,,,9876,True,True,True,True,True,True,3,True,3,,
hsk-old-3-行李箱,3,行李箱,行李箱,xíng li xiāng,trunk,finding,P2,definition,suitcase,Trunk can suggest a car compartment or a large storage chest.,9891,True,True,True,True,True,True,3,True,3,,
hsk-old-3-街道,3,街道,街道,jiē dào,street,no lexical issue identified in this pass,,,,,9910,True,True,True,True,True,True,3,True,3,,
hsk-old-3-表演,3,表演,表演,biǎo yǎn,perform,no lexical issue identified in this pass,,,,,9927,True,True,True,True,True,True,3,True,4,,
hsk-old-3-表示,3,表示,表示,biǎo shì,express,no lexical issue identified in this pass,,,,,9949,True,True,True,True,True,True,3,True,4,,
hsk-old-3-衬衫,3,衬衫,襯衫,chèn shān,shirt,no lexical issue identified in this pass,,,,,9970,True,True,True,True,True,True,3,True,3,,
hsk-old-3-被,3,被,被,bèi,by (indicates passive voice sentences),no lexical issue identified in this pass,,,,,9986,True,True,True,True,True,True,3,True,3,,
hsk-old-3-裙子,3,裙子,裙子,qún zi,skirt,no lexical issue identified in this pass,,,,,10007,True,True,True,True,True,True,3,True,3,,
hsk-old-3-裤子,3,裤子,褲子,kù zi,pants,no lexical issue identified in this pass,,,,,10022,True,True,True,True,True,True,3,True,3,,
hsk-old-3-西,3,西,西,xī,West,no lexical issue identified in this pass,,,,,10038,True,True,True,True,True,True,3,True,3,,
hsk-old-3-要求,3,要求,要求,yāo qiú,to request,no lexical issue identified in this pass,,,,,10054,True,True,True,True,True,True,3,True,3,,
hsk-old-3-见面,3,见面,見面,jiàn miàn,meet/see somebody,no lexical issue identified in this pass,,,,,10075,True,True,True,True,True,True,3,True,3,,
hsk-old-3-角,3,角,角,jiǎo,horn,finding,P2,definition,angle; corner; one tenth of a yuan; horn,Horn alone omits useful geometric and monetary senses.,10090,True,True,True,True,True,True,3,True,3,,
hsk-old-3-解决,3,解决,解決,jiě jué,settle (a dispute),no lexical issue identified in this pass,,,,,10111,True,True,True,True,True,True,3,True,3,,
hsk-old-3-认为,3,认为,認為,rèn wéi,believe,no lexical issue identified in this pass,,,,,10128,True,True,True,True,True,True,3,True,3,,
hsk-old-3-认真,3,认真,認真,rèn zhēn,serious,no lexical issue identified in this pass,,,,,10143,True,True,True,True,True,True,3,True,3,,
hsk-old-3-记得,3,记得,記得,jì de,remember,no lexical issue identified in this pass,,,,,10163,True,True,True,True,True,True,3,True,3,,
hsk-old-3-讲,3,讲,講,jiǎng,to talk,no lexical issue identified in this pass,,,,,10178,True,True,True,True,True,True,3,True,3,,
hsk-old-3-词语,3,词语,詞語,cí yǔ,words and expressions,no lexical issue identified in this pass,,,,,10200,True,True,True,True,True,True,3,True,4,,
hsk-old-3-超市,3,超市,超市,chāo shì,supermarket,no lexical issue identified in this pass,,,,,10217,True,True,True,True,True,True,3,True,3,,
hsk-old-3-越,3,越,越,yuè,even more,no lexical issue identified in this pass,,,,,10232,True,True,True,True,True,True,3,True,3,,
hsk-old-3-跟,3,跟,跟,gēn,to follow,no lexical issue identified in this pass,,,,,10252,True,True,True,True,True,True,3,True,3,,
hsk-old-3-辆,3,辆,輛,liàng,classifier for vehicles,no lexical issue identified in this pass,,,,,10276,True,True,True,True,True,True,3,True,3,,
hsk-old-3-过去,3,过去,過去,guò qu,in the past,no lexical issue identified in this pass,,,,,10291,True,True,True,True,True,True,3,True,3,,
hsk-old-3-还是,3,还是,還是,hái shi,or,finding,P2,grammar,or in a question; still,Specify the interrogative choice use rather than a context-free or.,10307,True,True,True,True,True,True,3,True,3,,
hsk-old-3-迟到,3,迟到,遲到,chí dào,arrive late,no lexical issue identified in this pass,,,,,10327,True,True,True,True,True,True,3,True,3,,
hsk-old-3-选择,3,选择,選擇,xuǎn zé,select,no lexical issue identified in this pass,,,,,10343,True,True,True,True,True,True,3,True,3,,
hsk-old-3-遇到,3,遇到,遇到,yù dào,to meet,no lexical issue identified in this pass,,,,,10363,True,True,True,True,True,True,3,True,3,,
hsk-old-3-邻居,3,邻居,鄰居,lín jū,neighbor,no lexical issue identified in this pass,,,,,10378,True,True,True,True,True,True,3,True,3,,
hsk-old-3-重要,3,重要,重要,zhòng yào,important,no lexical issue identified in this pass,,,,,10394,True,True,True,True,True,True,3,True,3,,
hsk-old-3-铅笔,3,铅笔,鉛筆,qiān bǐ,pencil,no lexical issue identified in this pass,,,,,10411,True,True,True,True,True,True,3,True,2,,
hsk-old-3-银行,3,银行,銀行,yín háng,bank,no lexical issue identified in this pass,,,,,10426,True,True,True,True,True,True,3,True,3,,
hsk-old-3-锻炼,3,锻炼,鍛鍊,duàn liàn,to exercise,no lexical issue identified in this pass,,,,,10441,True,True,True,True,True,True,3,True,3,,
hsk-old-3-阿姨,3,阿姨,阿姨,ā yí,auntie,no lexical issue identified in this pass,,,,,10462,True,True,True,True,True,True,3,True,3,,
hsk-old-3-附近,3,附近,附近,fù jìn,(in the) vicinity,no lexical issue identified in this pass,,,,,10481,True,True,True,True,True,True,3,True,3,,
hsk-old-3-除了,3,除了,除了,chú le,besides,no lexical issue identified in this pass,,,,,10497,True,True,True,True,True,True,3,True,3,,
hsk-old-3-难,3,难,難,nán,difficult,no lexical issue identified in this pass,,,,,10515,True,True,True,True,True,True,3,True,3,,
hsk-old-3-难过,3,难过,難過,nán guò,be grieved,no lexical issue identified in this pass,,,,,10537,True,True,True,True,True,True,3,True,3,,
hsk-old-3-需要,3,需要,需要,xū yào,to need,no lexical issue identified in this pass,,,,,10554,True,True,True,True,True,True,3,True,3,,
hsk-old-3-面包,3,面包,麵包,miàn bāo,bread,no lexical issue identified in this pass,,,,,10572,True,True,True,True,True,True,3,True,3,,
hsk-old-3-面条,3,面条,麵條,miàn tiáo,noodles,no lexical issue identified in this pass,,,,,10587,True,True,True,True,True,True,3,True,2,,
hsk-old-3-鞋,3,鞋,鞋,xié,shoe,no lexical issue identified in this pass,,,,,10602,True,True,True,True,True,True,3,False,,,
hsk-old-3-音乐,3,音乐,音樂,yīn yuè,music,no lexical issue identified in this pass,,,,,10617,True,True,True,True,True,True,3,True,3,,
hsk-old-3-饱,3,饱,飽,bǎo,eat until full,finding,P2,definition,full after eating,Eat until full makes an adjective sound like an action.,10632,True,True,True,True,True,True,3,True,3,,
hsk-old-3-饿,3,饿,餓,è,hungry,no lexical issue identified in this pass,,,,,10650,True,True,True,True,True,True,3,True,3,,
hsk-old-3-香蕉,3,香蕉,香蕉,xiāng jiāo,banana,no lexical issue identified in this pass,,,,,10668,True,True,True,True,True,True,3,True,3,,
hsk-old-3-马,3,马,馬,mǎ,horse,no lexical issue identified in this pass,,,,,10683,True,True,True,True,True,True,3,True,3,personal-name POS appears on a common-word reading; review sense-specific tags,
hsk-old-3-马上,3,马上,馬上,mǎ shàng,at once,no lexical issue identified in this pass,,,,,10702,True,True,True,True,True,True,3,True,3,,
hsk-old-3-骑,3,骑,騎,qí,to ride (an animal or bike),no lexical issue identified in this pass,,,,,10721,True,True,True,True,True,True,3,True,3,,
hsk-old-3-鸟,3,鸟,鳥,niǎo,bird,no lexical issue identified in this pass,,,,,10738,True,True,True,True,True,True,3,True,3,,
hsk-old-3-黄,3,黄,黃,huáng,yellow,no lexical issue identified in this pass,,,,,10757,True,True,True,True,True,True,3,False,,personal-name POS appears on a common-word reading; review sense-specific tags,
hsk-old-3-黑板,3,黑板,黑板,hēi bǎn,blackboard,no lexical issue identified in this pass,,,,,10776,True,True,True,True,True,True,3,True,3,,
hsk-old-3-鼻子,3,鼻子,鼻子,bí zi,nose,no lexical issue identified in this pass,,,,,10791,True,True,True,True,True,True,3,True,3,,
hsk-old-4-一切,4,一切,一切,yī qiè,all,no lexical issue identified in this pass,,,,,10806,True,True,True,True,True,True,4,True,4,,
hsk-old-4-不仅,4,不仅,不僅,bù jǐn,not only,no lexical issue identified in this pass,,,,,10823,True,True,True,True,True,True,4,True,4,,
hsk-old-4-不但,4,不但,不但,bù dàn,not only,no lexical issue identified in this pass,,,,,10839,True,True,True,True,True,True,4,True,3,,
hsk-old-4-不得不,4,不得不,不得不,bù dé bù,have to,no lexical issue identified in this pass,,,,,10854,True,True,True,True,True,True,4,True,4,,
hsk-old-4-不管,4,不管,不管,bù guǎn,"no matter (what, how, etc.)",no lexical issue identified in this pass,,,,,10873,True,True,True,True,True,True,4,True,4,,
hsk-old-4-不过,4,不过,不過,bù guò,only,finding,P2,definition,however; but; only,Only is valid but omits the common connective sense.,10891,True,True,True,True,True,True,4,True,4,,
hsk-old-4-与,4,与,與,yǔ,(formal) and,no lexical issue identified in this pass,,,,,10914,True,True,True,True,True,True,4,True,4,,
hsk-old-4-专业,4,专业,專業,zhuān yè,profession,finding,P2,definition,academic major; specialty; professional,Profession alone misses a university major or area of expertise.,10932,True,True,True,True,True,True,4,True,4,,
hsk-old-4-专门,4,专门,專門,zhuān mén,specialized,no lexical issue identified in this pass,,,,,10951,True,True,True,True,True,True,4,True,4,,
hsk-old-4-世纪,4,世纪,世紀,shì jì,century,no lexical issue identified in this pass,,,,,10969,True,True,True,True,True,True,4,True,4,,
hsk-old-4-丢,4,丢,丟,diū,lose (something),no lexical issue identified in this pass,,,,,10984,True,True,True,True,True,True,4,True,4,,
hsk-old-4-严格,4,严格,嚴格,yán gé,strict,no lexical issue identified in this pass,,,,,11001,True,True,True,True,True,True,4,True,4,,
hsk-old-4-严重,4,严重,嚴重,yán zhòng,grave,no lexical issue identified in this pass,,,,,11021,True,True,True,True,True,True,4,True,4,,
hsk-old-4-个子,4,个子,個子,gè zi,height,no lexical issue identified in this pass,,,,,11040,True,True,True,True,True,True,4,True,3,,
hsk-old-4-中文,4,中文,中文,Zhōng wén,Chinese (language),no lexical issue identified in this pass,,,,,11058,True,True,True,True,True,True,4,True,3,,
hsk-old-4-丰富,4,丰富,豐富,fēng fù,rich,no lexical issue identified in this pass,,,,,11073,True,True,True,True,True,True,4,True,4,,
hsk-old-4-主动,4,主动,主動,zhǔ dòng,to take initiative,no lexical issue identified in this pass,,,,,11092,True,True,True,True,True,True,4,True,5,,
hsk-old-4-主意,4,主意,主意,zhǔ yi,plan,finding,P2,definition,idea; suggestion,Plan is broad and overlaps unnecessarily with 计划.,11114,True,True,True,True,True,True,4,True,4,,
hsk-old-4-举办,4,举办,舉辦,jǔ bàn,to conduct,no lexical issue identified in this pass,,,,,11132,True,True,True,True,True,True,4,True,4,,
hsk-old-4-之,4,之,之,zhī,literary equivalent to 的,no lexical issue identified in this pass,,,,,11149,True,True,True,True,True,True,4,True,4,,
hsk-old-4-乒乓球,4,乒乓球,乒乓球,pīng pāng qiú,ping pong,no lexical issue identified in this pass,,,,,11169,True,True,True,True,True,True,4,True,4,,
hsk-old-4-乘坐,4,乘坐,乘坐,chéng zuò,ride,no lexical issue identified in this pass,,,,,11186,True,True,True,True,True,True,4,True,4,,
hsk-old-4-也许,4,也许,也許,yě xǔ,perhaps,no lexical issue identified in this pass,,,,,11201,True,True,True,True,True,True,4,True,4,,
hsk-old-4-乱,4,乱,亂,luàn,disorder,no lexical issue identified in this pass,,,,,11217,True,True,True,True,True,True,4,True,4,,
hsk-old-4-于是,4,于是,於是,yú shì,as a result,no lexical issue identified in this pass,,,,,11244,True,True,True,True,True,True,4,True,4,,
hsk-old-4-互相,4,互相,互相,hù xiāng,mutually,no lexical issue identified in this pass,,,,,11259,True,True,True,True,True,True,4,True,4,,
hsk-old-4-亚洲,4,亚洲,亞洲,Yà zhōu,Asia,no lexical issue identified in this pass,,,,,11277,True,True,True,True,True,True,4,True,4,,
hsk-old-4-交,4,交,交,jiāo,deliver,no lexical issue identified in this pass,,,,,11292,True,True,True,True,True,True,4,True,4,,
hsk-old-4-交流,4,交流,交流,jiāo liú,communicate,no lexical issue identified in this pass,,,,,11314,True,True,True,True,True,True,4,True,4,,
hsk-old-4-交通,4,交通,交通,jiāo tōng,traffic,no lexical issue identified in this pass,,,,,11334,True,True,True,True,True,True,4,True,4,,
hsk-old-4-京剧,4,京剧,京劇,jīng jù,Beijing Opera,no lexical issue identified in this pass,,,,,11353,True,True,True,True,True,True,4,True,4,,
hsk-old-4-亮,4,亮,亮,liàng,bright,no lexical issue identified in this pass,,,,,11368,True,True,True,True,True,True,4,True,5,,
hsk-old-4-亲戚,4,亲戚,親戚,qīn qi,a relative (i.e. family relation),no lexical issue identified in this pass,,,,,11389,True,True,True,True,True,True,4,True,4,,
hsk-old-4-人民币,4,人民币,人民幣,rén mín bì,(currency) renminbi (RMB),no lexical issue identified in this pass,,,,,11404,True,True,True,True,True,True,4,True,5,,
hsk-old-4-亿,4,亿,億,yì,"one hundred million (100,000,000)",no lexical issue identified in this pass,,,,,11420,True,True,True,True,True,True,4,True,5,,
hsk-old-4-仍然,4,仍然,仍然,réng rán,still,no lexical issue identified in this pass,,,,,11435,True,True,True,True,True,True,4,True,4,,
hsk-old-4-从来,4,从来,從來,cóng lái,always,no lexical issue identified in this pass,,,,,11450,True,True,True,True,True,True,4,True,4,,
hsk-old-4-仔细,4,仔细,仔細,zǐ xì,careful,no lexical issue identified in this pass,,,,,11467,True,True,True,True,True,True,4,True,4,,
hsk-old-4-代替,4,代替,代替,dài tì,to replace,no lexical issue identified in this pass,,,,,11484,True,True,True,True,True,True,4,True,5,,
hsk-old-4-代表,4,代表,代表,dài biǎo,represent,no lexical issue identified in this pass,,,,,11500,True,True,True,True,True,True,4,True,5,,
hsk-old-4-以,4,以,以,yǐ,to use,no lexical issue identified in this pass,,,,,11521,True,True,True,True,True,True,4,True,4,,
hsk-old-4-价格,4,价格,價格,jià gé,price,no lexical issue identified in this pass,,,,,11543,True,True,True,True,True,True,4,True,4,,
hsk-old-4-任何,4,任何,任何,rèn hé,any,no lexical issue identified in this pass,,,,,11558,True,True,True,True,True,True,4,True,4,,
hsk-old-4-任务,4,任务,任務,rèn wu,a mission,no lexical issue identified in this pass,,,,,11576,True,True,True,True,True,True,4,True,4,,
hsk-old-4-份,4,份,份,fèn,part,no lexical issue identified in this pass,,,,,11591,True,True,True,True,True,True,4,True,4,,
hsk-old-4-优点,4,优点,優點,yōu diǎn,merit,no lexical issue identified in this pass,,,,,11607,True,True,True,True,True,True,4,True,4,,
hsk-old-4-优秀,4,优秀,優秀,yōu xiù,outstanding,no lexical issue identified in this pass,,,,,11625,True,True,True,True,True,True,4,True,4,,
hsk-old-4-传真,4,传真,傳真,chuán zhēn,fax,no lexical issue identified in this pass,,,,,11640,True,True,True,True,True,True,4,True,4,,
hsk-old-4-伤心,4,伤心,傷心,shāng xīn,sad,no lexical issue identified in this pass,,,,,11657,True,True,True,True,True,True,4,True,4,,
hsk-old-4-估计,4,估计,估計,gū jì,appraise,finding,P2,definition,to estimate; to reckon,Appraise suggests assessment of value rather than estimation.,11674,True,True,True,True,True,True,4,True,4,,
hsk-old-4-作者,4,作者,作者,zuò zhě,author,no lexical issue identified in this pass,,,,,11692,True,True,True,True,True,True,4,True,4,,
hsk-old-4-使用,4,使用,使用,shǐ yòng,to use,no lexical issue identified in this pass,,,,,11707,True,True,True,True,True,True,4,True,4,,
hsk-old-4-例如,4,例如,例如,lì rú,for example,no lexical issue identified in this pass,,,,,11726,True,True,True,True,True,True,4,True,4,,
hsk-old-4-保护,4,保护,保護,bǎo hù,to protect,no lexical issue identified in this pass,,,,,11741,True,True,True,True,True,True,4,True,4,,
hsk-old-4-保证,4,保证,保證,bǎo zhèng,to guarantee,no lexical issue identified in this pass,,,,,11760,True,True,True,True,True,True,4,True,4,,
hsk-old-4-信任,4,信任,信任,xìn rèn,to trust,no lexical issue identified in this pass,,,,,11780,True,True,True,True,True,True,4,True,5,,
hsk-old-4-信心,4,信心,信心,xìn xīn,confidence,no lexical issue identified in this pass,,,,,11797,True,True,True,True,True,True,4,True,4,,
hsk-old-4-信用卡,4,信用卡,信用卡,xìn yòng kǎ,credit card,no lexical issue identified in this pass,,,,,11813,True,True,True,True,True,True,4,True,3,,
hsk-old-4-俩,4,俩,倆,liǎng,(colloquial) two (people),finding,P1,reading/sense,liǎ; two; both,liǎng belongs to 伎俩; the selected raw sense is only a reference to that compound.,11828,True,True,True,True,True,True,4,True,4,,
hsk-old-4-修,4,修,修,xiū,to decorate,finding,P2,definition,to repair; to study a subject,To decorate is valid but is a poor sole study gloss.,11843,True,True,True,True,True,True,4,False,,,
hsk-old-4-倍,4,倍,倍,bèi,"(two, three, etc)-fold",no lexical issue identified in this pass,,,,,11865,True,True,True,True,True,True,4,True,4,,
hsk-old-4-值得,4,值得,值得,zhí de,be worth,no lexical issue identified in this pass,,,,,11884,True,True,True,True,True,True,4,True,4,,
hsk-old-4-假,4,假,假,jiǎ,fake,no lexical issue identified in this pass,,,,,11900,True,True,True,True,True,True,4,True,4,,
hsk-old-4-做生意,4,做生意,做生意,zuò shēng yì,to do business,no lexical issue identified in this pass,,,,,11923,True,True,True,True,True,True,4,False,,no part-of-speech metadata; allowed by the current data contract,
hsk-old-4-停止,4,停止,停止,tíng zhǐ,to stop,no lexical issue identified in this pass,,,,,11936,True,True,True,True,True,True,4,False,,,
hsk-old-4-偶尔,4,偶尔,偶爾,ǒu ěr,occasionally,no lexical issue identified in this pass,,,,,11951,True,True,True,True,True,True,4,True,4,,
hsk-old-4-儿童,4,儿童,兒童,ér tóng,child,no lexical issue identified in this pass,,,,,11969,True,True,True,True,True,True,4,True,4,,
hsk-old-4-允许,4,允许,允許,yǔn xǔ,to permit,no lexical issue identified in this pass,,,,,11984,True,True,True,True,True,True,4,True,4,,
hsk-old-4-光,4,光,光,guāng,light,no lexical issue identified in this pass,,,,,12001,True,True,True,True,True,True,4,True,4,,
hsk-old-4-免费,4,免费,免費,miǎn fèi,free (of charge),no lexical issue identified in this pass,,,,,12023,True,True,True,True,True,True,4,True,4,,
hsk-old-4-入口,4,入口,入口,rù kǒu,entrance,no lexical issue identified in this pass,,,,,12039,True,True,True,True,True,True,4,True,4,,
hsk-old-4-全部,4,全部,全部,quán bù,whole,no lexical issue identified in this pass,,,,,12056,True,True,True,True,True,True,4,True,4,,
hsk-old-4-公里,4,公里,公里,gōng lǐ,kilometer,no lexical issue identified in this pass,,,,,12071,True,True,True,True,True,True,4,True,4,,
hsk-old-4-共同,4,共同,共同,gòng tóng,together,no lexical issue identified in this pass,,,,,12087,True,True,True,True,True,True,4,True,4,,
hsk-old-4-关键,4,关键,關鍵,guān jiàn,crucial,no lexical issue identified in this pass,,,,,12107,True,True,True,True,True,True,4,True,4,,
hsk-old-4-兴奋,4,兴奋,興奮,xīng fèn,excitement； be excited,finding,P2,wording,excited; excitement,A fullwidth semicolon bypasses the importer's ASCII-only splitting convention.,12127,True,True,True,True,True,True,4,True,4,,
hsk-old-4-其中,4,其中,其中,qí zhōng,among,no lexical issue identified in this pass,,,,,12146,True,True,True,True,True,True,4,True,4,,
hsk-old-4-其次,4,其次,其次,qí cì,next,no lexical issue identified in this pass,,,,,12163,True,True,True,True,True,True,4,True,4,,
hsk-old-4-养成,4,养成,養成,yǎng chéng,cultivate,no lexical issue identified in this pass,,,,,12180,True,True,True,True,True,True,4,True,4,,
hsk-old-4-内,4,内,內,nèi,inside,no lexical issue identified in this pass,,,,,12199,True,True,True,True,True,True,4,True,4,,
hsk-old-4-内容,4,内容,內容,nèi róng,content,no lexical issue identified in this pass,,,,,12218,True,True,True,True,True,True,4,True,4,,
hsk-old-4-农村,4,农村,農村,nóng cūn,rural area,no lexical issue identified in this pass,,,,,12235,True,True,True,True,True,True,4,True,5,,
hsk-old-4-冷静,4,冷静,冷靜,lěng jìng,calm,no lexical issue identified in this pass,,,,,12251,True,True,True,True,True,True,4,True,4,,
hsk-old-4-准时,4,准时,準時,zhǔn shí,punctually,no lexical issue identified in this pass,,,,,12269,True,True,True,True,True,True,4,True,4,,
hsk-old-4-准确,4,准确,準確,zhǔn què,accurate,no lexical issue identified in this pass,,,,,12288,True,True,True,True,True,True,4,True,4,,
hsk-old-4-凉快,4,凉快,涼快,liáng kuai,nice and cool,no lexical issue identified in this pass,,,,,12304,True,True,True,True,True,True,4,True,4,,
hsk-old-4-减少,4,减少,減少,jiǎn shǎo,reduce,no lexical issue identified in this pass,,,,,12320,True,True,True,True,True,True,4,True,4,,
hsk-old-4-减肥,4,减肥,減肥,jiǎn féi,go on a diet,no lexical issue identified in this pass,,,,,12336,True,True,True,True,True,True,4,True,4,,
hsk-old-4-出发,4,出发,出發,chū fā,start out,no lexical issue identified in this pass,,,,,12352,True,True,True,True,True,True,4,True,4,,
hsk-old-4-出差,4,出差,出差,chū chāi,go on a business trip,no lexical issue identified in this pass,,,,,12368,True,True,True,True,True,True,4,True,4,,
hsk-old-4-出生,4,出生,出生,chū shēng,be born,no lexical issue identified in this pass,,,,,12384,True,True,True,True,True,True,4,True,4,,
hsk-old-4-刀,4,刀,刀,dāo,knife,no lexical issue identified in this pass,,,,,12400,True,True,True,True,True,True,4,True,4,,
hsk-old-4-分之,4,分之,分之,fēn zhī,indicating a fraction,no lexical issue identified in this pass,,,,,12422,True,True,True,True,True,True,4,False,,,
hsk-old-4-刚刚,4,刚刚,剛剛,gāng gang,just recently,no lexical issue identified in this pass,,,,,12437,True,True,True,True,True,True,4,False,,,
hsk-old-4-判断,4,判断,判斷,pàn duàn,to judge,no lexical issue identified in this pass,,,,,12453,True,True,True,True,True,True,4,True,4,,
hsk-old-4-到处,4,到处,到處,dào chù,everywhere,no lexical issue identified in this pass,,,,,12472,True,True,True,True,True,True,4,True,4,,
hsk-old-4-到底,4,到底,到底,dào dǐ,after all,no lexical issue identified in this pass,,,,,12487,True,True,True,True,True,True,4,True,4,,
hsk-old-4-制造,4,制造,製造,zhì zào,manufacture,no lexical issue identified in this pass,,,,,12508,True,True,True,True,True,True,4,True,5,,
hsk-old-4-剩,4,剩,剩,shèng,have as remainder,no lexical issue identified in this pass,,,,,12524,True,True,True,True,True,True,4,True,4,,
hsk-old-4-力气,4,力气,力氣,lì qi,physical strength,no lexical issue identified in this pass,,,,,12541,True,True,True,True,True,True,4,True,4,,
hsk-old-4-加油站,4,加油站,加油站,jiā yóu zhàn,gas station,no lexical issue identified in this pass,,,,,12556,True,True,True,True,True,True,4,True,4,,
hsk-old-4-加班,4,加班,加班,jiā bān,work overtime,no lexical issue identified in this pass,,,,,12571,True,True,True,True,True,True,4,True,4,,
hsk-old-4-动作,4,动作,動作,dòng zuò,movement,no lexical issue identified in this pass,,,,,12587,True,True,True,True,True,True,4,True,4,,
hsk-old-4-勇敢,4,勇敢,勇敢,yǒng gǎn,brave,no lexical issue identified in this pass,,,,,12604,True,True,True,True,True,True,4,True,4,,
hsk-old-4-包括,4,包括,包括,bāo kuò,comprise,no lexical issue identified in this pass,,,,,12621,True,True,True,True,True,True,4,True,5,,
hsk-old-4-区别,4,区别,區別,qū bié,difference,no lexical issue identified in this pass,,,,,12640,True,True,True,True,True,True,4,True,4,,
hsk-old-4-十分,4,十分,十分,shí fēn,very,no lexical issue identified in this pass,,,,,12659,True,True,True,True,True,True,4,True,4,,
hsk-old-4-千万,4,千万,千萬,qiān wàn,ten million,finding,P2,definition,ten million; by all means; be sure to,The number alone misses the emphatic adverb.,12680,True,True,True,True,True,True,4,True,4,,
hsk-old-4-博士,4,博士,博士,bó shì,doctor,finding,P2,definition,doctorate; PhD holder,Doctor alone can be mistaken for a medical doctor.,12699,True,True,True,True,True,True,4,True,4,,
hsk-old-4-印象,4,印象,印象,yìn xiàng,impression,no lexical issue identified in this pass,,,,,12716,True,True,True,True,True,True,4,True,4,,
hsk-old-4-危险,4,危险,危險,wēi xiǎn,danger,no lexical issue identified in this pass,,,,,12732,True,True,True,True,True,True,4,True,4,,
hsk-old-4-即使,4,即使,即使,jí shǐ,even if,no lexical issue identified in this pass,,,,,12750,True,True,True,True,True,True,4,True,4,,
hsk-old-4-却,4,却,卻,què,but,no lexical issue identified in this pass,,,,,12765,True,True,True,True,True,True,4,True,4,,
hsk-old-4-厉害,4,厉害,厲害,lì hai,terrible,finding,P2,definition,formidable; impressive; severe,Terrible alone misses positive praise and intensity.,12788,True,True,True,True,True,True,4,True,4,,
hsk-old-4-压力,4,压力,壓力,yā lì,pressure,no lexical issue identified in this pass,,,,,12819,True,True,True,True,True,True,4,True,4,,
hsk-old-4-厚,4,厚,厚,hòu,thick (for flat things),no lexical issue identified in this pass,,,,,12834,True,True,True,True,True,True,4,True,4,,
hsk-old-4-原因,4,原因,原因,yuán yīn,cause,no lexical issue identified in this pass,,,,,12855,True,True,True,True,True,True,4,True,4,,
hsk-old-4-原来,4,原来,原來,yuán lái,original,no lexical issue identified in this pass,,,,,12873,True,True,True,True,True,True,4,True,4,,
hsk-old-4-原谅,4,原谅,原諒,yuán liàng,to excuse,no lexical issue identified in this pass,,,,,12894,True,True,True,True,True,True,4,True,4,,
hsk-old-4-参观,4,参观,參觀,cān guān,"to visit (a place, such as a tourist spot)",no lexical issue identified in this pass,,,,,12912,True,True,True,True,True,True,4,True,4,,
hsk-old-4-及时,4,及时,及時,jí shí,timely,no lexical issue identified in this pass,,,,,12930,True,True,True,True,True,True,4,True,4,,
hsk-old-4-友好,4,友好,友好,yǒu hǎo,friendly (relations),no lexical issue identified in this pass,,,,,12947,True,True,True,True,True,True,4,True,4,,
hsk-old-4-友谊,4,友谊,友誼,yǒu yì,friendship,no lexical issue identified in this pass,,,,,12964,True,True,True,True,True,True,4,True,4,,
hsk-old-4-反对,4,反对,反對,fǎn duì,oppose,no lexical issue identified in this pass,,,,,12981,True,True,True,True,True,True,4,True,4,,
hsk-old-4-反映,4,反映,反映,fǎn yìng,reflect,no lexical issue identified in this pass,,,,,12997,True,True,True,True,True,True,4,True,5,,
hsk-old-4-发,4,发,發,fā,send out,no lexical issue identified in this pass,,,,,13019,True,True,True,True,True,True,4,True,3,,
hsk-old-4-发展,4,发展,發展,fā zhǎn,develop,no lexical issue identified in this pass,,,,,13040,True,True,True,True,True,True,4,True,4,,
hsk-old-4-发生,4,发生,發生,fā shēng,happen,no lexical issue identified in this pass,,,,,13060,True,True,True,True,True,True,4,True,4,,
hsk-old-4-取,4,取,取,qǔ,to take,no lexical issue identified in this pass,,,,,13076,True,True,True,True,True,True,4,True,4,,
hsk-old-4-受不了,4,受不了,受不了,shòu bù liǎo,cannot endure,no lexical issue identified in this pass,,,,,13094,True,True,True,True,True,True,4,True,4,,
hsk-old-4-受到,4,受到,受到,shòu dào,"receive (influence, restriction, etc.)",no lexical issue identified in this pass,,,,,13111,True,True,True,True,True,True,4,True,4,,
hsk-old-4-另外,4,另外,另外,lìng wài,another,no lexical issue identified in this pass,,,,,13127,True,True,True,True,True,True,4,True,4,,
hsk-old-4-只好,4,只好,只好,zhǐ hǎo,have to,no lexical issue identified in this pass,,,,,13150,True,True,True,True,True,True,4,True,4,,
hsk-old-4-只要,4,只要,只要,zhǐ yào,so long as,no lexical issue identified in this pass,,,,,13165,True,True,True,True,True,True,4,True,4,,
hsk-old-4-可怜,4,可怜,可憐,kě lián,pitiful,no lexical issue identified in this pass,,,,,13181,True,True,True,True,True,True,4,True,4,,
hsk-old-4-可惜,4,可惜,可惜,kě xī,it's a pity,no lexical issue identified in this pass,,,,,13200,True,True,True,True,True,True,4,True,4,,
hsk-old-4-可是,4,可是,可是,kě shì,but,no lexical issue identified in this pass,,,,,13218,True,True,True,True,True,True,4,True,4,,
hsk-old-4-台,4,台,臺,tái,platform,finding,P2,definition,classifier for machines; platform,Platform alone omits common computer and appliance counting.,13236,True,True,True,True,True,True,4,True,4,,
hsk-old-4-叶子,4,叶子,葉子,yè zi,leaves,no lexical issue identified in this pass,,,,,13260,True,True,True,True,True,True,4,True,4,personal-name POS appears on a common-word reading; review sense-specific tags,
hsk-old-4-号码,4,号码,號碼,hào mǎ,number,no lexical issue identified in this pass,,,,,13277,True,True,True,True,True,True,4,True,4,,
hsk-old-4-吃惊,4,吃惊,吃驚,chī jīng,be startled,no lexical issue identified in this pass,,,,,13292,True,True,True,True,True,True,4,True,4,,
hsk-old-4-各,4,各,各,gè,each,no lexical issue identified in this pass,,,,,13309,True,True,True,True,True,True,4,True,4,,
hsk-old-4-合格,4,合格,合格,hé gé,qualified,no lexical issue identified in this pass,,,,,13325,True,True,True,True,True,True,4,True,4,,
hsk-old-4-合适,4,合适,合適,hé shì,suitable,no lexical issue identified in this pass,,,,,13343,True,True,True,True,True,True,4,True,4,,
hsk-old-4-同情,4,同情,同情,tóng qíng,compassion,no lexical issue identified in this pass,,,,,13360,True,True,True,True,True,True,4,True,4,,
hsk-old-4-后悔,4,后悔,後悔,hòu huǐ,to regret,no lexical issue identified in this pass,,,,,13377,True,True,True,True,True,True,4,True,4,,
hsk-old-4-后来,4,后来,後來,hòu lái,afterwards,no lexical issue identified in this pass,,,,,13394,True,True,True,True,True,True,4,True,3,,
hsk-old-4-否则,4,否则,否則,fǒu zé,if not,no lexical issue identified in this pass,,,,,13410,True,True,True,True,True,True,4,True,4,,
hsk-old-4-吵,4,吵,吵,chǎo,to quarrel,no lexical issue identified in this pass,,,,,13425,True,True,True,True,True,True,4,True,5,,
hsk-old-4-吸引,4,吸引,吸引,xī yǐn,"attract (interest, investment, etc.)",no lexical issue identified in this pass,,,,,13443,True,True,True,True,True,True,4,True,4,,
hsk-old-4-呀,4,呀,呀,ya,ah,no lexical issue identified in this pass,,,,,13458,True,True,True,True,True,True,4,True,4,,
hsk-old-4-周围,4,周围,周圍,zhōu wéi,surroundings,no lexical issue identified in this pass,,,,,13473,True,True,True,True,True,True,4,True,4,,
hsk-old-4-味道,4,味道,味道,wèi dao,flavor,no lexical issue identified in this pass,,,,,13488,True,True,True,True,True,True,4,True,4,,
hsk-old-4-咱们,4,咱们,咱們,zán men,we (including the listener),no lexical issue identified in this pass,,,,,13506,True,True,True,True,True,True,4,True,4,,
hsk-old-4-咳嗽,4,咳嗽,咳嗽,ké sou,to cough,no lexical issue identified in this pass,,,,,13524,True,True,True,True,True,True,4,True,4,,
hsk-old-4-咸,4,咸,鹹,xián,salty,no lexical issue identified in this pass,,,,,13539,True,True,True,True,True,True,4,True,4,,
hsk-old-4-响,4,响,響,xiǎng,make a sound,no lexical issue identified in this pass,,,,,13557,True,True,True,True,True,True,4,True,4,,
hsk-old-4-售货员,4,售货员,售貨員,shòu huò yuán,salesclerk,no lexical issue identified in this pass,,,,,13581,True,True,True,True,True,True,4,True,4,,
hsk-old-4-商量,4,商量,商量,shāng liang,consult,no lexical issue identified in this pass,,,,,13596,True,True,True,True,True,True,4,True,4,,
hsk-old-4-嘴,4,嘴,嘴,zuǐ,mouth,no lexical issue identified in this pass,,,,,13613,True,True,True,True,True,True,4,True,3,,
hsk-old-4-回忆,4,回忆,回憶,huí yì,to recall,no lexical issue identified in this pass,,,,,13631,True,True,True,True,True,True,4,True,4,,
hsk-old-4-因此,4,因此,因此,yīn cǐ,therefore,no lexical issue identified in this pass,,,,,13648,True,True,True,True,True,True,4,True,4,,
hsk-old-4-困,4,困,困,kùn,sleepy,no lexical issue identified in this pass,,,,,13663,True,True,True,True,True,True,4,True,4,,
hsk-old-4-困难,4,困难,困難,kùn nan,difficulty,no lexical issue identified in this pass,,,,,13685,True,True,True,True,True,True,4,True,4,,
hsk-old-4-国际,4,国际,國際,guó jì,international,no lexical issue identified in this pass,,,,,13704,True,True,True,True,True,True,4,True,4,,
hsk-old-4-圆,4,圆,圓,yuán,round,no lexical issue identified in this pass,,,,,13719,True,True,True,True,True,True,4,True,5,,
hsk-old-4-地址,4,地址,地址,dì zhǐ,address,no lexical issue identified in this pass,,,,,13744,True,True,True,True,True,True,4,True,4,,
hsk-old-4-地球,4,地球,地球,dì qiú,the Earth,no lexical issue identified in this pass,,,,,13759,True,True,True,True,True,True,4,True,4,,
hsk-old-4-场,4,场,場,chǎng,courtyard,finding,P2,definition,venue; classifier for events,Courtyard is a poor sole gloss for this common classifier.,13774,True,True,True,True,True,True,4,True,4,,
hsk-old-4-坚持,4,坚持,堅持,jiān chí,persist in,no lexical issue identified in this pass,,,,,13794,True,True,True,True,True,True,4,True,4,,
hsk-old-4-垃圾桶,4,垃圾桶,垃圾桶,lā jī tǒng,garbage can,no lexical issue identified in this pass,,,,,13811,True,True,True,True,True,True,4,True,4,,
hsk-old-4-基础,4,基础,基礎,jī chǔ,base,no lexical issue identified in this pass,,,,,13829,True,True,True,True,True,True,4,True,4,,
hsk-old-4-堵车,4,堵车,堵車,dǔ chē,traffic jam,no lexical issue identified in this pass,,,,,13845,True,True,True,True,True,True,4,True,4,,
hsk-old-4-塑料袋,4,塑料袋,塑料袋,sù liào dài,plastic bag,no lexical issue identified in this pass,,,,,13862,True,True,True,True,True,True,4,True,4,,
hsk-old-4-填空,4,填空,填空,tián kòng,fill in the blanks,no lexical issue identified in this pass,,,,,13877,True,True,True,True,True,True,4,True,4,,
hsk-old-4-墙,4,墙,牆,qiáng,wall,no lexical issue identified in this pass,,,,,13893,True,True,True,True,True,True,4,True,5,,
hsk-old-4-增加,4,增加,增加,zēng jiā,to increase,no lexical issue identified in this pass,,,,,13908,True,True,True,True,True,True,4,True,4,,
hsk-old-4-增长,4,增长,增長,zēng zhǎng,to grow,no lexical issue identified in this pass,,,,,13925,True,True,True,True,True,True,4,False,,,
hsk-old-4-复印,4,复印,複印,fù yìn,photocopy,no lexical issue identified in this pass,,,,,13942,True,True,True,True,True,True,4,True,4,,
hsk-old-4-复杂,4,复杂,複雜,fù zá,complicated,no lexical issue identified in this pass,,,,,13959,True,True,True,True,True,True,4,True,4,,
hsk-old-4-够,4,够,夠,gòu,enough,no lexical issue identified in this pass,,,,,13974,True,True,True,True,True,True,4,True,4,,
hsk-old-4-大使馆,4,大使馆,大使館,dà shǐ guǎn,embassy,no lexical issue identified in this pass,,,,,13993,True,True,True,True,True,True,4,True,4,,
hsk-old-4-大夫,4,大夫,大夫,dài fu,doctor,no lexical issue identified in this pass,,,,,14008,True,True,True,True,True,True,4,True,4,,
hsk-old-4-大概,4,大概,大概,dà gài,probably,no lexical issue identified in this pass,,,,,14024,True,True,True,True,True,True,4,True,4,,
hsk-old-4-大约,4,大约,大約,dà yuē,approximately,no lexical issue identified in this pass,,,,,14045,True,True,True,True,True,True,4,True,4,,
hsk-old-4-失望,4,失望,失望,shī wàng,disappointed,no lexical issue identified in this pass,,,,,14061,True,True,True,True,True,True,4,True,4,,
hsk-old-4-失败,4,失败,失敗,shī bài,be defeated,no lexical issue identified in this pass,,,,,14080,True,True,True,True,True,True,4,True,4,,
hsk-old-4-奖金,4,奖金,獎金,jiǎng jīn,bonus,no lexical issue identified in this pass,,,,,14100,True,True,True,True,True,True,4,True,4,,
hsk-old-4-好像,4,好像,好像,hǎo xiàng,as if,no lexical issue identified in this pass,,,,,14117,True,True,True,True,True,True,4,True,4,,
hsk-old-4-好处,4,好处,好處,hǎo chu,benefit,no lexical issue identified in this pass,,,,,14133,True,True,True,True,True,True,4,True,4,,
hsk-old-4-孙子,4,孙子,孫子,sūn zi,grandson,no lexical issue identified in this pass,,,,,14150,True,True,True,True,True,True,4,True,4,personal-name POS appears on a common-word reading; review sense-specific tags,
hsk-old-4-孤单,4,孤单,孤單,gū dān,lone,no lexical issue identified in this pass,,,,,14167,True,True,True,True,True,True,4,False,,,
hsk-old-4-安全,4,安全,安全,ān quán,safe,no lexical issue identified in this pass,,,,,14185,True,True,True,True,True,True,4,True,4,,
hsk-old-4-安排,4,安排,安排,ān pái,arrange,no lexical issue identified in this pass,,,,,14204,True,True,True,True,True,True,4,True,4,,
hsk-old-4-完全,4,完全,完全,wán quán,complete,no lexical issue identified in this pass,,,,,14224,True,True,True,True,True,True,4,True,4,,
hsk-old-4-实在,4,实在,實在,shí zài,honest,finding,P2,definition,really; indeed; honest,Honest alone omits common adverbial uses.,14241,True,True,True,True,True,True,4,True,4,,
hsk-old-4-实际,4,实际,實際,shí jì,actual,no lexical issue identified in this pass,,,,,14264,True,True,True,True,True,True,4,True,4,,
hsk-old-4-害羞,4,害羞,害羞,hài xiū,blush,finding,P2,definition,shy; embarrassed,Blush describes a possible reaction rather than the state.,14286,True,True,True,True,True,True,4,True,4,,
hsk-old-4-家具,4,家具,家具,jiā jù,furniture,no lexical issue identified in this pass,,,,,14303,True,True,True,True,True,True,4,True,4,,
hsk-old-4-宽,4,宽,寬,kuān,wide,no lexical issue identified in this pass,,,,,14318,True,True,True,True,True,True,4,True,5,,
hsk-old-4-寄,4,寄,寄,jì,send by mail,no lexical issue identified in this pass,,,,,14337,True,True,True,True,True,True,4,True,4,,
hsk-old-4-密码,4,密码,密碼,mì mǎ,password,no lexical issue identified in this pass,,,,,14359,True,True,True,True,True,True,4,True,4,,
hsk-old-4-富,4,富,富,fù,wealthy,no lexical issue identified in this pass,,,,,14375,True,True,True,True,True,True,4,True,4,,
hsk-old-4-寒假,4,寒假,寒假,hán jià,winter vacation,no lexical issue identified in this pass,,,,,14393,True,True,True,True,True,True,4,True,4,,
hsk-old-4-对,4,对,對,duì,correct,no lexical issue identified in this pass,,,,,14408,True,True,True,True,True,True,4,True,2,,
hsk-old-4-对话,4,对话,對話,duì huà,dialogue,no lexical issue identified in this pass,,,,,14437,True,True,True,True,True,True,4,True,4,,
hsk-old-4-对面,4,对面,對面,duì miàn,opposite,no lexical issue identified in this pass,,,,,14454,True,True,True,True,True,True,4,True,4,,
hsk-old-4-导游,4,导游,導遊,dǎo yóu,tour guide,no lexical issue identified in this pass,,,,,14474,True,True,True,True,True,True,4,True,4,,
hsk-old-4-将来,4,将来,將來,jiāng lái,the future,no lexical issue identified in this pass,,,,,14491,True,True,True,True,True,True,4,True,4,,
hsk-old-4-尊重,4,尊重,尊重,zūn zhòng,esteem,no lexical issue identified in this pass,,,,,14508,True,True,True,True,True,True,4,True,4,,
hsk-old-4-小说,4,小说,小說,xiǎo shuō,novel,no lexical issue identified in this pass,,,,,14530,True,True,True,True,True,True,4,True,4,,
hsk-old-4-尝,4,尝,嘗,cháng,to taste,no lexical issue identified in this pass,,,,,14546,True,True,True,True,True,True,4,True,4,,
hsk-old-4-尤其,4,尤其,尤其,yóu qí,especially,no lexical issue identified in this pass,,,,,14563,True,True,True,True,True,True,4,True,4,,
hsk-old-4-尽管,4,尽管,儘管,jǐn guǎn,despite,no lexical issue identified in this pass,,,,,14578,True,True,True,True,True,True,4,True,4,,
hsk-old-4-工具,4,工具,工具,gōng jù,tool,no lexical issue identified in this pass,,,,,14600,True,True,True,True,True,True,4,True,5,,
hsk-old-4-工资,4,工资,工資,gōng zī,wages,no lexical issue identified in this pass,,,,,14618,True,True,True,True,True,True,4,True,4,,
hsk-old-4-巧克力,4,巧克力,巧克力,qiǎo kè lì,chocolate,no lexical issue identified in this pass,,,,,14633,True,True,True,True,True,True,4,True,4,,
hsk-old-4-差不多,4,差不多,差不多,chà bu duō,almost,no lexical issue identified in this pass,,,,,14648,True,True,True,True,True,True,4,True,4,,
hsk-old-4-市场,4,市场,市場,shì chǎng,market,no lexical issue identified in this pass,,,,,14668,True,True,True,True,True,True,4,True,5,,
hsk-old-4-帅,4,帅,帥,shuài,handsome,no lexical issue identified in this pass,,,,,14684,True,True,True,True,True,True,4,True,4,personal-name POS appears on a common-word reading; review sense-specific tags,
hsk-old-4-师傅,4,师傅,師傅,shī fu,master,no lexical issue identified in this pass,,,,,14704,True,True,True,True,True,True,4,True,4,,
hsk-old-4-干,4,干,幹,gàn,to concern,finding,P1,reading/sense,gàn; to do; to work,To concern belongs to gān; it conflicts with the intentionally selected gàn form.,14721,True,True,True,True,True,True,4,True,4,,
hsk-old-4-干杯,4,干杯,乾杯,gān bēi,to drink a toast,no lexical issue identified in this pass,,,,,14747,True,True,True,True,True,True,4,True,4,,
hsk-old-4-干燥,4,干燥,乾燥,gān zào,"to dry (of paint, cement, etc.)",finding,P2,definition,dry; dryness,To dry paint is a narrow process sense and misses the common adjective.,14766,True,True,True,True,True,True,4,True,5,,
hsk-old-4-平时,4,平时,平時,píng shí,ordinarily,no lexical issue identified in this pass,,,,,14787,True,True,True,True,True,True,4,True,4,,
hsk-old-4-年龄,4,年龄,年齡,nián líng,(a person's) age,no lexical issue identified in this pass,,,,,14804,True,True,True,True,True,True,4,True,4,,
hsk-old-4-并且,4,并且,並且,bìng qiě,and,no lexical issue identified in this pass,,,,,14819,True,True,True,True,True,True,4,True,4,,
hsk-old-4-幸福,4,幸福,幸福,xìng fú,happy,no lexical issue identified in this pass,,,,,14838,True,True,True,True,True,True,4,True,4,,
hsk-old-4-幽默,4,幽默,幽默,yōu mò,humorous,no lexical issue identified in this pass,,,,,14857,True,True,True,True,True,True,4,True,4,,
hsk-old-4-广告,4,广告,廣告,guǎng gào,advertisement,no lexical issue identified in this pass,,,,,14874,True,True,True,True,True,True,4,True,4,,
hsk-old-4-广播,4,广播,廣播,guǎng bō,broadcast,no lexical issue identified in this pass,,,,,14891,True,True,True,True,True,True,4,True,4,,
hsk-old-4-底,4,底,底,dǐ,bottom,no lexical issue identified in this pass,,,,,14912,True,True,True,True,True,True,4,True,4,,
hsk-old-4-座,4,座,座,zuò,"classifier for mountains, bridges, tall buildings, etc.",no lexical issue identified in this pass,,,,,14934,True,True,True,True,True,True,4,True,4,,
hsk-old-4-座位,4,座位,座位,zuò wèi,seat,no lexical issue identified in this pass,,,,,14954,True,True,True,True,True,True,4,True,4,,
hsk-old-4-开玩笑,4,开玩笑,開玩笑,kāi wán xiào,joke,no lexical issue identified in this pass,,,,,14969,True,True,True,True,True,True,4,True,4,,
hsk-old-4-弄,4,弄,弄,nòng,do,no lexical issue identified in this pass,,,,,14986,True,True,True,True,True,True,4,True,4,,
hsk-old-4-引起,4,引起,引起,yǐn qǐ,give rise to,no lexical issue identified in this pass,,,,,15008,True,True,True,True,True,True,4,True,4,,
hsk-old-4-弹,4,弹,彈,tán,to pluck (a string),no lexical issue identified in this pass,,,,,15023,True,True,True,True,True,True,4,False,,,
hsk-old-4-当,4,当,當,dāng,should,finding,P2,definition,to serve as; when; at,Should is an uncommon reading-dependent sense for the standalone study word.,15049,True,True,True,True,True,True,4,True,4,,
hsk-old-4-当地,4,当地,當地,dāng dì,local,no lexical issue identified in this pass,,,,,15080,True,True,True,True,True,True,4,True,5,,
hsk-old-4-当时,4,当时,當時,dāng shí,then,no lexical issue identified in this pass,,,,,15095,True,True,True,True,True,True,4,True,4,,
hsk-old-4-往,4,往,往,wǎng,to go (in a direction),no lexical issue identified in this pass,,,,,15112,True,True,True,True,True,True,4,True,2,,
hsk-old-4-往往,4,往往,往往,wǎng wǎng,often,no lexical issue identified in this pass,,,,,15133,True,True,True,True,True,True,4,True,4,,
hsk-old-4-律师,4,律师,律師,lǜ shī,lawyer,no lexical issue identified in this pass,,,,,15150,True,True,True,True,True,True,4,True,4,,
hsk-old-4-得意,4,得意,得意,dé yì,proud of oneself,no lexical issue identified in this pass,,,,,15165,True,True,True,True,True,True,4,True,4,,
hsk-old-4-心情,4,心情,心情,xīn qíng,mood,no lexical issue identified in this pass,,,,,15183,True,True,True,True,True,True,4,True,4,,
hsk-old-4-忽然,4,忽然,忽然,hū rán,suddenly,no lexical issue identified in this pass,,,,,15198,True,True,True,True,True,True,4,True,5,,
hsk-old-4-怀疑,4,怀疑,懷疑,huái yí,doubt,no lexical issue identified in this pass,,,,,15213,True,True,True,True,True,True,4,True,4,,
hsk-old-4-态度,4,态度,態度,tài du,manner,no lexical issue identified in this pass,,,,,15233,True,True,True,True,True,True,4,True,4,,
hsk-old-4-性别,4,性别,性別,xìng bié,gender,no lexical issue identified in this pass,,,,,15251,True,True,True,True,True,True,4,True,4,,
hsk-old-4-性格,4,性格,性格,xìng gé,nature,no lexical issue identified in this pass,,,,,15267,True,True,True,True,True,True,4,True,4,,
hsk-old-4-总结,4,总结,總結,zǒng jié,summarize,no lexical issue identified in this pass,,,,,15285,True,True,True,True,True,True,4,True,4,,
hsk-old-4-恐怕,4,恐怕,恐怕,kǒng pà,be afraid,no lexical issue identified in this pass,,,,,15304,True,True,True,True,True,True,4,True,4,,
hsk-old-4-情况,4,情况,情況,qíng kuàng,circumstance,no lexical issue identified in this pass,,,,,15323,True,True,True,True,True,True,4,True,4,,
hsk-old-4-愉快,4,愉快,愉快,yú kuài,happy,no lexical issue identified in this pass,,,,,15338,True,True,True,True,True,True,4,True,4,,
hsk-old-4-意见,4,意见,意見,yì jiàn,opinion,no lexical issue identified in this pass,,,,,15362,True,True,True,True,True,True,4,True,4,,
hsk-old-4-感动,4,感动,感動,gǎn dòng,be moved,no lexical issue identified in this pass,,,,,15381,True,True,True,True,True,True,4,True,4,,
hsk-old-4-感情,4,感情,感情,gǎn qíng,feeling,no lexical issue identified in this pass,,,,,15401,True,True,True,True,True,True,4,True,4,,
hsk-old-4-感觉,4,感觉,感覺,gǎn jué,to feel,no lexical issue identified in this pass,,,,,15419,True,True,True,True,True,True,4,True,4,,
hsk-old-4-感谢,4,感谢,感謝,gǎn xiè,thank,no lexical issue identified in this pass,,,,,15436,True,True,True,True,True,True,4,True,4,,
hsk-old-4-懒,4,懒,懶,lǎn,lazy,no lexical issue identified in this pass,,,,,15456,True,True,True,True,True,True,4,True,4,,
hsk-old-4-成为,4,成为,成為,chéng wéi,become,no lexical issue identified in this pass,,,,,15471,True,True,True,True,True,True,4,True,4,,
hsk-old-4-成功,4,成功,成功,chéng gōng,success,no lexical issue identified in this pass,,,,,15486,True,True,True,True,True,True,4,True,4,,
hsk-old-4-成熟,4,成熟,成熟,chéng shú,mature,no lexical issue identified in this pass,,,,,15504,True,True,True,True,True,True,4,True,5,,
hsk-old-4-戴,4,戴,戴,dài,put on,no lexical issue identified in this pass,,,,,15522,True,True,True,True,True,True,4,True,4,personal-name POS appears on a common-word reading; review sense-specific tags,
hsk-old-4-所有,4,所有,所有,suǒ yǒu,all,no lexical issue identified in this pass,,,,,15541,True,True,True,True,True,True,4,True,4,,
hsk-old-4-打印,4,打印,打印,dǎ yìn,to print,no lexical issue identified in this pass,,,,,15558,True,True,True,True,True,True,4,True,4,,
hsk-old-4-打扮,4,打扮,打扮,dǎ ban,dress up,no lexical issue identified in this pass,,,,,15576,True,True,True,True,True,True,4,True,4,,
hsk-old-4-打扰,4,打扰,打擾,dǎ rǎo,disturb,no lexical issue identified in this pass,,,,,15597,True,True,True,True,True,True,4,True,4,,
hsk-old-4-打折,4,打折,打折,dǎ zhé,sell at a discount,no lexical issue identified in this pass,,,,,15614,True,True,True,True,True,True,4,True,4,,
hsk-old-4-打针,4,打针,打針,dǎ zhēn,inject,no lexical issue identified in this pass,,,,,15630,True,True,True,True,True,True,4,True,4,,
hsk-old-4-扔,4,扔,扔,rēng,to throw,no lexical issue identified in this pass,,,,,15645,True,True,True,True,True,True,4,True,4,,
hsk-old-4-扩大,4,扩大,擴大,kuò dà,enlarge,no lexical issue identified in this pass,,,,,15661,True,True,True,True,True,True,4,True,5,,
hsk-old-4-批评,4,批评,批評,pī píng,criticize,no lexical issue identified in this pass,,,,,15679,True,True,True,True,True,True,4,True,4,,
hsk-old-4-技术,4,技术,技術,jì shù,technology,no lexical issue identified in this pass,,,,,15695,True,True,True,True,True,True,4,True,4,,
hsk-old-4-护士,4,护士,護士,hù shi,nurse,no lexical issue identified in this pass,,,,,15710,True,True,True,True,True,True,4,True,4,,
hsk-old-4-报名,4,报名,報名,bào míng,sign up,no lexical issue identified in this pass,,,,,15725,True,True,True,True,True,True,4,True,4,,
hsk-old-4-报道,4,报道,報道,bào dào,to report,no lexical issue identified in this pass,,,,,15746,True,True,True,True,True,True,4,True,5,,
hsk-old-4-抬,4,抬,抬,tái,to lift,no lexical issue identified in this pass,,,,,15764,True,True,True,True,True,True,4,True,4,,
hsk-old-4-抱,4,抱,抱,bào,to hold,no lexical issue identified in this pass,,,,,15781,True,True,True,True,True,True,4,True,4,,
hsk-old-4-抱歉,4,抱歉,抱歉,bào qiàn,be sorry,no lexical issue identified in this pass,,,,,15802,True,True,True,True,True,True,4,True,4,,
hsk-old-4-抽烟,4,抽烟,抽煙,chōu yān,"to smoke (a cigarette, pipe, etc.)",no lexical issue identified in this pass,,,,,15821,True,True,True,True,True,True,4,True,4,,
hsk-old-4-拉,4,拉,拉,lā,to pull,no lexical issue identified in this pass,,,,,15836,True,True,True,True,True,True,4,True,4,,
hsk-old-4-拒绝,4,拒绝,拒絕,jù jué,to refuse,no lexical issue identified in this pass,,,,,15857,True,True,True,True,True,True,4,True,4,,
hsk-old-4-招聘,4,招聘,招聘,zhāo pìn,recruitment,no lexical issue identified in this pass,,,,,15873,True,True,True,True,True,True,4,True,4,,
hsk-old-4-挂,4,挂,掛,guà,hang,no lexical issue identified in this pass,,,,,15890,True,True,True,True,True,True,4,True,4,,
hsk-old-4-指,4,指,指,zhǐ,finger,finding,P2,definition,to point at; to refer to; finger,Finger alone omits the central verb uses.,15916,True,True,True,True,True,True,4,True,4,,
hsk-old-4-按时,4,按时,按時,àn shí,on time,no lexical issue identified in this pass,,,,,15937,True,True,True,True,True,True,4,True,4,,
hsk-old-4-按照,4,按照,按照,àn zhào,according to,no lexical issue identified in this pass,,,,,15954,True,True,True,True,True,True,4,True,4,,
hsk-old-4-挺,4,挺,挺,tǐng,straighten up,finding,P2,definition,quite; very; to straighten,Straighten up alone misses the common degree adverb.,15973,True,True,True,True,True,True,4,True,4,,
hsk-old-4-掉,4,掉,掉,diào,to drop,no lexical issue identified in this pass,,,,,16000,True,True,True,True,True,True,4,True,4,,
hsk-old-4-排列,4,排列,排列,pái liè,arrange,no lexical issue identified in this pass,,,,,16031,True,True,True,True,True,True,4,True,4,,
hsk-old-4-接受,4,接受,接受,jiē shòu,accept,no lexical issue identified in this pass,,,,,16048,True,True,True,True,True,True,4,True,4,,
hsk-old-4-推,4,推,推,tuī,to push,no lexical issue identified in this pass,,,,,16065,True,True,True,True,True,True,4,True,4,,
hsk-old-4-推迟,4,推迟,推遲,tuī chí,postpone,no lexical issue identified in this pass,,,,,16091,True,True,True,True,True,True,4,True,4,,
hsk-old-4-提供,4,提供,提供,tí gōng,to supply,no lexical issue identified in this pass,,,,,16108,True,True,True,True,True,True,4,True,4,,
hsk-old-4-提前,4,提前,提前,tí qián,shift to an earlier date,no lexical issue identified in this pass,,,,,16126,True,True,True,True,True,True,4,True,4,,
hsk-old-4-提醒,4,提醒,提醒,tí xǐng,remind,no lexical issue identified in this pass,,,,,16144,True,True,True,True,True,True,4,True,4,,
hsk-old-4-握手,4,握手,握手,wò shǒu,to shake hands,no lexical issue identified in this pass,,,,,16162,True,True,True,True,True,True,4,True,5,,
hsk-old-4-撞,4,撞,撞,zhuàng,to hit,no lexical issue identified in this pass,,,,,16178,True,True,True,True,True,True,4,True,5,,
hsk-old-4-擦,4,擦,擦,cā,to wipe,no lexical issue identified in this pass,,,,,16196,True,True,True,True,True,True,4,True,4,,
hsk-old-4-支持,4,支持,支持,zhī chí,sustain,no lexical issue identified in this pass,,,,,16215,True,True,True,True,True,True,4,True,4,,
hsk-old-4-收,4,收,收,shōu,receive,no lexical issue identified in this pass,,,,,16236,True,True,True,True,True,True,4,True,4,,
hsk-old-4-收入,4,收入,收入,shōu rù,take in,finding,P2,definition,income; revenue,Take in hides the common financial noun.,16257,True,True,True,True,True,True,4,True,4,,
hsk-old-4-收拾,4,收拾,收拾,shōu shi,to tidy,no lexical issue identified in this pass,,,,,16275,True,True,True,True,True,True,4,True,4,,
hsk-old-4-改变,4,改变,改變,gǎi biàn,to change,no lexical issue identified in this pass,,,,,16295,True,True,True,True,True,True,4,True,4,,
hsk-old-4-放弃,4,放弃,放棄,fàng qì,abandon,no lexical issue identified in this pass,,,,,16313,True,True,True,True,True,True,4,True,4,,
hsk-old-4-放暑假,4,放暑假,放暑假,fàng shǔ jià,have summer vacation,no lexical issue identified in this pass,,,,,16328,True,True,True,True,True,True,4,True,4,no part-of-speech metadata; allowed by the current data contract,
hsk-old-4-故意,4,故意,故意,gù yì,deliberately,no lexical issue identified in this pass,,,,,16341,True,True,True,True,True,True,4,True,4,,
hsk-old-4-效果,4,效果,效果,xiào guǒ,effect,no lexical issue identified in this pass,,,,,16357,True,True,True,True,True,True,4,True,4,,
hsk-old-4-教授,4,教授,教授,jiào shòu,professor,no lexical issue identified in this pass,,,,,16375,True,True,True,True,True,True,4,True,4,,
hsk-old-4-教育,4,教育,教育,jiào yù,education,no lexical issue identified in this pass,,,,,16393,True,True,True,True,True,True,4,True,4,,
hsk-old-4-散步,4,散步,散步,sàn bù,to go for a walk,no lexical issue identified in this pass,,,,,16411,True,True,True,True,True,True,4,True,4,,
hsk-old-4-数字,4,数字,數字,shù zì,number,no lexical issue identified in this pass,,,,,16427,True,True,True,True,True,True,4,True,4,,
hsk-old-4-数量,4,数量,數量,shù liàng,amount,no lexical issue identified in this pass,,,,,16447,True,True,True,True,True,True,4,True,4,,
hsk-old-4-敲,4,敲,敲,qiāo,knock,no lexical issue identified in this pass,,,,,16464,True,True,True,True,True,True,4,True,4,,
hsk-old-4-整理,4,整理,整理,zhěng lǐ,put in order,no lexical issue identified in this pass,,,,,16485,True,True,True,True,True,True,4,True,4,,
hsk-old-4-整齐,4,整齐,整齊,zhěng qí,tidy,no lexical issue identified in this pass,,,,,16507,True,True,True,True,True,True,4,True,5,,
hsk-old-4-文章,4,文章,文章,wén zhāng,article,no lexical issue identified in this pass,,,,,16526,True,True,True,True,True,True,4,True,4,,
hsk-old-4-断,4,断,斷,duàn,to break,no lexical issue identified in this pass,,,,,16545,True,True,True,True,True,True,4,True,5,,
hsk-old-4-方向,4,方向,方向,fāng xiàng,direction,no lexical issue identified in this pass,,,,,16568,True,True,True,True,True,True,4,True,4,,
hsk-old-4-方法,4,方法,方法,fāng fǎ,method,no lexical issue identified in this pass,,,,,16583,True,True,True,True,True,True,4,True,4,,
hsk-old-4-方面,4,方面,方面,fāng miàn,aspect,no lexical issue identified in this pass,,,,,16600,True,True,True,True,True,True,4,True,4,,
hsk-old-4-无,4,无,無,wú,have not,no lexical issue identified in this pass,,,,,16618,True,True,True,True,True,True,4,True,4,,
hsk-old-4-无聊,4,无聊,無聊,wú liáo,nonsense,finding,P2,definition,bored; boring,Nonsense is a poor main explanation for ordinary conversational use.,16639,True,True,True,True,True,True,4,True,4,,
hsk-old-4-无论,4,无论,無論,wú lùn,no matter what,no lexical issue identified in this pass,,,,,16657,True,True,True,True,True,True,4,True,4,,
hsk-old-4-既然,4,既然,既然,jì rán,since,no lexical issue identified in this pass,,,,,16673,True,True,True,True,True,True,4,True,4,,
hsk-old-4-日记,4,日记,日記,rì jì,diary,no lexical issue identified in this pass,,,,,16690,True,True,True,True,True,True,4,True,4,,
hsk-old-4-普遍,4,普遍,普遍,pǔ biàn,common,no lexical issue identified in this pass,,,,,16705,True,True,True,True,True,True,4,True,4,,
hsk-old-4-暂时,4,暂时,暫時,zàn shí,temporary,no lexical issue identified in this pass,,,,,16724,True,True,True,True,True,True,4,True,4,,
hsk-old-4-暖和,4,暖和,暖和,nuǎn huo,warm,no lexical issue identified in this pass,,,,,16742,True,True,True,True,True,True,4,True,4,,
hsk-old-4-暗,4,暗,暗,àn,dark,no lexical issue identified in this pass,,,,,16759,True,True,True,True,True,True,4,True,5,,
hsk-old-4-最后,4,最后,最後,zuì hòu,last,no lexical issue identified in this pass,,,,,16778,True,True,True,True,True,True,4,True,3,,
hsk-old-4-最好,4,最好,最好,zuì hǎo,the best,no lexical issue identified in this pass,,,,,16796,True,True,True,True,True,True,4,True,4,,
hsk-old-4-有趣,4,有趣,有趣,yǒu qù,interesting,no lexical issue identified in this pass,,,,,16812,True,True,True,True,True,True,4,True,4,,
hsk-old-4-本来,4,本来,本來,běn lái,originally,no lexical issue identified in this pass,,,,,16829,True,True,True,True,True,True,4,True,4,,
hsk-old-4-朵,4,朵,朵,duǒ,classifier for flowers and clouds,no lexical issue identified in this pass,,,,,16849,True,True,True,True,True,True,4,True,5,,
hsk-old-4-杂志,4,杂志,雜誌,zá zhì,magazine,no lexical issue identified in this pass,,,,,16868,True,True,True,True,True,True,4,True,4,,
hsk-old-4-材料,4,材料,材料,cái liào,material,no lexical issue identified in this pass,,,,,16883,True,True,True,True,True,True,4,True,4,,
hsk-old-4-条件,4,条件,條件,tiáo jiàn,condition,no lexical issue identified in this pass,,,,,16900,True,True,True,True,True,True,4,True,4,,
hsk-old-4-来不及,4,来不及,來不及,lái bu jí,there's not enough time (to do something),no lexical issue identified in this pass,,,,,16917,True,True,True,True,True,True,4,True,4,,
hsk-old-4-来得及,4,来得及,來得及,lái de jí,there's still time,no lexical issue identified in this pass,,,,,16933,True,True,True,True,True,True,4,True,4,,
hsk-old-4-极其,4,极其,極其,jí qí,extremely,no lexical issue identified in this pass,,,,,16948,True,True,True,True,True,True,4,True,5,,
hsk-old-4-果然,4,果然,果然,guǒ rán,really,no lexical issue identified in this pass,,,,,16963,True,True,True,True,True,True,4,True,5,,
hsk-old-4-标准,4,标准,標準,biāo zhǔn,(an official) standard,no lexical issue identified in this pass,,,,,16982,True,True,True,True,True,True,4,True,4,,
hsk-old-4-样子,4,样子,樣子,yàng zi,manner,no lexical issue identified in this pass,,,,,17000,True,True,True,True,True,True,4,True,4,,
hsk-old-4-桥,4,桥,橋,qiáo,bridge,no lexical issue identified in this pass,,,,,17018,True,True,True,True,True,True,4,True,4,,
hsk-old-4-梦,4,梦,夢,mèng,to dream,no lexical issue identified in this pass,,,,,17033,True,True,True,True,True,True,4,True,4,,
hsk-old-4-森林,4,森林,森林,sēn lín,forest,no lexical issue identified in this pass,,,,,17050,True,True,True,True,True,True,4,True,4,,
hsk-old-4-棵,4,棵,棵,kē,classifier for plants,no lexical issue identified in this pass,,,,,17065,True,True,True,True,True,True,4,True,4,,
hsk-old-4-植物,4,植物,植物,zhí wù,plant,no lexical issue identified in this pass,,,,,17080,True,True,True,True,True,True,4,True,4,,
hsk-old-4-正好,4,正好,正好,zhèng hǎo,just (in time),no lexical issue identified in this pass,,,,,17096,True,True,True,True,True,True,4,True,4,,
hsk-old-4-正常,4,正常,正常,zhèng cháng,normal,no lexical issue identified in this pass,,,,,17117,True,True,True,True,True,True,4,True,4,,
hsk-old-4-正式,4,正式,正式,zhèng shì,formal,no lexical issue identified in this pass,,,,,17135,True,True,True,True,True,True,4,True,4,,
hsk-old-4-正确,4,正确,正確,zhèng què,correct,no lexical issue identified in this pass,,,,,17151,True,True,True,True,True,True,4,True,4,,
hsk-old-4-死,4,死,死,sǐ,to die,no lexical issue identified in this pass,,,,,17167,True,True,True,True,True,True,4,True,4,,extremely
hsk-old-4-母亲,4,母亲,母親,mǔ qīn,mother,no lexical issue identified in this pass,,,,,17191,True,True,True,True,True,True,4,True,4,,
hsk-old-4-毕业,4,毕业,畢業,bì yè,to graduate,no lexical issue identified in this pass,,,,,17207,True,True,True,True,True,True,4,True,4,,
hsk-old-4-毛巾,4,毛巾,毛巾,máo jīn,towel,no lexical issue identified in this pass,,,,,17225,True,True,True,True,True,True,4,True,4,,
hsk-old-4-民族,4,民族,民族,mín zú,nationality,finding,P2,definition,ethnic group; nationality,"Nationality alone can be confused with citizenship, 国籍.",17240,True,True,True,True,True,True,4,True,4,,
hsk-old-4-气候,4,气候,氣候,qì hòu,climate,no lexical issue identified in this pass,,,,,17255,True,True,True,True,True,True,4,True,4,,
hsk-old-4-永远,4,永远,永遠,yǒng yuǎn,forever,no lexical issue identified in this pass,,,,,17271,True,True,True,True,True,True,4,True,4,,
hsk-old-4-汗,4,汗,汗,hàn,sweat,no lexical issue identified in this pass,,,,,17288,True,True,True,True,True,True,4,True,4,,
hsk-old-4-污染,4,污染,污染,wū rǎn,pollution,no lexical issue identified in this pass,,,,,17305,True,True,True,True,True,True,4,True,4,,
hsk-old-4-汤,4,汤,湯,tāng,soup,no lexical issue identified in this pass,,,,,17321,True,True,True,True,True,True,4,True,4,personal-name POS appears on a common-word reading; review sense-specific tags,
hsk-old-4-沙发,4,沙发,沙發,shā fā,sofa,no lexical issue identified in this pass,,,,,17340,True,True,True,True,True,True,4,True,4,,
hsk-old-4-法律,4,法律,法律,fǎ lǜ,law,no lexical issue identified in this pass,,,,,17356,True,True,True,True,True,True,4,True,4,,
hsk-old-4-洗衣机,4,洗衣机,洗衣機,xǐ yī jī,washing machine,no lexical issue identified in this pass,,,,,17371,True,True,True,True,True,True,4,False,,,
hsk-old-4-活动,4,活动,活動,huó dòng,activity,no lexical issue identified in this pass,,,,,17386,True,True,True,True,True,True,4,True,4,,
hsk-old-4-活泼,4,活泼,活潑,huó po,lively,no lexical issue identified in this pass,,,,,17413,True,True,True,True,True,True,4,True,4,,
hsk-old-4-流利,4,流利,流利,liú lì,fluent,no lexical issue identified in this pass,,,,,17432,True,True,True,True,True,True,4,True,4,,
hsk-old-4-流泪,4,流泪,流淚,liú lèi,shed tears,no lexical issue identified in this pass,,,,,17448,True,True,True,True,True,True,4,True,5,,
hsk-old-4-流行,4,流行,流行,liú xíng,spread,finding,P2,definition,popular; fashionable; to circulate,Spread alone misses the common popularity sense.,17463,True,True,True,True,True,True,4,True,4,,
hsk-old-4-浪漫,4,浪漫,浪漫,làng màn,romantic,no lexical issue identified in this pass,,,,,17482,True,True,True,True,True,True,4,True,4,,
hsk-old-4-浪费,4,浪费,浪費,làng fèi,to waste,no lexical issue identified in this pass,,,,,17498,True,True,True,True,True,True,4,True,4,,
hsk-old-4-海洋,4,海洋,海洋,hǎi yáng,ocean,no lexical issue identified in this pass,,,,,17515,True,True,True,True,True,True,4,True,4,,
hsk-old-4-消息,4,消息,消息,xiāo xi,news,no lexical issue identified in this pass,,,,,17530,True,True,True,True,True,True,4,True,4,,
hsk-old-4-深,4,深,深,shēn,deep,no lexical issue identified in this pass,,,,,17546,True,True,True,True,True,True,4,True,4,,
hsk-old-4-温度,4,温度,溫度,wēn dù,temperature,no lexical issue identified in this pass,,,,,17564,True,True,True,True,True,True,4,True,4,,
hsk-old-4-湿润,4,湿润,濕潤,shī rùn,moist,no lexical issue identified in this pass,,,,,17579,True,True,True,True,True,True,4,True,5,,
hsk-old-4-满,4,满,滿,mǎn,full,no lexical issue identified in this pass,,,,,17595,True,True,True,True,True,True,4,True,4,,
hsk-old-4-演出,4,演出,演出,yǎn chū,to act (in a play),no lexical issue identified in this pass,,,,,17623,True,True,True,True,True,True,4,True,4,,
hsk-old-4-演员,4,演员,演員,yǎn yuán,actor or actress,no lexical issue identified in this pass,,,,,17644,True,True,True,True,True,True,4,True,4,,
hsk-old-4-激动,4,激动,激動,jī dòng,excite,no lexical issue identified in this pass,,,,,17660,True,True,True,True,True,True,4,True,4,,
hsk-old-4-火,4,火,火,huǒ,fire,no lexical issue identified in this pass,,,,,17678,True,True,True,True,True,True,4,True,4,,
hsk-old-4-烦恼,4,烦恼,煩惱,fán nǎo,worried,no lexical issue identified in this pass,,,,,17702,True,True,True,True,True,True,4,True,4,,
hsk-old-4-热闹,4,热闹,熱鬧,rè nao,bustling,no lexical issue identified in this pass,,,,,17720,True,True,True,True,True,True,4,True,4,,
hsk-old-4-然而,4,然而,然而,rán ér,however,no lexical issue identified in this pass,,,,,17736,True,True,True,True,True,True,4,True,4,,
hsk-old-4-熟悉,4,熟悉,熟悉,shú xī,familiar with,no lexical issue identified in this pass,,,,,17751,True,True,True,True,True,True,4,True,4,,
hsk-old-4-爱情,4,爱情,愛情,ài qíng,(romantic) love,no lexical issue identified in this pass,,,,,17768,True,True,True,True,True,True,4,True,4,,
hsk-old-4-父亲,4,父亲,父親,fù qīn,father,no lexical issue identified in this pass,,,,,17783,True,True,True,True,True,True,4,True,4,,
hsk-old-4-牙膏,4,牙膏,牙膏,yá gāo,toothpaste,no lexical issue identified in this pass,,,,,17799,True,True,True,True,True,True,4,True,4,,
hsk-old-4-特点,4,特点,特點,tè diǎn,a characteristic,no lexical issue identified in this pass,,,,,17814,True,True,True,True,True,True,4,True,4,,
hsk-old-4-狮子,4,狮子,獅子,shī zi,lion,no lexical issue identified in this pass,,,,,17831,True,True,True,True,True,True,4,True,5,,
hsk-old-4-猜,4,猜,猜,cāi,to guess,no lexical issue identified in this pass,,,,,17846,True,True,True,True,True,True,4,True,4,,
hsk-old-4-猪,4,猪,豬,zhū,pig,no lexical issue identified in this pass,,,,,17861,True,True,True,True,True,True,4,True,5,,
hsk-old-4-猴子,4,猴子,猴子,hóu zi,monkey,no lexical issue identified in this pass,,,,,17878,True,True,True,True,True,True,4,True,5,,
hsk-old-4-现代,4,现代,現代,xiàn dài,modern times,no lexical issue identified in this pass,,,,,17893,True,True,True,True,True,True,4,True,5,,
hsk-old-4-理发,4,理发,理髮,lǐ fà,"a barber, hairdressing",finding,P2,definition,to get or give a haircut,A barber incorrectly turns the activity into a person.,17910,True,True,True,True,True,True,4,True,4,,
hsk-old-4-理想,4,理想,理想,lǐ xiǎng,ideal,no lexical issue identified in this pass,,,,,17927,True,True,True,True,True,True,4,True,4,,
hsk-old-4-理解,4,理解,理解,lǐ jiě,comprehend,no lexical issue identified in this pass,,,,,17946,True,True,True,True,True,True,4,True,4,,
hsk-old-4-瓶子,4,瓶子,瓶子,píng zi,bottle,no lexical issue identified in this pass,,,,,17962,True,True,True,True,True,True,4,True,3,,
hsk-old-4-甚至,4,甚至,甚至,shèn zhì,even (to the point of),no lexical issue identified in this pass,,,,,17977,True,True,True,True,True,True,4,True,4,,
hsk-old-4-生命,4,生命,生命,shēng mìng,life,no lexical issue identified in this pass,,,,,17993,True,True,True,True,True,True,4,True,4,,
hsk-old-4-生活,4,生活,生活,shēng huó,life,no lexical issue identified in this pass,,,,,18009,True,True,True,True,True,True,4,True,4,,
hsk-old-4-由,4,由,由,yóu,follow,finding,P2,grammar,by; from; through,Follow hides the common preposition uses.,18027,True,True,True,True,True,True,4,True,4,,
hsk-old-4-由于,4,由于,由於,yóu yú,due to,no lexical issue identified in this pass,,,,,18047,True,True,True,True,True,True,4,True,4,,
hsk-old-4-申请,4,申请,申請,shēn qǐng,apply for,no lexical issue identified in this pass,,,,,18068,True,True,True,True,True,True,4,True,4,,
hsk-old-4-留,4,留,留,liú,"to leave (behind, a message)",no lexical issue identified in this pass,,,,,18086,True,True,True,True,True,True,4,True,4,,
hsk-old-4-留学,4,留学,留學,liú xué,study abroad,no lexical issue identified in this pass,,,,,18106,True,True,True,True,True,True,4,True,3,,
hsk-old-4-皮肤,4,皮肤,皮膚,pí fū,skin,no lexical issue identified in this pass,,,,,18122,True,True,True,True,True,True,4,True,4,,
hsk-old-4-盐,4,盐,鹽,yán,salt,no lexical issue identified in this pass,,,,,18137,True,True,True,True,True,True,4,True,4,,
hsk-old-4-盒子,4,盒子,盒子,hé zi,box,no lexical issue identified in this pass,,,,,18152,True,True,True,True,True,True,4,True,4,,
hsk-old-4-目的,4,目的,目的,mù dì,purpose,no lexical issue identified in this pass,,,,,18168,True,True,True,True,True,True,4,True,4,,
hsk-old-4-直接,4,直接,直接,zhí jiē,direct,no lexical issue identified in this pass,,,,,18183,True,True,True,True,True,True,4,True,4,,
hsk-old-4-相反,4,相反,相反,xiāng fǎn,opposite,no lexical issue identified in this pass,,,,,18201,True,True,True,True,True,True,4,True,4,,
hsk-old-4-省,4,省,省,shěng,to save,no lexical issue identified in this pass,,,,,18218,True,True,True,True,True,True,4,True,4,,
hsk-old-4-看法,4,看法,看法,kàn fǎ,point of view,no lexical issue identified in this pass,,,,,18238,True,True,True,True,True,True,4,True,4,,
hsk-old-4-真正,4,真正,真正,zhēn zhèng,genuine,no lexical issue identified in this pass,,,,,18255,True,True,True,True,True,True,4,True,4,,
hsk-old-4-知识,4,知识,知識,zhī shi,knowledge,no lexical issue identified in this pass,,,,,18272,True,True,True,True,True,True,4,True,4,,
hsk-old-4-研究生,4,研究生,研究生,yán jiū shēng,graduate student,no lexical issue identified in this pass,,,,,18288,True,True,True,True,True,True,4,False,,,
hsk-old-4-破,4,破,破,pò,broken,no lexical issue identified in this pass,,,,,18305,True,True,True,True,True,True,4,True,4,,
hsk-old-4-硕士,4,硕士,碩士,shuò shì,Master's degree (M.A.),no lexical issue identified in this pass,,,,,18332,True,True,True,True,True,True,4,True,4,,
hsk-old-4-硬,4,硬,硬,yìng,hard,no lexical issue identified in this pass,,,,,18349,True,True,True,True,True,True,4,True,5,,
hsk-old-4-确实,4,确实,確實,què shí,indeed,no lexical issue identified in this pass,,,,,18370,True,True,True,True,True,True,4,True,4,,
hsk-old-4-礼貌,4,礼貌,禮貌,lǐ mào,courtesy,no lexical issue identified in this pass,,,,,18391,True,True,True,True,True,True,4,True,4,,
hsk-old-4-社会,4,社会,社會,shè huì,society,no lexical issue identified in this pass,,,,,18409,True,True,True,True,True,True,4,True,4,,
hsk-old-4-祝贺,4,祝贺,祝賀,zhù hè,congratulate,no lexical issue identified in this pass,,,,,18424,True,True,True,True,True,True,4,True,4,,
hsk-old-4-禁止,4,禁止,禁止,jìn zhǐ,to ban,no lexical issue identified in this pass,,,,,18441,True,True,True,True,True,True,4,True,4,,
hsk-old-4-科学,4,科学,科學,kē xué,science,no lexical issue identified in this pass,,,,,18458,True,True,True,True,True,True,4,True,4,,
hsk-old-4-租,4,租,租,zū,to rent,no lexical issue identified in this pass,,,,,18478,True,True,True,True,True,True,4,True,4,,
hsk-old-4-积极,4,积极,積極,jī jí,active,no lexical issue identified in this pass,,,,,18500,True,True,True,True,True,True,4,True,4,,
hsk-old-4-积累,4,积累,積累,jī lěi,accumulate,no lexical issue identified in this pass,,,,,18520,True,True,True,True,True,True,4,True,4,,
hsk-old-4-稍微,4,稍微,稍微,shāo wēi,a little bit,no lexical issue identified in this pass,,,,,18540,True,True,True,True,True,True,4,True,4,,
hsk-old-4-究竟,4,究竟,究竟,jiū jìng,after all,no lexical issue identified in this pass,,,,,18555,True,True,True,True,True,True,4,True,4,,
hsk-old-4-穷,4,穷,窮,qióng,poor,no lexical issue identified in this pass,,,,,18576,True,True,True,True,True,True,4,True,4,,
hsk-old-4-空气,4,空气,空氣,kōng qì,air,no lexical issue identified in this pass,,,,,18599,True,True,True,True,True,True,4,True,4,,
hsk-old-4-窄,4,窄,窄,zhǎi,narrow,no lexical issue identified in this pass,,,,,18615,True,True,True,True,True,True,4,True,5,,
hsk-old-4-窗户,4,窗户,窗戶,chuāng hu,window,no lexical issue identified in this pass,,,,,18632,True,True,True,True,True,True,4,True,4,,
hsk-old-4-竞争,4,竞争,競爭,jìng zhēng,compete,no lexical issue identified in this pass,,,,,18647,True,True,True,True,True,True,4,True,4,,
hsk-old-4-竟然,4,竟然,竟然,jìng rán,unexpectedly,no lexical issue identified in this pass,,,,,18664,True,True,True,True,True,True,4,True,4,,
hsk-old-4-笑话,4,笑话,笑話,xiào hua,joke,no lexical issue identified in this pass,,,,,18684,True,True,True,True,True,True,4,True,4,,
hsk-old-4-笔记本,4,笔记本,筆記本,bǐ jì běn,notebook,no lexical issue identified in this pass,,,,,18700,True,True,True,True,True,True,4,True,3,,
hsk-old-4-符合,4,符合,符合,fú hé,in keeping with,no lexical issue identified in this pass,,,,,18716,True,True,True,True,True,True,4,True,4,,
hsk-old-4-笨,4,笨,笨,bèn,stupid,no lexical issue identified in this pass,,,,,18740,True,True,True,True,True,True,4,True,4,,
hsk-old-4-等,4,等,等,děng,to wait,no lexical issue identified in this pass,,,,,18760,True,True,True,True,True,True,4,True,2,,
hsk-old-4-答案,4,答案,答案,dá àn,answer,no lexical issue identified in this pass,,,,,18788,True,True,True,True,True,True,4,True,4,,
hsk-old-4-签证,4,签证,簽證,qiān zhèng,visa,no lexical issue identified in this pass,,,,,18804,True,True,True,True,True,True,4,True,4,,
hsk-old-4-算,4,算,算,suàn,to regard as,finding,P2,definition,to calculate; to count as,To regard as is valid but omits arithmetic.,18820,True,True,True,True,True,True,4,False,,,
hsk-old-4-管理,4,管理,管理,guǎn lǐ,supervise,no lexical issue identified in this pass,,,,,18839,True,True,True,True,True,True,4,True,4,,
hsk-old-4-篇,4,篇,篇,piān,sheet,finding,P2,definition,classifier for articles or written pieces,Sheet suggests 张 rather than the written-piece classifier.,18859,True,True,True,True,True,True,4,True,4,,
hsk-old-4-粗心,4,粗心,粗心,cū xīn,careless,no lexical issue identified in this pass,,,,,18878,True,True,True,True,True,True,4,True,4,,
hsk-old-4-精彩,4,精彩,精彩,jīng cǎi,brilliant,no lexical issue identified in this pass,,,,,18895,True,True,True,True,True,True,4,True,4,,
hsk-old-4-精神,4,精神,精神,jīng shen,vigor,no lexical issue identified in this pass,,,,,18912,True,True,True,True,True,True,4,True,5,,
hsk-old-4-紧张,4,紧张,緊張,jǐn zhāng,nervous,no lexical issue identified in this pass,,,,,18930,True,True,True,True,True,True,4,True,4,,
hsk-old-4-约会,4,约会,約會,yuē huì,appointment,no lexical issue identified in this pass,,,,,18953,True,True,True,True,True,True,4,True,4,,
hsk-old-4-组成,4,组成,組成,zǔ chéng,to form,no lexical issue identified in this pass,,,,,18973,True,True,True,True,True,True,4,True,5,,
hsk-old-4-组织,4,组织,組織,zǔ zhī,organize,no lexical issue identified in this pass,,,,,18991,True,True,True,True,True,True,4,True,5,,
hsk-old-4-经历,4,经历,經歷,jīng lì,undergo,no lexical issue identified in this pass,,,,,19010,True,True,True,True,True,True,4,True,4,,
hsk-old-4-经济,4,经济,經濟,jīng jì,economy,no lexical issue identified in this pass,,,,,19028,True,True,True,True,True,True,4,True,4,,
hsk-old-4-经验,4,经验,經驗,jīng yàn,experience,no lexical issue identified in this pass,,,,,19044,True,True,True,True,True,True,4,True,4,,
hsk-old-4-结果,4,结果,結果,jié guǒ,result,no lexical issue identified in this pass,,,,,19061,True,True,True,True,True,True,4,True,4,,
hsk-old-4-继续,4,继续,繼續,jì xù,to continue,no lexical issue identified in this pass,,,,,19083,True,True,True,True,True,True,4,True,4,,
hsk-old-4-缺少,4,缺少,缺少,quē shǎo,to lack,no lexical issue identified in this pass,,,,,19100,True,True,True,True,True,True,4,True,4,,
hsk-old-4-缺点,4,缺点,缺點,quē diǎn,weak point,no lexical issue identified in this pass,,,,,19119,True,True,True,True,True,True,4,True,4,,
hsk-old-4-网球,4,网球,網球,wǎng qiú,tennis,no lexical issue identified in this pass,,,,,19137,True,True,True,True,True,True,4,True,4,,
hsk-old-4-网站,4,网站,網站,wǎng zhàn,website,no lexical issue identified in this pass,,,,,19153,True,True,True,True,True,True,4,True,4,,
hsk-old-4-美丽,4,美丽,美麗,měi lì,beautiful,no lexical issue identified in this pass,,,,,19170,True,True,True,True,True,True,4,True,4,,
hsk-old-4-羡慕,4,羡慕,羨慕,xiàn mù,to envy,no lexical issue identified in this pass,,,,,19186,True,True,True,True,True,True,4,True,4,,
hsk-old-4-群,4,群,群,qún,crowd,no lexical issue identified in this pass,,,,,19203,True,True,True,True,True,True,4,True,5,,
hsk-old-4-羽毛球,4,羽毛球,羽毛球,yǔ máo qiú,badminton,no lexical issue identified in this pass,,,,,19221,True,True,True,True,True,True,4,True,4,,
hsk-old-4-翻译,4,翻译,翻譯,fān yì,translate,no lexical issue identified in this pass,,,,,19237,True,True,True,True,True,True,4,True,4,no part-of-speech metadata; allowed by the current data contract,
hsk-old-4-老虎,4,老虎,老虎,lǎo hǔ,tiger,no lexical issue identified in this pass,,,,,19255,True,True,True,True,True,True,4,True,4,,
hsk-old-4-考虑,4,考虑,考慮,kǎo lǜ,think over,no lexical issue identified in this pass,,,,,19270,True,True,True,True,True,True,4,True,4,,
hsk-old-4-而,4,而,而,ér,and,no lexical issue identified in this pass,,,,,19288,True,True,True,True,True,True,4,True,4,,
hsk-old-4-耐心,4,耐心,耐心,nài xīn,to be patient,no lexical issue identified in this pass,,,,,19311,True,True,True,True,True,True,4,True,4,,
hsk-old-4-聊天,4,聊天,聊天,liáo tiān,to chat,no lexical issue identified in this pass,,,,,19329,True,True,True,True,True,True,4,True,3,,
hsk-old-4-职业,4,职业,職業,zhí yè,profession,no lexical issue identified in this pass,,,,,19346,True,True,True,True,True,True,4,True,4,,
hsk-old-4-联系,4,联系,聯繫,lián xì,integrate,finding,P2,definition,to contact; connection,Integrate is an unsuitable primary gloss for keeping in touch.,19362,True,True,True,True,True,True,4,True,4,,
hsk-old-4-肚子,4,肚子,肚子,dù zi,belly,no lexical issue identified in this pass,,,,,19384,True,True,True,True,True,True,4,True,4,,
hsk-old-4-肯定,4,肯定,肯定,kěn dìng,sure,no lexical issue identified in this pass,,,,,19402,True,True,True,True,True,True,4,True,4,,
hsk-old-4-能力,4,能力,能力,néng lì,capability,no lexical issue identified in this pass,,,,,19426,True,True,True,True,True,True,4,True,4,,
hsk-old-4-脏,4,脏,髒,zāng,filthy,no lexical issue identified in this pass,,,,,19442,True,True,True,True,True,True,4,True,4,,
hsk-old-4-脱,4,脱,脫,tuō,to shed,no lexical issue identified in this pass,,,,,19460,True,True,True,True,True,True,4,True,4,,
hsk-old-4-脾气,4,脾气,脾氣,pí qi,temperament,no lexical issue identified in this pass,,,,,19478,True,True,True,True,True,True,4,True,4,,
hsk-old-4-自然,4,自然,自然,zì rán,nature,no lexical issue identified in this pass,,,,,19496,True,True,True,True,True,True,4,True,4,,
hsk-old-4-至少,4,至少,至少,zhì shǎo,at least,no lexical issue identified in this pass,,,,,19515,True,True,True,True,True,True,4,True,4,,
hsk-old-4-航班,4,航班,航班,háng bān,scheduled flight,no lexical issue identified in this pass,,,,,19531,True,True,True,True,True,True,4,True,4,,
hsk-old-4-艺术,4,艺术,藝術,yì shù,art,no lexical issue identified in this pass,,,,,19546,True,True,True,True,True,True,4,True,4,,
hsk-old-4-节约,4,节约,節約,jié yuē,frugal,finding,P2,definition,to save resources; economical,Frugal describes the idea but does not teach the common action.,19561,True,True,True,True,True,True,4,True,4,,
hsk-old-4-苦,4,苦,苦,kǔ,bitter,no lexical issue identified in this pass,,,,,19580,True,True,True,True,True,True,4,True,4,,
hsk-old-4-范围,4,范围,範圍,fàn wéi,scope,no lexical issue identified in this pass,,,,,19603,True,True,True,True,True,True,4,True,5,,
hsk-old-4-获得,4,获得,獲得,huò dé,obtain,no lexical issue identified in this pass,,,,,19621,True,True,True,True,True,True,4,True,4,,
hsk-old-4-著名,4,著名,著名,zhù míng,famous,no lexical issue identified in this pass,,,,,19636,True,True,True,True,True,True,4,True,4,no part-of-speech metadata; allowed by the current data contract,
hsk-old-4-血,4,血,血,xuè,blood,no lexical issue identified in this pass,,,,,19652,True,True,True,True,True,True,4,True,5,,
hsk-old-4-行,4,行,行,xíng,walk,finding,P2,definition,okay; to work; to be acceptable; to travel,Walk alone omits the frequent affirmative response.,19668,True,True,True,True,True,True,4,True,4,,
hsk-old-4-表扬,4,表扬,表揚,biǎo yáng,to praise,no lexical issue identified in this pass,,,,,19705,True,True,True,True,True,True,4,True,4,,
hsk-old-4-表格,4,表格,表格,biǎo gé,form (document),no lexical issue identified in this pass,,,,,19722,True,True,True,True,True,True,4,True,4,,
hsk-old-4-表达,4,表达,表達,biǎo dá,to express,no lexical issue identified in this pass,,,,,19738,True,True,True,True,True,True,4,True,5,,
hsk-old-4-袜子,4,袜子,襪子,wà zi,socks,no lexical issue identified in this pass,,,,,19754,True,True,True,True,True,True,4,True,4,,
hsk-old-4-西红柿,4,西红柿,西紅柿,xī hóng shì,tomato,no lexical issue identified in this pass,,,,,19770,True,True,True,True,True,True,4,True,4,,
hsk-old-4-观众,4,观众,觀眾,guān zhòng,spectator,no lexical issue identified in this pass,,,,,19785,True,True,True,True,True,True,4,True,4,,
hsk-old-4-规定,4,规定,規定,guī dìng,regulation,no lexical issue identified in this pass,,,,,19802,True,True,True,True,True,True,4,True,4,,
hsk-old-4-解释,4,解释,解釋,jiě shì,to explain,no lexical issue identified in this pass,,,,,19819,True,True,True,True,True,True,4,True,4,,
hsk-old-4-警察,4,警察,警察,jǐng chá,police,no lexical issue identified in this pass,,,,,19838,True,True,True,True,True,True,4,True,4,,
hsk-old-4-计划,4,计划,計劃,jì huà,plan,no lexical issue identified in this pass,,,,,19853,True,True,True,True,True,True,4,True,4,,
hsk-old-4-讨厌,4,讨厌,討厭,tǎo yàn,to hate,no lexical issue identified in this pass,,,,,19873,True,True,True,True,True,True,4,True,4,,
hsk-old-4-讨论,4,讨论,討論,tǎo lùn,to discuss,no lexical issue identified in this pass,,,,,19892,True,True,True,True,True,True,4,True,4,,
hsk-old-4-记者,4,记者,記者,jì zhě,reporter,no lexical issue identified in this pass,,,,,19908,True,True,True,True,True,True,4,True,4,,
hsk-old-4-许多,4,许多,許多,xǔ duō,many,no lexical issue identified in this pass,,,,,19923,True,True,True,True,True,True,4,True,4,,
hsk-old-4-访问,4,访问,訪問,fǎng wèn,to visit,no lexical issue identified in this pass,,,,,19940,True,True,True,True,True,True,4,True,6,,
hsk-old-4-证明,4,证明,證明,zhèng míng,proof,no lexical issue identified in this pass,,,,,19958,True,True,True,True,True,True,4,True,4,,
hsk-old-4-词典,4,词典,詞典,cí diǎn,dictionary,no lexical issue identified in this pass,,,,,19981,True,True,True,True,True,True,4,True,3,,
hsk-old-4-试,4,试,試,shì,to try,no lexical issue identified in this pass,,,,,19997,True,True,True,True,True,True,4,True,3,,
hsk-old-4-诚实,4,诚实,誠實,chéng shí,honest,no lexical issue identified in this pass,,,,,20017,True,True,True,True,True,True,4,True,4,,
hsk-old-4-详细,4,详细,詳細,xiáng xì,detailed,no lexical issue identified in this pass,,,,,20034,True,True,True,True,True,True,4,True,4,,
hsk-old-4-语法,4,语法,語法,yǔ fǎ,grammar,no lexical issue identified in this pass,,,,,20052,True,True,True,True,True,True,4,True,4,,
hsk-old-4-语言,4,语言,語言,yǔ yán,language,no lexical issue identified in this pass,,,,,20067,True,True,True,True,True,True,4,True,4,,
hsk-old-4-误会,4,误会,誤會,wù huì,to misunderstand,no lexical issue identified in this pass,,,,,20082,True,True,True,True,True,True,4,True,4,,
hsk-old-4-说明,4,说明,說明,shuō míng,explain,no lexical issue identified in this pass,,,,,20100,True,True,True,True,True,True,4,True,4,,
hsk-old-4-请假,4,请假,請假,qǐng jià,to ask for time off,no lexical issue identified in this pass,,,,,20124,True,True,True,True,True,True,4,True,3,,
hsk-old-4-请客,4,请客,請客,qǐng kè,to give a dinner party,no lexical issue identified in this pass,,,,,20139,True,True,True,True,True,True,4,False,,,
hsk-old-4-调查,4,调查,調查,diào chá,investigate,no lexical issue identified in this pass,,,,,20156,True,True,True,True,True,True,4,True,4,,
hsk-old-4-谈,4,谈,談,tán,to talk,no lexical issue identified in this pass,,,,,20177,True,True,True,True,True,True,4,True,4,,
hsk-old-4-负责,4,负责,負責,fù zé,responsible for (something),no lexical issue identified in this pass,,,,,20197,True,True,True,True,True,True,4,True,4,,
hsk-old-4-责任,4,责任,責任,zé rèn,responsibility,no lexical issue identified in this pass,,,,,20217,True,True,True,True,True,True,4,True,4,,
hsk-old-4-质量,4,质量,質量,zhì liàng,quality,no lexical issue identified in this pass,,,,,20234,True,True,True,True,True,True,4,True,4,,
hsk-old-4-购物,4,购物,購物,gòu wù,go shopping,no lexical issue identified in this pass,,,,,20250,True,True,True,True,True,True,4,True,4,,
hsk-old-4-赚,4,赚,賺,zhuàn,earn,no lexical issue identified in this pass,,,,,20266,True,True,True,True,True,True,4,True,4,,
hsk-old-4-赢,4,赢,贏,yíng,to win,no lexical issue identified in this pass,,,,,20282,True,True,True,True,True,True,4,True,4,,
hsk-old-4-起来,4,起来,起來,qi lai,beginning or continuing an action,no lexical issue identified in this pass,,,,,20299,True,True,True,True,True,True,4,True,3,,
hsk-old-4-起飞,4,起飞,起飛,qǐ fēi,take off (in an airplane),no lexical issue identified in this pass,,,,,20318,True,True,True,True,True,True,4,True,3,,
hsk-old-4-超过,4,超过,超過,chāo guò,surpass,no lexical issue identified in this pass,,,,,20334,True,True,True,True,True,True,4,True,4,,
hsk-old-4-趟,4,趟,趟,tàng,classifier for trips times,no lexical issue identified in this pass,,,,,20351,True,True,True,True,True,True,4,True,4,,
hsk-old-4-距离,4,距离,距離,jù lí,distance,no lexical issue identified in this pass,,,,,20369,True,True,True,True,True,True,4,True,4,,
hsk-old-4-躺,4,躺,躺,tǎng,recline,no lexical issue identified in this pass,,,,,20386,True,True,True,True,True,True,4,True,4,,
hsk-old-4-软,4,软,軟,ruǎn,soft,no lexical issue identified in this pass,,,,,20402,True,True,True,True,True,True,4,True,5,,
hsk-old-4-轻,4,轻,輕,qīng,light,no lexical issue identified in this pass,,,,,20419,True,True,True,True,True,True,4,True,4,,
hsk-old-4-轻松,4,轻松,輕鬆,qīng sōng,relaxed,no lexical issue identified in this pass,,,,,20447,True,True,True,True,True,True,4,True,4,,
hsk-old-4-输,4,输,輸,shū,to transport,finding,P2,definition,to lose; to transport,To transport is valid but hides the common competition meaning.,20469,True,True,True,True,True,True,4,True,4,,
hsk-old-4-辛苦,4,辛苦,辛苦,xīn kǔ,hard,no lexical issue identified in this pass,,,,,20487,True,True,True,True,True,True,4,True,4,,
hsk-old-4-辣,4,辣,辣,là,hot (spicy),no lexical issue identified in this pass,,,,,20511,True,True,True,True,True,True,4,True,4,,
hsk-old-4-过,4,过,過,guò,to pass,no lexical issue identified in this pass,,,,,20531,True,True,True,True,True,True,4,True,2,,
hsk-old-4-过程,4,过程,過程,guò chéng,course of events,no lexical issue identified in this pass,,,,,20556,True,True,True,True,True,True,4,True,4,,
hsk-old-4-进行,4,进行,進行,jìn xíng,carry on,no lexical issue identified in this pass,,,,,20572,True,True,True,True,True,True,4,True,4,,
hsk-old-4-连,4,连,連,lián,even,no lexical issue identified in this pass,,,,,20595,True,True,True,True,True,True,4,True,4,,
hsk-old-4-适合,4,适合,適合,shì hé,to suit,no lexical issue identified in this pass,,,,,20620,True,True,True,True,True,True,4,True,4,,
hsk-old-4-适应,4,适应,適應,shì yìng,to suit,finding,P2,definition,to adapt to,To suit overlaps with 适合 and misses adaptation.,20635,True,True,True,True,True,True,4,True,4,,
hsk-old-4-逐渐,4,逐渐,逐漸,zhú jiàn,gradually,no lexical issue identified in this pass,,,,,20653,True,True,True,True,True,True,4,True,5,,
hsk-old-4-通知,4,通知,通知,tōng zhī,notify,no lexical issue identified in this pass,,,,,20668,True,True,True,True,True,True,4,True,4,,
hsk-old-4-通过,4,通过,通過,tōng guò,by means of,no lexical issue identified in this pass,,,,,20687,True,True,True,True,True,True,4,True,4,,
hsk-old-4-逛,4,逛,逛,guàng,to stroll,no lexical issue identified in this pass,,,,,20707,True,True,True,True,True,True,4,True,4,,
hsk-old-4-速度,4,速度,速度,sù dù,speed,no lexical issue identified in this pass,,,,,20723,True,True,True,True,True,True,4,True,4,,
hsk-old-4-遍,4,遍,遍,biàn,a time,finding,P2,definition,classifier for a complete repetition,A time does not distinguish 遍 from 次.,20741,True,True,True,True,True,True,4,True,4,,
hsk-old-4-道歉,4,道歉,道歉,dào qiàn,apologize,no lexical issue identified in this pass,,,,,20761,True,True,True,True,True,True,4,True,4,,
hsk-old-4-邀请,4,邀请,邀請,yāo qǐng,to invite,no lexical issue identified in this pass,,,,,20777,True,True,True,True,True,True,4,True,4,,
hsk-old-4-部分,4,部分,部分,bù fen,part,no lexical issue identified in this pass,,,,,20794,True,True,True,True,True,True,4,True,4,,
hsk-old-4-酸,4,酸,酸,suān,sour,no lexical issue identified in this pass,,,,,20813,True,True,True,True,True,True,4,True,4,,
hsk-old-4-醒,4,醒,醒,xǐng,wake up,no lexical issue identified in this pass,,,,,20838,True,True,True,True,True,True,4,True,4,,
hsk-old-4-重新,4,重新,重新,chóng xīn,again,no lexical issue identified in this pass,,,,,20859,True,True,True,True,True,True,4,True,4,,
hsk-old-4-重点,4,重点,重點,zhòng diǎn,emphasis,no lexical issue identified in this pass,,,,,20874,True,True,True,True,True,True,4,True,4,,
hsk-old-4-重视,4,重视,重視,zhòng shì,to value,no lexical issue identified in this pass,,,,,20892,True,True,True,True,True,True,4,True,4,,
hsk-old-4-钥匙,4,钥匙,鑰匙,yào shi,key,no lexical issue identified in this pass,,,,,20908,True,True,True,True,True,True,4,True,4,,
hsk-old-4-镜子,4,镜子,鏡子,jìng zi,mirror,no lexical issue identified in this pass,,,,,20923,True,True,True,True,True,True,4,True,4,,
hsk-old-4-长城,4,长城,長城,cháng chéng,the Great Wall,no lexical issue identified in this pass,,,,,20938,True,True,True,True,True,True,4,True,4,,
hsk-old-4-长江,4,长江,長江,Cháng Jiāng,the Yangtze River,no lexical issue identified in this pass,,,,,20953,True,True,True,True,True,True,4,True,4,,
hsk-old-4-阅读,4,阅读,閱讀,yuè dú,read,no lexical issue identified in this pass,,,,,20968,True,True,True,True,True,True,4,True,4,,
hsk-old-4-阳光,4,阳光,陽光,yáng guāng,sunshine,no lexical issue identified in this pass,,,,,20985,True,True,True,True,True,True,4,True,4,,
hsk-old-4-降低,4,降低,降低,jiàng dī,reduce,no lexical issue identified in this pass,,,,,21003,True,True,True,True,True,True,4,True,4,,
hsk-old-4-限制,4,限制,限制,xiàn zhì,restrictions,no lexical issue identified in this pass,,,,,21019,True,True,True,True,True,True,4,True,5,,
hsk-old-4-陪,4,陪,陪,péi,accompany,no lexical issue identified in this pass,,,,,21039,True,True,True,True,True,True,4,True,4,,
hsk-old-4-随便,4,随便,隨便,suí biàn,as one pleases,no lexical issue identified in this pass,,,,,21057,True,True,True,True,True,True,4,True,4,,
hsk-old-4-随着,4,随着,隨著,suí zhe,along with,no lexical issue identified in this pass,,,,,21079,True,True,True,True,True,True,4,True,4,,
hsk-old-4-难受,4,难受,難受,nán shòu,feel unwell,no lexical issue identified in this pass,,,,,21096,True,True,True,True,True,True,4,True,4,,
hsk-old-4-难道,4,难道,難道,nán dào,could it be that ...?,no lexical issue identified in this pass,,,,,21113,True,True,True,True,True,True,4,True,4,,
hsk-old-4-集合,4,集合,集合,jí hé,gather,no lexical issue identified in this pass,,,,,21129,True,True,True,True,True,True,4,True,5,,
hsk-old-4-页,4,页,頁,yè,page,no lexical issue identified in this pass,,,,,21146,True,True,True,True,True,True,4,True,4,,
hsk-old-4-顺便,4,顺便,順便,shùn biàn,conveniently,no lexical issue identified in this pass,,,,,21163,True,True,True,True,True,True,4,True,4,,
hsk-old-4-顺利,4,顺利,順利,shùn lì,go smoothly,no lexical issue identified in this pass,,,,,21180,True,True,True,True,True,True,4,True,4,,
hsk-old-4-顺序,4,顺序,順序,shùn xù,sequence,no lexical issue identified in this pass,,,,,21196,True,True,True,True,True,True,4,True,4,,
hsk-old-4-顾客,4,顾客,顧客,gù kè,customer,no lexical issue identified in this pass,,,,,21212,True,True,True,True,True,True,4,True,4,,
hsk-old-4-顿,4,顿,頓,dùn,pause,finding,P2,definition,classifier for meals; pause,Pause alone omits the everyday meal classifier.,21227,True,True,True,True,True,True,4,True,5,,
hsk-old-4-预习,4,预习,預習,yù xí,(of students) prepare a lesson before class,no lexical issue identified in this pass,,,,,21250,True,True,True,True,True,True,4,True,4,,
hsk-old-4-风景,4,风景,風景,fēng jǐng,scenery,no lexical issue identified in this pass,,,,,21266,True,True,True,True,True,True,4,True,5,,
hsk-old-4-食品,4,食品,食品,shí pǐn,foodstuff,no lexical issue identified in this pass,,,,,21281,True,True,True,True,True,True,4,False,,,
hsk-old-4-饮料,4,饮料,飲料,yǐn liào,beverage,no lexical issue identified in this pass,,,,,21296,True,True,True,True,True,True,4,True,3,,
hsk-old-4-饺子,4,饺子,餃子,jiǎo zi,dumpling,no lexical issue identified in this pass,,,,,21312,True,True,True,True,True,True,4,True,4,,
hsk-old-4-饼干,4,饼干,餅乾,bǐng gān,biscuit,no lexical issue identified in this pass,,,,,21328,True,True,True,True,True,True,4,True,4,,
hsk-old-4-首先,4,首先,首先,shǒu xiān,first (of all),no lexical issue identified in this pass,,,,,21343,True,True,True,True,True,True,4,True,4,,
hsk-old-4-首都,4,首都,首都,shǒu dū,capital (city),no lexical issue identified in this pass,,,,,21360,True,True,True,True,True,True,4,True,4,,
hsk-old-4-香,4,香,香,xiāng,fragrant,no lexical issue identified in this pass,,,,,21375,True,True,True,True,True,True,4,True,4,,
hsk-old-4-马虎,4,马虎,馬虎,mǎ hu,careless,no lexical issue identified in this pass,,,,,21399,True,True,True,True,True,True,4,True,4,,
hsk-old-4-骄傲,4,骄傲,驕傲,jiāo ào,proud,no lexical issue identified in this pass,,,,,21418,True,True,True,True,True,True,4,True,4,,
hsk-old-4-骗,4,骗,騙,piàn,to cheat,no lexical issue identified in this pass,,,,,21437,True,True,True,True,True,True,4,True,4,,
hsk-old-4-高级,4,高级,高級,gāo jí,high-level,no lexical issue identified in this pass,,,,,21456,True,True,True,True,True,True,4,True,5,,
hsk-old-4-麻烦,4,麻烦,麻煩,má fan,trouble (someone),no lexical issue identified in this pass,,,,,21474,True,True,True,True,True,True,4,True,4,,
hsk-old-4-鼓励,4,鼓励,鼓勵,gǔ lì,encourage,no lexical issue identified in this pass,,,,,21494,True,True,True,True,True,True,4,True,4,,
hsk-old-4-鼓掌,4,鼓掌,鼓掌,gǔ zhǎng,applaud,no lexical issue identified in this pass,,,,,21510,True,True,True,True,True,True,4,True,5,,
hsk-old-5-一旦,5,一旦,一旦,yī dàn,in case (something happens),finding,P2,definition,once; as soon as a condition is met,In case blurs the distinction from 万一.,21526,True,True,True,True,True,True,5,True,5,,
hsk-old-5-一致,5,一致,一致,yī zhì,unanimous,no lexical issue identified in this pass,,,,,21547,True,True,True,True,True,True,5,True,5,,
hsk-old-5-一路,5,一路,一路,yī lù,the whole journey,no lexical issue identified in this pass,,,,,21566,True,True,True,True,True,True,5,False,,,
hsk-old-5-一辈子,5,一辈子,一輩子,yī bèi zi,(for) a lifetime,no lexical issue identified in this pass,,,,,21586,True,True,True,True,True,True,5,True,5,,
hsk-old-5-丁,5,丁,丁,dīng,male adult,finding,P2,definition; raw cross-reference,fourth; label D; fourth Heavenly Stem,Male adult is valid but hides the ordinal-label relationship with 甲乙丙. Raw Heavenly-Stem references are also truncated; 甲 and 乙 have additional damaged compound references.,21601,True,True,True,True,True,True,5,True,6,personal-name POS appears on a common-word reading; review sense-specific tags,
hsk-old-5-万一,5,万一,萬一,wàn yī,just in case,no lexical issue identified in this pass,,,,,21625,True,True,True,True,True,True,5,True,5,,
hsk-old-5-上当,5,上当,上當,shàng dàng,be fooled,no lexical issue identified in this pass,,,,,21644,True,True,True,True,True,True,5,True,5,,
hsk-old-5-下载,5,下载,下載,xià zǎi,to download,no lexical issue identified in this pass,,,,,21661,True,True,True,True,True,True,5,True,5,,
hsk-old-5-不免,5,不免,不免,bù miǎn,unavoidable,no lexical issue identified in this pass,,,,,21677,True,True,True,True,True,True,5,True,6,,
hsk-old-5-不好意思,5,不好意思,不好意思,bù hǎo yì si,to feel embarrassed,no lexical issue identified in this pass,,,,,21692,True,True,True,True,True,True,5,False,,,
hsk-old-5-不如,5,不如,不如,bù rú,not as good as,no lexical issue identified in this pass,,,,,21710,True,True,True,True,True,True,5,True,5,,
hsk-old-5-不安,5,不安,不安,bù ān,uneasy,no lexical issue identified in this pass,,,,,21729,True,True,True,True,True,True,5,True,5,,
hsk-old-5-不得了,5,不得了,不得了,bù dé liǎo,extremely,no lexical issue identified in this pass,,,,,21750,True,True,True,True,True,True,5,True,5,,
hsk-old-5-不必,5,不必,不必,bù bì,need not,no lexical issue identified in this pass,,,,,21768,True,True,True,True,True,True,5,False,,,
hsk-old-5-不断,5,不断,不斷,bù duàn,unceasing,no lexical issue identified in this pass,,,,,21785,True,True,True,True,True,True,5,True,5,,
hsk-old-5-不然,5,不然,不然,bù rán,otherwise,no lexical issue identified in this pass,,,,,21803,True,True,True,True,True,True,5,True,5,,
hsk-old-5-不耐烦,5,不耐烦,不耐煩,bù nài fán,impatience,no lexical issue identified in this pass,,,,,21825,True,True,True,True,True,True,5,True,5,,
hsk-old-5-不要紧,5,不要紧,不要緊,bù yào jǐn,unimportant,no lexical issue identified in this pass,,,,,21841,True,True,True,True,True,True,5,True,5,,
hsk-old-5-不见得,5,不见得,不見得,bù jiàn de,not necessarily,no lexical issue identified in this pass,,,,,21860,True,True,True,True,True,True,5,True,5,,
hsk-old-5-不足,5,不足,不足,bù zú,insufficient,no lexical issue identified in this pass,,,,,21876,True,True,True,True,True,True,5,True,5,,
hsk-old-5-与其,5,与其,與其,yǔ qí,rather than,no lexical issue identified in this pass,,,,,21900,True,True,True,True,True,True,5,True,5,,
hsk-old-5-丑,5,丑,醜,chǒu,ugly,no lexical issue identified in this pass,,,,,21916,True,True,True,True,True,True,5,True,5,,
hsk-old-5-专家,5,专家,專家,zhuān jiā,expert,no lexical issue identified in this pass,,,,,21934,True,True,True,True,True,True,5,True,5,,
hsk-old-5-专心,5,专心,專心,zhuān xīn,be absorbed,no lexical issue identified in this pass,,,,,21949,True,True,True,True,True,True,5,True,5,,
hsk-old-5-丙,5,丙,丙,bǐng,bright,finding,P1,definition; raw cross-reference,third; label C; third Heavenly Stem,Bright is not the ordinary lexical meaning of this HSK entry. Raw Heavenly-Stem references are also truncated; 甲 and 乙 have additional damaged compound references.,21965,True,True,True,True,True,True,5,True,6,,
hsk-old-5-业余,5,业余,業餘,yè yú,spare time,no lexical issue identified in this pass,,,,,21984,True,True,True,True,True,True,5,True,5,,
hsk-old-5-业务,5,业务,業務,yè wù,business,no lexical issue identified in this pass,,,,,22001,True,True,True,True,True,True,5,True,5,,
hsk-old-5-丝毫,5,丝毫,絲毫,sī háo,the slightest amount or degree,no lexical issue identified in this pass,,,,,22018,True,True,True,True,True,True,5,True,5,,
hsk-old-5-丝绸,5,丝绸,絲綢,sī chóu,silk,no lexical issue identified in this pass,,,,,22036,True,True,True,True,True,True,5,True,5,,
hsk-old-5-严肃,5,严肃,嚴肅,yán sù,solemn,no lexical issue identified in this pass,,,,,22052,True,True,True,True,True,True,5,True,5,,
hsk-old-5-个人,5,个人,個人,gè rén,individual,no lexical issue identified in this pass,,,,,22073,True,True,True,True,True,True,5,True,5,,
hsk-old-5-个别,5,个别,個別,gè bié,individual,no lexical issue identified in this pass,,,,,22090,True,True,True,True,True,True,5,True,5,,
hsk-old-5-个性,5,个性,個性,gè xìng,individuality,no lexical issue identified in this pass,,,,,22107,True,True,True,True,True,True,5,True,5,,
hsk-old-5-中介,5,中介,中介,zhōng jiè,agent,no lexical issue identified in this pass,,,,,22123,True,True,True,True,True,True,5,True,5,,
hsk-old-5-中心,5,中心,中心,zhōng xīn,center,no lexical issue identified in this pass,,,,,22143,True,True,True,True,True,True,5,True,5,,
hsk-old-5-中旬,5,中旬,中旬,zhōng xún,middle third of a month,no lexical issue identified in this pass,,,,,22160,True,True,True,True,True,True,5,True,5,,
hsk-old-5-临时,5,临时,臨時,lín shí,temporary,no lexical issue identified in this pass,,,,,22175,True,True,True,True,True,True,5,True,5,,
hsk-old-5-主人,5,主人,主人,zhǔ rén,master,no lexical issue identified in this pass,,,,,22195,True,True,True,True,True,True,5,True,5,,
hsk-old-5-主席,5,主席,主席,zhǔ xí,chairperson,no lexical issue identified in this pass,,,,,22212,True,True,True,True,True,True,5,True,5,,
hsk-old-5-主张,5,主张,主張,zhǔ zhāng,to advocate,no lexical issue identified in this pass,,,,,22229,True,True,True,True,True,True,5,True,5,,
hsk-old-5-主持,5,主持,主持,zhǔ chí,preside over,no lexical issue identified in this pass,,,,,22252,True,True,True,True,True,True,5,True,5,,
hsk-old-5-主观,5,主观,主觀,zhǔ guān,subjective,no lexical issue identified in this pass,,,,,22274,True,True,True,True,True,True,5,True,5,,
hsk-old-5-举,5,举,舉,jǔ,lift,no lexical issue identified in this pass,,,,,22290,True,True,True,True,True,True,5,True,4,,
hsk-old-5-义务,5,义务,義務,yì wù,duty,no lexical issue identified in this pass,,,,,22316,True,True,True,True,True,True,5,True,5,,
hsk-old-5-乐观,5,乐观,樂觀,lè guān,optimism,no lexical issue identified in this pass,,,,,22334,True,True,True,True,True,True,5,True,5,,
hsk-old-5-乖,5,乖,乖,guāi,(of a child) obedient,no lexical issue identified in this pass,,,,,22351,True,True,True,True,True,True,5,True,5,,
hsk-old-5-乘,5,乘,乘,chéng,to ride,no lexical issue identified in this pass,,,,,22373,True,True,True,True,True,True,5,True,6,,
hsk-old-5-乙,5,乙,乙,yǐ,two,finding,P1,definition; raw cross-reference,second; label B; second Heavenly Stem,Two confuses an ordinal label with the ordinary cardinal number 二 or 两. Raw Heavenly-Stem references are also truncated; 甲 and 乙 have additional damaged compound references.,22395,True,True,True,True,True,True,5,True,5,,
hsk-old-5-书架,5,书架,書架,shū jià,bookshelf,no lexical issue identified in this pass,,,,,22421,True,True,True,True,True,True,5,True,5,,
hsk-old-5-了不起,5,了不起,了不起,liǎo bu qǐ,incredible,no lexical issue identified in this pass,,,,,22436,True,True,True,True,True,True,5,True,5,,
hsk-old-5-争取,5,争取,爭取,zhēng qǔ,fight for,no lexical issue identified in this pass,,,,,22453,True,True,True,True,True,True,5,True,5,,
hsk-old-5-争论,5,争论,爭論,zhēng lùn,argue,no lexical issue identified in this pass,,,,,22470,True,True,True,True,True,True,5,True,5,,
hsk-old-5-事先,5,事先,事先,shì xiān,in advance,no lexical issue identified in this pass,,,,,22492,True,True,True,True,True,True,5,True,5,,
hsk-old-5-事实,5,事实,事實,shì shí,fact,no lexical issue identified in this pass,,,,,22510,True,True,True,True,True,True,5,True,5,,
hsk-old-5-事物,5,事物,事物,shì wù,thing,no lexical issue identified in this pass,,,,,22525,True,True,True,True,True,True,5,True,5,,
hsk-old-5-交换,5,交换,交換,jiāo huàn,to exchange,no lexical issue identified in this pass,,,,,22540,True,True,True,True,True,True,5,True,5,,
hsk-old-5-交际,5,交际,交際,jiāo jì,socialize,no lexical issue identified in this pass,,,,,22560,True,True,True,True,True,True,5,True,5,,
hsk-old-5-产品,5,产品,產品,chǎn pǐn,product,no lexical issue identified in this pass,,,,,22577,True,True,True,True,True,True,5,True,5,,
hsk-old-5-产生,5,产生,產生,chǎn shēng,to produce,no lexical issue identified in this pass,,,,,22594,True,True,True,True,True,True,5,True,5,,
hsk-old-5-享受,5,享受,享受,xiǎng shòu,enjoy,no lexical issue identified in this pass,,,,,22611,True,True,True,True,True,True,5,True,5,,
hsk-old-5-亲切,5,亲切,親切,qīn qiè,kind,no lexical issue identified in this pass,,,,,22629,True,True,True,True,True,True,5,True,5,,
hsk-old-5-亲爱,5,亲爱,親愛,qīn ài,beloved,no lexical issue identified in this pass,,,,,22648,True,True,True,True,True,True,5,True,5,,
hsk-old-5-亲自,5,亲自,親自,qīn zì,personally,no lexical issue identified in this pass,,,,,22665,True,True,True,True,True,True,5,True,5,,
hsk-old-5-人事,5,人事,人事,rén shì,personnel,no lexical issue identified in this pass,,,,,22682,True,True,True,True,True,True,5,True,5,,
hsk-old-5-人口,5,人口,人口,rén kǒu,population,no lexical issue identified in this pass,,,,,22702,True,True,True,True,True,True,5,True,5,,
hsk-old-5-人员,5,人员,人員,rén yuán,staff,no lexical issue identified in this pass,,,,,22718,True,True,True,True,True,True,5,True,5,,
hsk-old-5-人才,5,人才,人才,rén cái,talent,no lexical issue identified in this pass,,,,,22735,True,True,True,True,True,True,5,True,5,,
hsk-old-5-人物,5,人物,人物,rén wù,figure,no lexical issue identified in this pass,,,,,22753,True,True,True,True,True,True,5,True,5,,
hsk-old-5-人生,5,人生,人生,rén shēng,human life,no lexical issue identified in this pass,,,,,22770,True,True,True,True,True,True,5,True,5,,
hsk-old-5-人类,5,人类,人類,rén lèi,humanity,no lexical issue identified in this pass,,,,,22785,True,True,True,True,True,True,5,True,5,,
hsk-old-5-从事,5,从事,從事,cóng shì,go for,finding,P2,definition,to engage in; to work in,Go for is vague and can imply an unrelated choice or attempt.,22802,True,True,True,True,True,True,5,True,5,,
hsk-old-5-从前,5,从前,從前,cóng qián,previously,no lexical issue identified in this pass,,,,,22822,True,True,True,True,True,True,5,True,5,,
hsk-old-5-从此,5,从此,從此,cóng cǐ,from now on,no lexical issue identified in this pass,,,,,22839,True,True,True,True,True,True,5,True,5,,
hsk-old-5-从而,5,从而,從而,cóng ér,thus,no lexical issue identified in this pass,,,,,22856,True,True,True,True,True,True,5,True,5,,
hsk-old-5-付款,5,付款,付款,fù kuǎn,to pay,no lexical issue identified in this pass,,,,,22872,True,True,True,True,True,True,5,True,4,,
hsk-old-5-以及,5,以及,以及,yǐ jí,as well as,no lexical issue identified in this pass,,,,,22889,True,True,True,True,True,True,5,True,5,,
hsk-old-5-以来,5,以来,以來,yǐ lái,since (a previous event),no lexical issue identified in this pass,,,,,22906,True,True,True,True,True,True,5,True,5,,
hsk-old-5-价值,5,价值,價值,jià zhí,value,no lexical issue identified in this pass,,,,,22921,True,True,True,True,True,True,5,True,5,,
hsk-old-5-仿佛,5,仿佛,彷彿,fǎng fú,to seem as though,no lexical issue identified in this pass,,,,,22938,True,True,True,True,True,True,5,True,5,,
hsk-old-5-企业,5,企业,企業,qǐ yè,company,no lexical issue identified in this pass,,,,,22957,True,True,True,True,True,True,5,True,5,,
hsk-old-5-企图,5,企图,企圖,qǐ tú,(to ) attempt,no lexical issue identified in this pass,,,,,22972,True,True,True,True,True,True,5,True,6,,
hsk-old-5-休闲,5,休闲,休閒,xiū xián,recreation,no lexical issue identified in this pass,,,,,22990,True,True,True,True,True,True,5,True,5,,
hsk-old-5-优势,5,优势,優勢,yōu shì,advantage,no lexical issue identified in this pass,,,,,23011,True,True,True,True,True,True,5,True,5,,
hsk-old-5-优惠,5,优惠,優惠,yōu huì,preferential,no lexical issue identified in this pass,,,,,23028,True,True,True,True,True,True,5,True,5,,
hsk-old-5-优美,5,优美,優美,yōu měi,graceful,no lexical issue identified in this pass,,,,,23047,True,True,True,True,True,True,5,True,5,,
hsk-old-5-伙伴,5,伙伴,伙伴,huǒ bàn,partner (for an activity),no lexical issue identified in this pass,,,,,23064,True,True,True,True,True,True,5,True,5,,
hsk-old-5-会计,5,会计,會計,kuài jì,accountant,no lexical issue identified in this pass,,,,,23081,True,True,True,True,True,True,5,True,5,,
hsk-old-5-伟大,5,伟大,偉大,wěi dà,great,no lexical issue identified in this pass,,,,,23098,True,True,True,True,True,True,5,True,5,,
hsk-old-5-传播,5,传播,傳播,chuán bō,propagate,no lexical issue identified in this pass,,,,,23113,True,True,True,True,True,True,5,True,5,,
hsk-old-5-传染,5,传染,傳染,chuán rǎn,infect,no lexical issue identified in this pass,,,,,23129,True,True,True,True,True,True,5,True,5,,
hsk-old-5-传统,5,传统,傳統,chuán tǒng,tradition,no lexical issue identified in this pass,,,,,23146,True,True,True,True,True,True,5,True,5,,
hsk-old-5-传说,5,传说,傳說,chuán shuō,it is said,no lexical issue identified in this pass,,,,,23165,True,True,True,True,True,True,5,True,5,,
hsk-old-5-传递,5,传递,傳遞,chuán dì,to transmit,no lexical issue identified in this pass,,,,,23182,True,True,True,True,True,True,5,False,,,
hsk-old-5-伸,5,伸,伸,shēn,to stretch,no lexical issue identified in this pass,,,,,23199,True,True,True,True,True,True,5,True,5,,
hsk-old-5-似乎,5,似乎,似乎,sì hū,it seems,no lexical issue identified in this pass,,,,,23215,True,True,True,True,True,True,5,True,5,,
hsk-old-5-似的,5,似的,似的,shì de,seems as if,no lexical issue identified in this pass,,,,,23230,True,True,True,True,True,True,5,True,5,,
hsk-old-5-位置,5,位置,位置,wèi zhi,position,no lexical issue identified in this pass,,,,,23247,True,True,True,True,True,True,5,True,5,,
hsk-old-5-体会,5,体会,體會,tǐ huì,know from experience,no lexical issue identified in this pass,,,,,23264,True,True,True,True,True,True,5,True,5,,
hsk-old-5-体现,5,体现,體現,tǐ xiàn,embody,no lexical issue identified in this pass,,,,,23284,True,True,True,True,True,True,5,True,5,,
hsk-old-5-体积,5,体积,體積,tǐ jī,volume,no lexical issue identified in this pass,,,,,23302,True,True,True,True,True,True,5,True,6,,
hsk-old-5-体贴,5,体贴,體貼,tǐ tiē,show consideration for,no lexical issue identified in this pass,,,,,23318,True,True,True,True,True,True,5,True,5,,
hsk-old-5-体验,5,体验,體驗,tǐ yàn,experience for oneself,no lexical issue identified in this pass,,,,,23334,True,True,True,True,True,True,5,True,5,,
hsk-old-5-何况,5,何况,何況,hé kuàng,let alone,no lexical issue identified in this pass,,,,,23350,True,True,True,True,True,True,5,True,5,,
hsk-old-5-何必,5,何必,何必,hé bì,why should,no lexical issue identified in this pass,,,,,23369,True,True,True,True,True,True,5,True,5,,
hsk-old-5-作为,5,作为,作為,zuò wéi,regard as,no lexical issue identified in this pass,,,,,23386,True,True,True,True,True,True,5,True,5,,
hsk-old-5-作品,5,作品,作品,zuò pǐn,works (of literature and art),no lexical issue identified in this pass,,,,,23412,True,True,True,True,True,True,5,True,5,,
hsk-old-5-作文,5,作文,作文,zuò wén,write an essay,no lexical issue identified in this pass,,,,,23428,True,True,True,True,True,True,5,True,5,,
hsk-old-5-佩服,5,佩服,佩服,pèi fú,admire,no lexical issue identified in this pass,,,,,23444,True,True,True,True,True,True,5,True,5,,
hsk-old-5-使劲儿,5,使劲儿,使勁兒,shǐ jìn r,exert all one's strength,no lexical issue identified in this pass,,,,,23459,True,True,True,True,True,True,5,True,5,no part-of-speech metadata; allowed by the current data contract,
hsk-old-5-依然,5,依然,依然,yī rán,still,no lexical issue identified in this pass,,,,,23473,True,True,True,True,True,True,5,True,5,,
hsk-old-5-侵略,5,侵略,侵略,qīn lüè,invasion,no lexical issue identified in this pass,,,,,23490,True,True,True,True,True,True,5,True,6,,
hsk-old-5-便,5,便,便,biàn,plain,finding,P2,definition,convenient; then,Plain is an obscure primary sense for modern study.,23507,True,True,True,True,True,True,5,True,5,,
hsk-old-5-促使,5,促使,促使,cù shǐ,to urge,no lexical issue identified in this pass,,,,,23532,True,True,True,True,True,True,5,True,5,,
hsk-old-5-促进,5,促进,促進,cù jìn,promote (an idea or cause),no lexical issue identified in this pass,,,,,23556,True,True,True,True,True,True,5,True,5,,
hsk-old-5-保存,5,保存,保存,bǎo cún,conserve,no lexical issue identified in this pass,,,,,23574,True,True,True,True,True,True,5,True,5,,
hsk-old-5-保持,5,保持,保持,bǎo chí,to keep,no lexical issue identified in this pass,,,,,23593,True,True,True,True,True,True,5,True,5,,
hsk-old-5-保留,5,保留,保留,bǎo liú,to reserve,no lexical issue identified in this pass,,,,,23612,True,True,True,True,True,True,5,True,5,,
hsk-old-5-保险,5,保险,保險,bǎo xiǎn,insurance,no lexical issue identified in this pass,,,,,23632,True,True,True,True,True,True,5,True,5,,
hsk-old-5-信号,5,信号,信號,xìn hào,signal,no lexical issue identified in this pass,,,,,23654,True,True,True,True,True,True,5,True,5,,
hsk-old-5-信封,5,信封,信封,xìn fēng,envelope,no lexical issue identified in this pass,,,,,23669,True,True,True,True,True,True,5,True,4,,
hsk-old-5-信息,5,信息,信息,xìn xī,information,no lexical issue identified in this pass,,,,,23684,True,True,True,True,True,True,5,True,4,,
hsk-old-5-修改,5,修改,修改,xiū gǎi,amend,no lexical issue identified in this pass,,,,,23701,True,True,True,True,True,True,5,True,5,,
hsk-old-5-俱乐部,5,俱乐部,俱樂部,jù lè bù,club (group or organization),no lexical issue identified in this pass,,,,,23719,True,True,True,True,True,True,5,True,5,,
hsk-old-5-倒,5,倒,倒,dào,to pour,no lexical issue identified in this pass,,,,,23734,True,True,True,True,True,True,5,True,4,,
hsk-old-5-倒霉,5,倒霉,倒霉,dǎo méi,have bad luck,no lexical issue identified in this pass,,,,,23755,True,True,True,True,True,True,5,True,5,,
hsk-old-5-借口,5,借口,借口,jiè kǒu,excuse,no lexical issue identified in this pass,,,,,23772,True,True,True,True,True,True,5,True,5,,
hsk-old-5-假如,5,假如,假如,jiǎ rú,if,no lexical issue identified in this pass,,,,,23789,True,True,True,True,True,True,5,True,5,,
hsk-old-5-假装,5,假装,假裝,jiǎ zhuāng,pretend to be,no lexical issue identified in this pass,,,,,23805,True,True,True,True,True,True,5,True,5,,
hsk-old-5-健身房,5,健身房,健身房,jiàn shēn fáng,gym,no lexical issue identified in this pass,,,,,23821,True,True,True,True,True,True,5,False,,,
hsk-old-5-偶然,5,偶然,偶然,ǒu rán,accidentally,no lexical issue identified in this pass,,,,,23837,True,True,True,True,True,True,5,True,5,,
hsk-old-5-傍晚,5,傍晚,傍晚,bàng wǎn,in the evening,no lexical issue identified in this pass,,,,,23857,True,True,True,True,True,True,5,True,5,,
hsk-old-5-催,5,催,催,cuī,to press,no lexical issue identified in this pass,,,,,23876,True,True,True,True,True,True,5,True,5,,
hsk-old-5-傻,5,傻,傻,shǎ,foolish,no lexical issue identified in this pass,,,,,23896,True,True,True,True,True,True,5,True,5,,
hsk-old-5-元旦,5,元旦,元旦,yuán dàn,New Year's Day,no lexical issue identified in this pass,,,,,23912,True,True,True,True,True,True,5,True,5,,
hsk-old-5-兄弟,5,兄弟,兄弟,xiōng dì,brothers,no lexical issue identified in this pass,,,,,23927,True,True,True,True,True,True,5,True,5,,
hsk-old-5-充分,5,充分,充分,chōng fèn,full,no lexical issue identified in this pass,,,,,23946,True,True,True,True,True,True,5,True,5,,
hsk-old-5-充满,5,充满,充滿,chōng mǎn,brimming with,no lexical issue identified in this pass,,,,,23967,True,True,True,True,True,True,5,True,5,,
hsk-old-5-充电器,5,充电器,充電器,chōng diàn qì,battery charger,no lexical issue identified in this pass,,,,,23985,True,True,True,True,True,True,5,True,5,,
hsk-old-5-光临,5,光临,光臨,guāng lín,(polite) welcome!,no lexical issue identified in this pass,,,,,24000,True,True,True,True,True,True,5,True,5,,
hsk-old-5-光明,5,光明,光明,guāng míng,bright (future),no lexical issue identified in this pass,,,,,24017,True,True,True,True,True,True,5,True,5,,
hsk-old-5-光滑,5,光滑,光滑,guāng huá,glossy,no lexical issue identified in this pass,,,,,24036,True,True,True,True,True,True,5,True,5,,
hsk-old-5-光盘,5,光盘,光盤,guāng pán,CD (compact disc),no lexical issue identified in this pass,,,,,24051,True,True,True,True,True,True,5,True,5,,
hsk-old-5-光荣,5,光荣,光榮,guāng róng,glory,no lexical issue identified in this pass,,,,,24066,True,True,True,True,True,True,5,True,6,,
hsk-old-5-克,5,克,克,kè,gram,no lexical issue identified in this pass,,,,,24084,True,True,True,True,True,True,5,True,5,,
hsk-old-5-克服,5,克服,克服,kè fú,"overcome (hardships, etc.)",no lexical issue identified in this pass,,,,,24107,True,True,True,True,True,True,5,True,5,,
hsk-old-5-兔子,5,兔子,兔子,tù zi,rabbit,no lexical issue identified in this pass,,,,,24125,True,True,True,True,True,True,5,True,5,,
hsk-old-5-全面,5,全面,全面,quán miàn,all-around,no lexical issue identified in this pass,,,,,24141,True,True,True,True,True,True,5,True,5,,
hsk-old-5-公主,5,公主,公主,gōng zhǔ,princess,no lexical issue identified in this pass,,,,,24160,True,True,True,True,True,True,5,True,5,,
hsk-old-5-公元,5,公元,公元,gōng yuán,(year) AD or CE,no lexical issue identified in this pass,,,,,24175,True,True,True,True,True,True,5,True,5,,
hsk-old-5-公寓,5,公寓,公寓,gōng yù,apartment building,no lexical issue identified in this pass,,,,,24192,True,True,True,True,True,True,5,True,5,,
hsk-old-5-公布,5,公布,公佈,gōng bù,make public,no lexical issue identified in this pass,,,,,24208,True,True,True,True,True,True,5,True,5,,
hsk-old-5-公平,5,公平,公平,gōng píng,fair,no lexical issue identified in this pass,,,,,24225,True,True,True,True,True,True,5,True,5,,
hsk-old-5-公开,5,公开,公開,gōng kāi,public,no lexical issue identified in this pass,,,,,24243,True,True,True,True,True,True,5,True,5,,
hsk-old-5-关怀,5,关怀,關懷,guān huái,care,no lexical issue identified in this pass,,,,,24262,True,True,True,True,True,True,5,True,6,,
hsk-old-5-关闭,5,关闭,關閉,guān bì,close,no lexical issue identified in this pass,,,,,24282,True,True,True,True,True,True,5,True,5,,
hsk-old-5-其余,5,其余,其餘,qí yú,the others,no lexical issue identified in this pass,,,,,24299,True,True,True,True,True,True,5,True,5,,
hsk-old-5-具体,5,具体,具體,jù tǐ,concrete,no lexical issue identified in this pass,,,,,24318,True,True,True,True,True,True,5,True,5,,
hsk-old-5-具备,5,具备,具備,jù bèi,possess,no lexical issue identified in this pass,,,,,24336,True,True,True,True,True,True,5,True,5,,
hsk-old-5-内科,5,内科,內科,nèi kē,internal medicine,no lexical issue identified in this pass,,,,,24354,True,True,True,True,True,True,5,True,5,personal-name POS appears on a common-word reading; review sense-specific tags,
hsk-old-5-册,5,册,冊,cè,book,finding,P2,definition,volume; classifier for books,Book alone does not distinguish it from 书.,24370,True,True,True,True,True,True,5,True,5,,
hsk-old-5-再三,5,再三,再三,zài sān,over and over again,no lexical issue identified in this pass,,,,,24388,True,True,True,True,True,True,5,True,5,,
hsk-old-5-冒险,5,冒险,冒險,mào xiǎn,take a risk,no lexical issue identified in this pass,,,,,24404,True,True,True,True,True,True,5,True,5,,
hsk-old-5-军事,5,军事,軍事,jūn shì,military affairs,no lexical issue identified in this pass,,,,,24423,True,True,True,True,True,True,5,True,5,,
hsk-old-5-农业,5,农业,農業,nóng yè,agriculture,no lexical issue identified in this pass,,,,,24439,True,True,True,True,True,True,5,True,5,,
hsk-old-5-农民,5,农民,農民,nóng mín,peasant,no lexical issue identified in this pass,,,,,24455,True,True,True,True,True,True,5,True,5,,
hsk-old-5-冠军,5,冠军,冠軍,guàn jūn,champion,no lexical issue identified in this pass,,,,,24471,True,True,True,True,True,True,5,True,5,,
hsk-old-5-冲,5,冲,沖,chōng,to rush,no lexical issue identified in this pass,,,,,24486,True,True,True,True,True,True,5,True,5,,
hsk-old-5-决心,5,决心,決心,jué xīn,determination,no lexical issue identified in this pass,,,,,24509,True,True,True,True,True,True,5,True,5,,
hsk-old-5-决赛,5,决赛,決賽,jué sài,finals (of a competition),no lexical issue identified in this pass,,,,,24529,True,True,True,True,True,True,5,True,5,,
hsk-old-5-冻,5,冻,凍,dòng,to freeze,no lexical issue identified in this pass,,,,,24545,True,True,True,True,True,True,5,True,5,,
hsk-old-5-凡是,5,凡是,凡是,fán shì,every,no lexical issue identified in this pass,,,,,24562,True,True,True,True,True,True,5,True,6,,
hsk-old-5-凭,5,凭,憑,píng,lean against,finding,P2,definition,on the basis of; to rely on,Lean against is valid but loses the important abstract preposition.,24581,True,True,True,True,True,True,5,True,5,,
hsk-old-5-出口,5,出口,出口,chū kǒu,exit,no lexical issue identified in this pass,,,,,24601,True,True,True,True,True,True,5,True,5,,
hsk-old-5-出席,5,出席,出席,chū xí,attend,no lexical issue identified in this pass,,,,,24620,True,True,True,True,True,True,5,True,5,,
hsk-old-5-出版,5,出版,出版,chū bǎn,publish,no lexical issue identified in this pass,,,,,24637,True,True,True,True,True,True,5,True,5,,
hsk-old-5-出色,5,出色,出色,chū sè,remarkable,no lexical issue identified in this pass,,,,,24653,True,True,True,True,True,True,5,True,5,,
hsk-old-5-分别,5,分别,分別,fēn bié,distinguish,no lexical issue identified in this pass,,,,,24669,True,True,True,True,True,True,5,True,5,,
hsk-old-5-分布,5,分布,分佈,fēn bù,be distributed (over an area),no lexical issue identified in this pass,,,,,24689,True,True,True,True,True,True,5,True,5,,
hsk-old-5-分析,5,分析,分析,fēn xī,analyze,no lexical issue identified in this pass,,,,,24708,True,True,True,True,True,True,5,True,5,,
hsk-old-5-分配,5,分配,分配,fēn pèi,distribute,no lexical issue identified in this pass,,,,,24725,True,True,True,True,True,True,5,True,5,,
hsk-old-5-切,5,切,切,qiē,to cut,no lexical issue identified in this pass,,,,,24744,True,True,True,True,True,True,5,True,5,,
hsk-old-5-划船,5,划船,划船,huá chuán,to row a boat,no lexical issue identified in this pass,,,,,24762,True,True,True,True,True,True,5,False,,,
hsk-old-5-则,5,则,則,zé,standard,finding,P2,definition,then; but; classifier for written items; rule,Standard alone hides the connective and classifier uses.,24780,True,True,True,True,True,True,5,True,5,,
hsk-old-5-创造,5,创造,創造,chuàng zào,create,no lexical issue identified in this pass,,,,,24802,True,True,True,True,True,True,5,True,5,,
hsk-old-5-初级,5,初级,初級,chū jí,junior,no lexical issue identified in this pass,,,,,24821,True,True,True,True,True,True,5,True,5,,
hsk-old-5-删除,5,删除,刪除,shān chú,to delete,no lexical issue identified in this pass,,,,,24837,True,True,True,True,True,True,5,True,5,,
hsk-old-5-利息,5,利息,利息,lì xī,interest (on a loan),no lexical issue identified in this pass,,,,,24853,True,True,True,True,True,True,5,True,5,,
hsk-old-5-利润,5,利润,利潤,lì rùn,profit,no lexical issue identified in this pass,,,,,24868,True,True,True,True,True,True,5,True,5,,
hsk-old-5-利用,5,利用,利用,lì yòng,to use,no lexical issue identified in this pass,,,,,24883,True,True,True,True,True,True,5,True,5,,
hsk-old-5-利益,5,利益,利益,lì yì,benefit,no lexical issue identified in this pass,,,,,24903,True,True,True,True,True,True,5,True,5,,
hsk-old-5-到达,5,到达,到達,dào dá,to reach,no lexical issue identified in this pass,,,,,24919,True,True,True,True,True,True,5,True,5,,
hsk-old-5-制作,5,制作,製作,zhì zuò,make,no lexical issue identified in this pass,,,,,24934,True,True,True,True,True,True,5,True,5,,
hsk-old-5-制定,5,制定,制定,zhì dìng,formulate,no lexical issue identified in this pass,,,,,24950,True,True,True,True,True,True,5,True,5,,
hsk-old-5-制度,5,制度,制度,zhì dù,system,no lexical issue identified in this pass,,,,,24966,True,True,True,True,True,True,5,True,5,,
hsk-old-5-刺激,5,刺激,刺激,cì jī,exciting,no lexical issue identified in this pass,,,,,24982,True,True,True,True,True,True,5,True,5,,
hsk-old-5-刻苦,5,刻苦,刻苦,kè kǔ,hardworking,no lexical issue identified in this pass,,,,,24999,True,True,True,True,True,True,5,True,5,,
hsk-old-5-前途,5,前途,前途,qián tú,future,no lexical issue identified in this pass,,,,,25016,True,True,True,True,True,True,5,True,5,,
hsk-old-5-剪刀,5,剪刀,剪刀,jiǎn dāo,scissors,no lexical issue identified in this pass,,,,,25033,True,True,True,True,True,True,5,True,5,,
hsk-old-5-力量,5,力量,力量,lì liang,power,no lexical issue identified in this pass,,,,,25048,True,True,True,True,True,True,5,True,5,,
hsk-old-5-劝,5,劝,勸,quàn,advise,no lexical issue identified in this pass,,,,,25065,True,True,True,True,True,True,5,True,5,,
hsk-old-5-办理,5,办理,辦理,bàn lǐ,to handle,no lexical issue identified in this pass,,,,,25085,True,True,True,True,True,True,5,True,5,,
hsk-old-5-功夫,5,功夫,功夫,gōng fu,kung fu,finding,P2,definition,skill; effort; kung fu,Kung fu alone hides productive everyday skill and effort uses.,25100,True,True,True,True,True,True,5,True,4,,
hsk-old-5-功能,5,功能,功能,gōng néng,function,no lexical issue identified in this pass,,,,,25119,True,True,True,True,True,True,5,True,5,,
hsk-old-5-动画片,5,动画片,動畫片,dòng huà piàn,animated film,no lexical issue identified in this pass,,,,,25134,True,True,True,True,True,True,5,True,5,,
hsk-old-5-劳动,5,劳动,勞動,láo dòng,work,no lexical issue identified in this pass,,,,,25149,True,True,True,True,True,True,5,True,5,,
hsk-old-5-劳驾,5,劳驾,勞駕,láo jià,excuse me,no lexical issue identified in this pass,,,,,25167,True,True,True,True,True,True,5,True,5,,
hsk-old-5-勇气,5,勇气,勇氣,yǒng qì,courage,no lexical issue identified in this pass,,,,,25182,True,True,True,True,True,True,5,True,5,,
hsk-old-5-勤劳,5,勤劳,勤勞,qín láo,hardworking,no lexical issue identified in this pass,,,,,25198,True,True,True,True,True,True,5,True,6,,
hsk-old-5-勤奋,5,勤奋,勤奮,qín fèn,hardworking,no lexical issue identified in this pass,,,,,25217,True,True,True,True,True,True,5,True,5,,
hsk-old-5-勺子,5,勺子,勺子,sháo zi,spoon,no lexical issue identified in this pass,,,,,25235,True,True,True,True,True,True,5,True,4,,
hsk-old-5-包含,5,包含,包含,bāo hán,contain,no lexical issue identified in this pass,,,,,25251,True,True,True,True,True,True,5,True,5,,
hsk-old-5-包子,5,包子,包子,bāo zi,steamed stuffed bun,no lexical issue identified in this pass,,,,,25268,True,True,True,True,True,True,5,True,4,,
hsk-old-5-包裹,5,包裹,包裹,bāo guǒ,wrap up,no lexical issue identified in this pass,,,,,25283,True,True,True,True,True,True,5,True,5,,
hsk-old-5-匆忙,5,匆忙,匆忙,cōng máng,hasty,no lexical issue identified in this pass,,,,,25303,True,True,True,True,True,True,5,True,5,,
hsk-old-5-化学,5,化学,化學,huà xué,chemistry,no lexical issue identified in this pass,,,,,25320,True,True,True,True,True,True,5,True,5,,
hsk-old-5-匹,5,匹,匹,pǐ,ordinary person,finding,P2,definition,classifier for horses; bolt of cloth,Ordinary person is a historical bound sense and hides the measure word.,25336,True,True,True,True,True,True,5,True,5,,
hsk-old-5-升,5,升,升,shēng,rise,no lexical issue identified in this pass,,,,,25356,True,True,True,True,True,True,5,True,5,,
hsk-old-5-华裔,5,华裔,華裔,Huá yì,person of Chinese descent,no lexical issue identified in this pass,,,,,25377,True,True,True,True,True,True,5,True,5,,
hsk-old-5-协调,5,协调,協調,xié tiáo,coordinate,no lexical issue identified in this pass,,,,,25393,True,True,True,True,True,True,5,True,6,,
hsk-old-5-单位,5,单位,單位,dān wèi,unit,no lexical issue identified in this pass,,,,,25417,True,True,True,True,True,True,5,True,5,,
hsk-old-5-单元,5,单元,單元,dān yuán,unit,no lexical issue identified in this pass,,,,,25434,True,True,True,True,True,True,5,True,5,,
hsk-old-5-单独,5,单独,單獨,dān dú,alone,no lexical issue identified in this pass,,,,,25451,True,True,True,True,True,True,5,True,5,,
hsk-old-5-单纯,5,单纯,單純,dān chún,simple,no lexical issue identified in this pass,,,,,25469,True,True,True,True,True,True,5,True,5,,
hsk-old-5-单调,5,单调,單調,dān diào,monotonous,no lexical issue identified in this pass,,,,,25489,True,True,True,True,True,True,5,True,5,,
hsk-old-5-博物馆,5,博物馆,博物館,bó wù guǎn,museum,no lexical issue identified in this pass,,,,,25505,True,True,True,True,True,True,5,True,5,,
hsk-old-5-占线,5,占线,佔線,zhàn xiàn,the (phone) line is busy,no lexical issue identified in this pass,,,,,25520,True,True,True,True,True,True,5,True,4,,
hsk-old-5-卡车,5,卡车,卡車,kǎ chē,truck,no lexical issue identified in this pass,,,,,25536,True,True,True,True,True,True,5,True,5,,
hsk-old-5-卧室,5,卧室,臥室,wò shì,bedroom,no lexical issue identified in this pass,,,,,25552,True,True,True,True,True,True,5,True,5,,
hsk-old-5-卫生间,5,卫生间,衛生間,wèi shēng jiān,restroom,no lexical issue identified in this pass,,,,,25567,True,True,True,True,True,True,5,True,4,,
hsk-old-5-危害,5,危害,危害,wēi hài,endanger,no lexical issue identified in this pass,,,,,25584,True,True,True,True,True,True,5,True,5,,
hsk-old-5-卷,5,卷,卷,juǎn,to roll (up),no lexical issue identified in this pass,,,,,25604,True,True,True,True,True,True,5,True,6,,
hsk-old-5-厕所,5,厕所,廁所,cè suǒ,bathroom,no lexical issue identified in this pass,,,,,25623,True,True,True,True,True,True,5,True,4,,
hsk-old-5-厘米,5,厘米,釐米,lí mǐ,centimeter,no lexical issue identified in this pass,,,,,25639,True,True,True,True,True,True,5,True,5,,
hsk-old-5-原则,5,原则,原則,yuán zé,principle,no lexical issue identified in this pass,,,,,25654,True,True,True,True,True,True,5,True,5,,
hsk-old-5-原料,5,原料,原料,yuán liào,raw material,no lexical issue identified in this pass,,,,,25670,True,True,True,True,True,True,5,True,5,,
hsk-old-5-去世,5,去世,去世,qù shì,pass away,no lexical issue identified in this pass,,,,,25685,True,True,True,True,True,True,5,True,5,,
hsk-old-5-县,5,县,縣,xiàn,county,no lexical issue identified in this pass,,,,,25702,True,True,True,True,True,True,5,True,5,,
hsk-old-5-参与,5,参与,參與,cān yù,participate (in sth.),no lexical issue identified in this pass,,,,,25717,True,True,True,True,True,True,5,True,5,,
hsk-old-5-参考,5,参考,參考,cān kǎo,reference,no lexical issue identified in this pass,,,,,25733,True,True,True,True,True,True,5,True,5,,
hsk-old-5-叉子,5,叉子,叉子,chā zi,fork,no lexical issue identified in this pass,,,,,25752,True,True,True,True,True,True,5,True,5,,
hsk-old-5-及格,5,及格,及格,jí gé,pass an exam,no lexical issue identified in this pass,,,,,25767,True,True,True,True,True,True,5,True,5,,
hsk-old-5-双方,5,双方,雙方,shuāng fāng,bilateral,no lexical issue identified in this pass,,,,,25783,True,True,True,True,True,True,5,True,5,,
hsk-old-5-反复,5,反复,反覆,fǎn fù,repeatedly,no lexical issue identified in this pass,,,,,25800,True,True,True,True,True,True,5,True,5,,
hsk-old-5-反应,5,反应,反應,fǎn yìng,react,no lexical issue identified in this pass,,,,,25822,True,True,True,True,True,True,5,True,5,,
hsk-old-5-反正,5,反正,反正,fǎn zhèng,anyway,no lexical issue identified in this pass,,,,,25844,True,True,True,True,True,True,5,True,5,,
hsk-old-5-反而,5,反而,反而,fǎn ér,on the contrary,no lexical issue identified in this pass,,,,,25861,True,True,True,True,True,True,5,True,5,,
hsk-old-5-发愁,5,发愁,發愁,fā chóu,worry about sth.,no lexical issue identified in this pass,,,,,25876,True,True,True,True,True,True,5,True,5,,
hsk-old-5-发抖,5,发抖,發抖,fā dǒu,to shiver,no lexical issue identified in this pass,,,,,25894,True,True,True,True,True,True,5,True,5,,
hsk-old-5-发挥,5,发挥,發揮,fā huī,"to bring (skill, talent, etc.) into play",no lexical issue identified in this pass,,,,,25911,True,True,True,True,True,True,5,True,5,,
hsk-old-5-发明,5,发明,發明,fā míng,invent,no lexical issue identified in this pass,,,,,25932,True,True,True,True,True,True,5,True,5,,
hsk-old-5-发票,5,发票,發票,fā piào,receipt or bill for purchase,no lexical issue identified in this pass,,,,,25950,True,True,True,True,True,True,5,True,5,,
hsk-old-5-发表,5,发表,發表,fā biǎo,publish,no lexical issue identified in this pass,,,,,25966,True,True,True,True,True,True,5,True,5,,
hsk-old-5-发言,5,发言,發言,fā yán,make a speech,no lexical issue identified in this pass,,,,,25982,True,True,True,True,True,True,5,True,5,,
hsk-old-5-发达,5,发达,發達,fā dá,"developed (country, etc.)",no lexical issue identified in this pass,,,,,26000,True,True,True,True,True,True,5,True,5,,
hsk-old-5-取消,5,取消,取消,qǔ xiāo,cancel,no lexical issue identified in this pass,,,,,26017,True,True,True,True,True,True,5,True,5,,
hsk-old-5-受伤,5,受伤,受傷,shòu shāng,"sustain injuries (in an accident, etc.)",no lexical issue identified in this pass,,,,,26033,True,True,True,True,True,True,5,True,5,,
hsk-old-5-叙述,5,叙述,敘述,xù shù,retell,no lexical issue identified in this pass,,,,,26051,True,True,True,True,True,True,5,True,5,,
hsk-old-5-口味,5,口味,口味,kǒu wèi,a person's tastes or preferences,no lexical issue identified in this pass,,,,,26073,True,True,True,True,True,True,5,True,5,,
hsk-old-5-古代,5,古代,古代,gǔ dài,ancient times,no lexical issue identified in this pass,,,,,26090,True,True,True,True,True,True,5,True,5,,
hsk-old-5-古典,5,古典,古典,gǔ diǎn,classical,no lexical issue identified in this pass,,,,,26105,True,True,True,True,True,True,5,True,5,,
hsk-old-5-古老,5,古老,古老,gǔ lǎo,ancient,no lexical issue identified in this pass,,,,,26120,True,True,True,True,True,True,5,False,,,
hsk-old-5-召开,5,召开,召開,zhào kāi,convene (a conference or meeting),no lexical issue identified in this pass,,,,,26137,True,True,True,True,True,True,5,True,5,,
hsk-old-5-可怕,5,可怕,可怕,kě pà,terrible,no lexical issue identified in this pass,,,,,26154,True,True,True,True,True,True,5,True,5,,
hsk-old-5-可见,5,可见,可見,kě jiàn,it can clearly be seen that,no lexical issue identified in this pass,,,,,26178,True,True,True,True,True,True,5,True,5,,
hsk-old-5-可靠,5,可靠,可靠,kě kào,reliable,no lexical issue identified in this pass,,,,,26197,True,True,True,True,True,True,5,True,5,,
hsk-old-5-台阶,5,台阶,臺階,tái jiē,flight of steps,no lexical issue identified in this pass,,,,,26212,True,True,True,True,True,True,5,True,5,,
hsk-old-5-吃亏,5,吃亏,吃虧,chī kuī,suffer losses,no lexical issue identified in this pass,,,,,26231,True,True,True,True,True,True,5,True,5,,
hsk-old-5-各自,5,各自,各自,gè zì,each,no lexical issue identified in this pass,,,,,26252,True,True,True,True,True,True,5,True,5,,
hsk-old-5-合作,5,合作,合作,hé zuò,cooperate,no lexical issue identified in this pass,,,,,26269,True,True,True,True,True,True,5,True,5,,
hsk-old-5-合同,5,合同,合同,hé tong,contract,no lexical issue identified in this pass,,,,,26288,True,True,True,True,True,True,5,True,5,,
hsk-old-5-合影,5,合影,合影,hé yǐng,joint photo,no lexical issue identified in this pass,,,,,26303,True,True,True,True,True,True,5,True,5,,
hsk-old-5-合法,5,合法,合法,hé fǎ,lawful,no lexical issue identified in this pass,,,,,26320,True,True,True,True,True,True,5,True,5,,
hsk-old-5-合理,5,合理,合理,hé lǐ,rational,no lexical issue identified in this pass,,,,,26338,True,True,True,True,True,True,5,True,5,,
hsk-old-5-同时,5,同时,同時,tóng shí,at the same time,no lexical issue identified in this pass,,,,,26354,True,True,True,True,True,True,5,True,4,,
hsk-old-5-名片,5,名片,名片,míng piàn,business card,no lexical issue identified in this pass,,,,,26372,True,True,True,True,True,True,5,True,5,,
hsk-old-5-名牌,5,名牌,名牌,míng pái,famous brand,no lexical issue identified in this pass,,,,,26387,True,True,True,True,True,True,5,True,5,,
hsk-old-5-名胜,5,名胜,名勝,míng shèng,a place famous for its scenery or historical relics,no lexical issue identified in this pass,,,,,26404,True,True,True,True,True,True,5,False,,,
hsk-old-5-后果,5,后果,後果,hòu guǒ,consequences,no lexical issue identified in this pass,,,,,26420,True,True,True,True,True,True,5,True,5,,
hsk-old-5-吐,5,吐,吐,tù,to vomit,no lexical issue identified in this pass,,,,,26436,True,True,True,True,True,True,5,True,5,,
hsk-old-5-吓,5,吓,嚇,xià,frighten,no lexical issue identified in this pass,,,,,26452,True,True,True,True,True,True,5,True,5,,
hsk-old-5-否定,5,否定,否定,fǒu dìng,negate,no lexical issue identified in this pass,,,,,26468,True,True,True,True,True,True,5,True,5,,deny
hsk-old-5-否认,5,否认,否認,fǒu rèn,deny,no lexical issue identified in this pass,,,,,26488,True,True,True,True,True,True,5,True,5,,
hsk-old-5-吨,5,吨,噸,dūn,ton,no lexical issue identified in this pass,,,,,26505,True,True,True,True,True,True,5,True,5,,
hsk-old-5-启发,5,启发,啟發,qǐ fā,enlighten,no lexical issue identified in this pass,,,,,26521,True,True,True,True,True,True,5,True,5,,
hsk-old-5-吵架,5,吵架,吵架,chǎo jià,to quarrel,no lexical issue identified in this pass,,,,,26542,True,True,True,True,True,True,5,True,5,,
hsk-old-5-吸收,5,吸收,吸收,xī shōu,absorb,no lexical issue identified in this pass,,,,,26559,True,True,True,True,True,True,5,True,5,,
hsk-old-5-吹,5,吹,吹,chuī,to blow,no lexical issue identified in this pass,,,,,26578,True,True,True,True,True,True,5,True,5,,
hsk-old-5-吻,5,吻,吻,wěn,kiss,no lexical issue identified in this pass,,,,,26600,True,True,True,True,True,True,5,True,5,,
hsk-old-5-呆,5,呆,呆,dāi,stupid,no lexical issue identified in this pass,,,,,26617,True,True,True,True,True,True,5,True,5,,
hsk-old-5-告别,5,告别,告別,gào bié,say goodbye to,no lexical issue identified in this pass,,,,,26637,True,True,True,True,True,True,5,True,5,,
hsk-old-5-周到,5,周到,周到,zhōu dào,thoughtful,no lexical issue identified in this pass,,,,,26654,True,True,True,True,True,True,5,True,5,,
hsk-old-5-呼吸,5,呼吸,呼吸,hū xī,breathe,no lexical issue identified in this pass,,,,,26673,True,True,True,True,True,True,5,True,5,,
hsk-old-5-命令,5,命令,命令,mìng lìng,an order,no lexical issue identified in this pass,,,,,26689,True,True,True,True,True,True,5,True,5,,
hsk-old-5-命运,5,命运,命運,mìng yùn,fate,no lexical issue identified in this pass,,,,,26706,True,True,True,True,True,True,5,True,5,,
hsk-old-5-和平,5,和平,和平,hé píng,peace,no lexical issue identified in this pass,,,,,26721,True,True,True,True,True,True,5,True,5,,
hsk-old-5-咨询,5,咨询,咨詢,zī xún,request information,no lexical issue identified in this pass,,,,,26739,True,True,True,True,True,True,5,True,5,,
hsk-old-5-咬,5,咬,咬,yǎo,to bite,no lexical issue identified in this pass,,,,,26758,True,True,True,True,True,True,5,True,5,,
hsk-old-5-品种,5,品种,品種,pǐn zhǒng,breed,no lexical issue identified in this pass,,,,,26774,True,True,True,True,True,True,5,True,6,,
hsk-old-5-哈,5,哈,哈,hā,exhale,finding,P2,definition; raw cross-reference,ha; sound of laughter; Restore the complete dictionary cross-reference to 哈士奇.,Exhale misses the familiar laughter or interjection use. A raw dictionary definition has a truncated Hanzi reference; this reaches the Dictionary detail list.,26790,True,True,True,True,True,True,5,True,5,,
hsk-old-5-哪怕,5,哪怕,哪怕,nǎ pà,even (if/though),no lexical issue identified in this pass,,,,,26810,True,True,True,True,True,True,5,True,5,,
hsk-old-5-哲学,5,哲学,哲學,zhé xué,philosophy,no lexical issue identified in this pass,,,,,26828,True,True,True,True,True,True,5,True,5,,
hsk-old-5-唉,5,唉,唉,ài,an exclamation indicating resignation,no lexical issue identified in this pass,,,,,26843,True,True,True,True,True,True,5,True,5,,
hsk-old-5-唯一,5,唯一,唯一,wéi yī,only,no lexical issue identified in this pass,,,,,26859,True,True,True,True,True,True,5,True,5,,
hsk-old-5-商业,5,商业,商業,shāng yè,business,no lexical issue identified in this pass,,,,,26875,True,True,True,True,True,True,5,True,5,,
hsk-old-5-商品,5,商品,商品,shāng pǐn,goods,no lexical issue identified in this pass,,,,,26892,True,True,True,True,True,True,5,True,5,,
hsk-old-5-善于,5,善于,善於,shàn yú,be good at,no lexical issue identified in this pass,,,,,26909,True,True,True,True,True,True,5,True,5,,
hsk-old-5-善良,5,善良,善良,shàn liáng,good and honest,no lexical issue identified in this pass,,,,,26924,True,True,True,True,True,True,5,True,5,,
hsk-old-5-喊,5,喊,喊,hǎn,call,no lexical issue identified in this pass,,,,,26941,True,True,True,True,True,True,5,True,5,,
hsk-old-5-嗓子,5,嗓子,嗓子,sǎng zi,throat,no lexical issue identified in this pass,,,,,26958,True,True,True,True,True,True,5,True,5,,
hsk-old-5-嘉宾,5,嘉宾,嘉賓,jiā bīn,honored guest,no lexical issue identified in this pass,,,,,26974,True,True,True,True,True,True,5,True,5,,
hsk-old-5-嘱咐,5,嘱咐,囑咐,zhǔ fù,enjoin,finding,P3,reading variant,Review zhǔ fu as the common current reading,Current CC-CEDICT uses a neutral final syllable; both bundled sources retain fourth tone.,26991,True,True,True,False,False,True,5,True,6,,
hsk-old-5-嚷,5,嚷,嚷,rǎng,blurt out,no lexical issue identified in this pass,,,,,27009,True,True,True,True,True,True,5,True,6,,
hsk-old-5-因素,5,因素,因素,yīn sù,element,no lexical issue identified in this pass,,,,,27027,True,True,True,True,True,True,5,True,5,,
hsk-old-5-因而,5,因而,因而,yīn ér,therefore,no lexical issue identified in this pass,,,,,27043,True,True,True,True,True,True,5,True,5,,
hsk-old-5-团,5,团,團,tuán,round,no lexical issue identified in this pass,,,,,27061,True,True,True,True,True,True,5,True,5,,
hsk-old-5-围巾,5,围巾,圍巾,wéi jīn,scarf,no lexical issue identified in this pass,,,,,27085,True,True,True,True,True,True,5,True,5,,
hsk-old-5-围绕,5,围绕,圍繞,wéi rào,revolve around,no lexical issue identified in this pass,,,,,27101,True,True,True,True,True,True,5,True,5,,
hsk-old-5-固体,5,固体,固體,gù tǐ,solid,no lexical issue identified in this pass,,,,,27117,True,True,True,True,True,True,5,True,6,,
hsk-old-5-固定,5,固定,固定,gù dìng,fixed,no lexical issue identified in this pass,,,,,27132,True,True,True,True,True,True,5,True,5,,
hsk-old-5-国庆节,5,国庆节,國慶節,Guó qìng jié,National Day,no lexical issue identified in this pass,,,,,27154,True,True,True,True,True,True,5,True,5,,
hsk-old-5-国籍,5,国籍,國籍,guó jí,nationality,no lexical issue identified in this pass,,,,,27169,True,True,True,True,True,True,5,True,4,,
hsk-old-5-圈,5,圈,圈,quān,circle,no lexical issue identified in this pass,,,,,27184,True,True,True,True,True,True,5,True,5,,
hsk-old-5-土地,5,土地,土地,tǔ dì,land,no lexical issue identified in this pass,,,,,27203,True,True,True,True,True,True,5,True,5,,
hsk-old-5-土豆,5,土豆,土豆,tǔ dòu,potato,no lexical issue identified in this pass,,,,,27220,True,True,True,True,True,True,5,True,5,,
hsk-old-5-地位,5,地位,地位,dì wèi,position,no lexical issue identified in this pass,,,,,27236,True,True,True,True,True,True,5,True,5,,
hsk-old-5-地区,5,地区,地區,dì qū,an area,no lexical issue identified in this pass,,,,,27253,True,True,True,True,True,True,5,True,5,,
hsk-old-5-地毯,5,地毯,地毯,dì tǎn,carpet,no lexical issue identified in this pass,,,,,27273,True,True,True,True,True,True,5,True,5,,
hsk-old-5-地理,5,地理,地理,dì lǐ,geography,no lexical issue identified in this pass,,,,,27289,True,True,True,True,True,True,5,True,5,,
hsk-old-5-地道,5,地道,地道,dì dao,authentic,no lexical issue identified in this pass,,,,,27304,True,True,True,True,True,True,5,True,5,,
hsk-old-5-地震,5,地震,地震,dì zhèn,earthquake,no lexical issue identified in this pass,,,,,27322,True,True,True,True,True,True,5,True,5,,
hsk-old-5-均匀,5,均匀,均勻,jūn yún,even,no lexical issue identified in this pass,,,,,27337,True,True,True,True,True,True,5,True,5,,
hsk-old-5-坚决,5,坚决,堅決,jiān jué,resolute,no lexical issue identified in this pass,,,,,27356,True,True,True,True,True,True,5,True,5,,
hsk-old-5-坚强,5,坚强,堅強,jiān qiáng,strong,no lexical issue identified in this pass,,,,,27372,True,True,True,True,True,True,5,True,5,,
hsk-old-5-坦率,5,坦率,坦率,tǎn shuài,frank,no lexical issue identified in this pass,,,,,27389,True,True,True,True,True,True,5,True,5,,
hsk-old-5-培养,5,培养,培養,péi yǎng,to train,no lexical issue identified in this pass,,,,,27407,True,True,True,True,True,True,5,True,5,,
hsk-old-5-基本,5,基本,基本,jī běn,basic,no lexical issue identified in this pass,,,,,27431,True,True,True,True,True,True,5,True,5,,
hsk-old-5-堆,5,堆,堆,duī,pile,no lexical issue identified in this pass,,,,,27451,True,True,True,True,True,True,5,True,5,,
hsk-old-5-塔,5,塔,塔,tǎ,pagoda,no lexical issue identified in this pass,,,,,27475,True,True,True,True,True,True,5,True,6,,
hsk-old-5-士兵,5,士兵,士兵,shì bīng,soldier,no lexical issue identified in this pass,,,,,27494,True,True,True,True,True,True,5,True,5,,
hsk-old-5-声调,5,声调,聲調,shēng diào,tone,no lexical issue identified in this pass,,,,,27509,True,True,True,True,True,True,5,True,5,,
hsk-old-5-壶,5,壶,壺,hú,pot,no lexical issue identified in this pass,,,,,27526,True,True,True,True,True,True,5,True,5,,
hsk-old-5-处理,5,处理,處理,chǔ lǐ,deal with,no lexical issue identified in this pass,,,,,27543,True,True,True,True,True,True,5,True,5,,
hsk-old-5-复制,5,复制,複製,fù zhì,duplicate,no lexical issue identified in this pass,,,,,27562,True,True,True,True,True,True,5,True,5,,
hsk-old-5-外交,5,外交,外交,wài jiāo,diplomacy,no lexical issue identified in this pass,,,,,27582,True,True,True,True,True,True,5,True,5,,
hsk-old-5-多亏,5,多亏,多虧,duō kuī,thanks to,no lexical issue identified in this pass,,,,,27599,True,True,True,True,True,True,5,True,5,,
hsk-old-5-多余,5,多余,多餘,duō yú,unnecessary,no lexical issue identified in this pass,,,,,27615,True,True,True,True,True,True,5,True,5,,
hsk-old-5-夜,5,夜,夜,yè,night,no lexical issue identified in this pass,,,,,27632,True,True,True,True,True,True,5,True,5,,
hsk-old-5-大型,5,大型,大型,dà xíng,large-scale,no lexical issue identified in this pass,,,,,27648,True,True,True,True,True,True,5,True,5,,
hsk-old-5-大方,5,大方,大方,dà fang,generous,no lexical issue identified in this pass,,,,,27664,True,True,True,True,True,True,5,True,5,,
hsk-old-5-大象,5,大象,大象,dà xiàng,elephant,no lexical issue identified in this pass,,,,,27684,True,True,True,True,True,True,5,True,5,,
hsk-old-5-天真,5,天真,天真,tiān zhēn,naïve,no lexical issue identified in this pass,,,,,27699,True,True,True,True,True,True,5,True,5,,
hsk-old-5-天空,5,天空,天空,tiān kōng,sky,no lexical issue identified in this pass,,,,,27717,True,True,True,True,True,True,5,True,5,,
hsk-old-5-太太,5,太太,太太,tài tai,wife,no lexical issue identified in this pass,,,,,27732,True,True,True,True,True,True,5,True,5,,
hsk-old-5-太极拳,5,太极拳,太極拳,tài jí quán,"Tai chi, a Chinese martial art",no lexical issue identified in this pass,,,,,27750,True,True,True,True,True,True,5,True,5,,
hsk-old-5-失业,5,失业,失業,shī yè,lose one's job,no lexical issue identified in this pass,,,,,27767,True,True,True,True,True,True,5,True,5,,
hsk-old-5-失去,5,失去,失去,shī qù,"to lose (time, an opportunity, work, etc.)",no lexical issue identified in this pass,,,,,27784,True,True,True,True,True,True,5,True,5,,
hsk-old-5-失眠,5,失眠,失眠,shī mián,lose sleep,no lexical issue identified in this pass,,,,,27799,True,True,True,True,True,True,5,True,5,,
hsk-old-5-夸,5,夸,誇,kuā,to boast,no lexical issue identified in this pass,,,,,27815,True,True,True,True,True,True,5,True,5,,
hsk-old-5-夹子,5,夹子,夾子,jiā zi,clip,no lexical issue identified in this pass,,,,,27831,True,True,True,True,True,True,5,True,5,,
hsk-old-5-奇迹,5,奇迹,奇跡,qí jì,miracle,no lexical issue identified in this pass,,,,,27850,True,True,True,True,True,True,5,True,5,,
hsk-old-5-奋斗,5,奋斗,奮鬥,fèn dòu,strive,no lexical issue identified in this pass,,,,,27868,True,True,True,True,True,True,5,True,5,,
hsk-old-5-套,5,套,套,tào,cover,no lexical issue identified in this pass,,,,,27884,True,True,True,True,True,True,5,True,5,,
hsk-old-5-女士,5,女士,女士,nǚ shì,lady,no lexical issue identified in this pass,,,,,27916,True,True,True,True,True,True,5,True,5,,
hsk-old-5-好奇,5,好奇,好奇,hào qí,curious,no lexical issue identified in this pass,,,,,27934,True,True,True,True,True,True,5,True,5,,
hsk-old-5-如今,5,如今,如今,rú jīn,nowadays,no lexical issue identified in this pass,,,,,27954,True,True,True,True,True,True,5,True,5,,
hsk-old-5-如何,5,如何,如何,rú hé,how,no lexical issue identified in this pass,,,,,27970,True,True,True,True,True,True,5,True,5,,
hsk-old-5-妇女,5,妇女,婦女,fù nǚ,woman,no lexical issue identified in this pass,,,,,27987,True,True,True,True,True,True,5,True,5,,
hsk-old-5-妨碍,5,妨碍,妨礙,fáng ài,hinder,no lexical issue identified in this pass,,,,,28002,True,True,True,True,True,True,5,True,5,,
hsk-old-5-始终,5,始终,始終,shǐ zhōng,from beginning to end,no lexical issue identified in this pass,,,,,28019,True,True,True,True,True,True,5,True,5,,
hsk-old-5-姑姑,5,姑姑,姑姑,gū gu,paternal aunt,no lexical issue identified in this pass,,,,,28036,True,True,True,True,True,True,5,True,5,,
hsk-old-5-姑娘,5,姑娘,姑娘,gū niang,young woman,no lexical issue identified in this pass,,,,,28051,True,True,True,True,True,True,5,True,5,,
hsk-old-5-委屈,5,委屈,委屈,wěi qu,feel wronged,no lexical issue identified in this pass,,,,,28070,True,True,True,True,True,True,5,True,5,,
hsk-old-5-委托,5,委托,委託,wěi tuō,to entrust,no lexical issue identified in this pass,,,,,28091,True,True,True,True,True,True,5,True,6,,
hsk-old-5-姥姥,5,姥姥,姥姥,lǎo lao,maternal grandmother,no lexical issue identified in this pass,,,,,28109,True,True,True,True,True,True,5,True,5,,
hsk-old-5-姿势,5,姿势,姿勢,zī shì,posture,no lexical issue identified in this pass,,,,,28125,True,True,True,True,True,True,5,True,5,,
hsk-old-5-威胁,5,威胁,威脅,wēi xié,threaten,no lexical issue identified in this pass,,,,,28141,True,True,True,True,True,True,5,True,5,,
hsk-old-5-娱乐,5,娱乐,娛樂,yú lè,entertain,no lexical issue identified in this pass,,,,,28157,True,True,True,True,True,True,5,True,5,,
hsk-old-5-娶,5,娶,娶,qǔ,marry (a wife),no lexical issue identified in this pass,,,,,28181,True,True,True,True,True,True,5,True,5,,
hsk-old-5-婚姻,5,婚姻,婚姻,hūn yīn,marriage,no lexical issue identified in this pass,,,,,28197,True,True,True,True,True,True,5,True,5,,
hsk-old-5-婚礼,5,婚礼,婚禮,hūn lǐ,wedding ceremony,no lexical issue identified in this pass,,,,,28214,True,True,True,True,True,True,5,True,5,,
hsk-old-5-嫁,5,嫁,嫁,jià,marry (a husband),no lexical issue identified in this pass,,,,,28230,True,True,True,True,True,True,5,True,5,,
hsk-old-5-嫩,5,嫩,嫩,nèn,tender,no lexical issue identified in this pass,,,,,28248,True,True,True,True,True,True,5,True,5,,
hsk-old-5-字幕,5,字幕,字幕,zì mù,subtitles,no lexical issue identified in this pass,,,,,28266,True,True,True,True,True,True,5,True,5,,
hsk-old-5-存,5,存,存,cún,exist,no lexical issue identified in this pass,,,,,28282,True,True,True,True,True,True,5,True,4,,
hsk-old-5-存在,5,存在,存在,cún zài,to exist,no lexical issue identified in this pass,,,,,28301,True,True,True,True,True,True,5,True,5,,
hsk-old-5-孝顺,5,孝顺,孝順,xiào shùn,filial piety,no lexical issue identified in this pass,,,,,28319,True,True,True,True,True,True,5,True,5,,
hsk-old-5-学期,5,学期,學期,xué qī,semester,no lexical issue identified in this pass,,,,,28340,True,True,True,True,True,True,5,True,4,,
hsk-old-5-学术,5,学术,學術,xué shù,learning,no lexical issue identified in this pass,,,,,28356,True,True,True,True,True,True,5,True,5,,
hsk-old-5-学问,5,学问,學問,xué wèn,learning,no lexical issue identified in this pass,,,,,28373,True,True,True,True,True,True,5,True,5,,
hsk-old-5-宁可,5,宁可,寧可,nìng kě,would rather,no lexical issue identified in this pass,,,,,28389,True,True,True,True,True,True,5,True,5,,
hsk-old-5-宇宙,5,宇宙,宇宙,yǔ zhòu,universe,no lexical issue identified in this pass,,,,,28409,True,True,True,True,True,True,5,True,6,,
hsk-old-5-安慰,5,安慰,安慰,ān wèi,to comfort,no lexical issue identified in this pass,,,,,28425,True,True,True,True,True,True,5,True,5,,
hsk-old-5-安装,5,安装,安裝,ān zhuāng,install,no lexical issue identified in this pass,,,,,28444,True,True,True,True,True,True,5,True,5,,
hsk-old-5-完善,5,完善,完善,wán shàn,perfect,no lexical issue identified in this pass,,,,,28464,True,True,True,True,True,True,5,True,5,,
hsk-old-5-完整,5,完整,完整,wán zhěng,complete,no lexical issue identified in this pass,,,,,28484,True,True,True,True,True,True,5,True,5,,
hsk-old-5-完美,5,完美,完美,wán měi,perfect,no lexical issue identified in this pass,,,,,28502,True,True,True,True,True,True,5,True,5,,
hsk-old-5-宗教,5,宗教,宗教,zōng jiào,religion,no lexical issue identified in this pass,,,,,28518,True,True,True,True,True,True,5,True,6,,
hsk-old-5-官,5,官,官,guān,an official,no lexical issue identified in this pass,,,,,28533,True,True,True,True,True,True,5,True,5,,
hsk-old-5-宝贝,5,宝贝,寶貝,bǎo bèi,treasure,no lexical issue identified in this pass,,,,,28552,True,True,True,True,True,True,5,True,5,,
hsk-old-5-宝贵,5,宝贵,寶貴,bǎo guì,valuable,no lexical issue identified in this pass,,,,,28572,True,True,True,True,True,True,5,True,5,,
hsk-old-5-实习,5,实习,實習,shí xí,to practice,finding,P2,definition,internship; practical training,To practice is too general and overlaps with 练习.,28591,True,True,True,True,True,True,5,True,5,,
hsk-old-5-实现,5,实现,實現,shí xiàn,achieve,no lexical issue identified in this pass,,,,,28610,True,True,True,True,True,True,5,True,5,,to implement
hsk-old-5-实用,5,实用,實用,shí yòng,practical,no lexical issue identified in this pass,,,,,28629,True,True,True,True,True,True,5,True,5,,
hsk-old-5-实行,5,实行,實行,shí xíng,to implement,no lexical issue identified in this pass,,,,,28648,True,True,True,True,True,True,5,True,6,,
hsk-old-5-实话,5,实话,實話,shí huà,truth,no lexical issue identified in this pass,,,,,28665,True,True,True,True,True,True,5,True,5,,
hsk-old-5-实践,5,实践,實踐,shí jiàn,practice,no lexical issue identified in this pass,,,,,28680,True,True,True,True,True,True,5,True,5,,to practice
hsk-old-5-实验,5,实验,實驗,shí yàn,experiment,no lexical issue identified in this pass,,,,,28699,True,True,True,True,True,True,5,True,5,,
hsk-old-5-宠物,5,宠物,寵物,chǒng wù,a pet,no lexical issue identified in this pass,,,,,28719,True,True,True,True,True,True,5,True,5,,
hsk-old-5-客厅,5,客厅,客廳,kè tīng,living room,no lexical issue identified in this pass,,,,,28734,True,True,True,True,True,True,5,True,4,,
hsk-old-5-客观,5,客观,客觀,kè guān,objective,no lexical issue identified in this pass,,,,,28750,True,True,True,True,True,True,5,True,5,,
hsk-old-5-宣传,5,宣传,宣傳,xuān chuán,propaganda,finding,P2,definition,publicity; to promote; propaganda,Propaganda alone implies a negative political context that the word does not always require.,28768,True,True,True,True,True,True,5,True,5,,
hsk-old-5-宣布,5,宣布,宣布,xuān bù,announce,no lexical issue identified in this pass,,,,,28786,True,True,True,True,True,True,5,True,5,,
hsk-old-5-宴会,5,宴会,宴會,yàn huì,banquet,no lexical issue identified in this pass,,,,,28803,True,True,True,True,True,True,5,True,5,,
hsk-old-5-家乡,5,家乡,家鄉,jiā xiāng,hometown,no lexical issue identified in this pass,,,,,28820,True,True,True,True,True,True,5,True,5,,
hsk-old-5-家务,5,家务,家務,jiā wù,household duties,no lexical issue identified in this pass,,,,,28836,True,True,True,True,True,True,5,True,5,,
hsk-old-5-家庭,5,家庭,家庭,jiā tíng,family,no lexical issue identified in this pass,,,,,28852,True,True,True,True,True,True,5,True,5,,
hsk-old-5-宿舍,5,宿舍,宿舍,sù shè,dormitory,no lexical issue identified in this pass,,,,,28868,True,True,True,True,True,True,5,True,5,,
hsk-old-5-寂寞,5,寂寞,寂寞,jì mò,lonely,no lexical issue identified in this pass,,,,,28886,True,True,True,True,True,True,5,True,5,,
hsk-old-5-密切,5,密切,密切,mì qiè,close,no lexical issue identified in this pass,,,,,28905,True,True,True,True,True,True,5,True,5,,
hsk-old-5-对于,5,对于,對於,duì yú,regarding,no lexical issue identified in this pass,,,,,28927,True,True,True,True,True,True,5,True,4,,
hsk-old-5-对待,5,对待,對待,duì dài,to treat,no lexical issue identified in this pass,,,,,28942,True,True,True,True,True,True,5,True,5,,
hsk-old-5-对手,5,对手,對手,duì shǒu,opponent,no lexical issue identified in this pass,,,,,28959,True,True,True,True,True,True,5,True,5,,
hsk-old-5-对方,5,对方,對方,duì fāng,counterpart,no lexical issue identified in this pass,,,,,28978,True,True,True,True,True,True,5,True,5,,
hsk-old-5-对比,5,对比,對比,duì bǐ,compare,no lexical issue identified in this pass,,,,,28993,True,True,True,True,True,True,5,True,5,,
hsk-old-5-对象,5,对象,對象,duì xiàng,target,no lexical issue identified in this pass,,,,,29011,True,True,True,True,True,True,5,True,5,,
hsk-old-5-寺庙,5,寺庙,寺廟,sì miào,temple,no lexical issue identified in this pass,,,,,29027,True,True,True,True,True,True,5,True,6,,
hsk-old-5-寻找,5,寻找,尋找,xún zhǎo,seek,no lexical issue identified in this pass,,,,,29044,True,True,True,True,True,True,5,True,5,,
hsk-old-5-导演,5,导演,導演,dǎo yǎn,to direct,no lexical issue identified in this pass,,,,,29059,True,True,True,True,True,True,5,True,5,no part-of-speech metadata; allowed by the current data contract,
hsk-old-5-导致,5,导致,導致,dǎo zhì,lead to,no lexical issue identified in this pass,,,,,29073,True,True,True,True,True,True,5,True,5,,
hsk-old-5-寿命,5,寿命,壽命,shòu mìng,life span,no lexical issue identified in this pass,,,,,29091,True,True,True,True,True,True,5,True,5,,
hsk-old-5-射击,5,射击,射擊,shè jī,to shoot,no lexical issue identified in this pass,,,,,29108,True,True,True,True,True,True,5,True,5,,
hsk-old-5-尊敬,5,尊敬,尊敬,zūn jìng,respect,no lexical issue identified in this pass,,,,,29125,True,True,True,True,True,True,5,True,5,,
hsk-old-5-小伙子,5,小伙子,小伙子,xiǎo huǒ zi,young man,finding,P3,traditional variant,Compare 小夥子 with the bundled 小伙子,The current dictionary gives a different traditional spelling; spelling policy needs an explicit choice.,29142,True,True,True,True,False,True,5,True,4,,
hsk-old-5-小偷,5,小偷,小偷,xiǎo tōu,thief,no lexical issue identified in this pass,,,,,29160,True,True,True,True,True,True,5,False,,,
hsk-old-5-小吃,5,小吃,小吃,xiǎo chī,snack,no lexical issue identified in this pass,,,,,29175,True,True,True,True,True,True,5,True,4,,
hsk-old-5-小气,5,小气,小氣,xiǎo qì,stingy,no lexical issue identified in this pass,,,,,29191,True,True,True,True,True,True,5,True,5,,
hsk-old-5-小麦,5,小麦,小麥,xiǎo mài,wheat,no lexical issue identified in this pass,,,,,29209,True,True,True,True,True,True,5,True,5,,
hsk-old-5-尖锐,5,尖锐,尖銳,jiān ruì,sharp,no lexical issue identified in this pass,,,,,29224,True,True,True,True,True,True,5,True,6,,
hsk-old-5-尺子,5,尺子,尺子,chǐ zi,ruler (measuring instrument),no lexical issue identified in this pass,,,,,29244,True,True,True,True,True,True,5,True,5,,
hsk-old-5-尽力,5,尽力,盡力,jìn lì,do one's best,no lexical issue identified in this pass,,,,,29259,True,True,True,True,True,True,5,True,5,,
hsk-old-5-尽量,5,尽量,儘量,jǐn liàng,as much as possible,no lexical issue identified in this pass,,,,,29276,True,True,True,True,True,True,5,True,5,,
hsk-old-5-尾巴,5,尾巴,尾巴,wěi ba,tail,no lexical issue identified in this pass,,,,,29292,True,True,True,True,True,True,5,True,5,,
hsk-old-5-居然,5,居然,居然,jū rán,unexpectedly,no lexical issue identified in this pass,,,,,29308,True,True,True,True,True,True,5,True,5,,
hsk-old-5-届,5,届,屆,jiè,arrive at,finding,P2,definition,"classifier for sessions, events or graduating classes",Arrive at is historical and omits the modern classifier use.,29325,True,True,True,True,True,True,5,True,5,,
hsk-old-5-屋子,5,屋子,屋子,wū zi,room,no lexical issue identified in this pass,,,,,29343,True,True,True,True,True,True,5,True,5,,
hsk-old-5-展开,5,展开,展開,zhǎn kāi,spread out,no lexical issue identified in this pass,,,,,29359,True,True,True,True,True,True,5,True,5,,
hsk-old-5-展览,5,展览,展覽,zhǎn lǎn,put on display,no lexical issue identified in this pass,,,,,29376,True,True,True,True,True,True,5,True,5,,
hsk-old-5-属于,5,属于,屬於,shǔ yú,belong to,no lexical issue identified in this pass,,,,,29395,True,True,True,True,True,True,5,True,5,,
hsk-old-5-岛,5,岛,島,dǎo,island,no lexical issue identified in this pass,,,,,29412,True,True,True,True,True,True,5,False,,,
hsk-old-5-岸,5,岸,岸,àn,bank,no lexical issue identified in this pass,,,,,29427,True,True,True,True,True,True,5,True,5,,
hsk-old-5-工业,5,工业,工業,gōng yè,industry,no lexical issue identified in this pass,,,,,29443,True,True,True,True,True,True,5,True,5,,
hsk-old-5-工人,5,工人,工人,gōng rén,worker,no lexical issue identified in this pass,,,,,29458,True,True,True,True,True,True,5,True,5,,
hsk-old-5-工厂,5,工厂,工廠,gōng chǎng,factory,no lexical issue identified in this pass,,,,,29473,True,True,True,True,True,True,5,True,5,,
hsk-old-5-工程师,5,工程师,工程師,gōng chéng shī,engineer,no lexical issue identified in this pass,,,,,29488,True,True,True,True,True,True,5,True,5,,
hsk-old-5-巧妙,5,巧妙,巧妙,qiǎo miào,ingenious,no lexical issue identified in this pass,,,,,29503,True,True,True,True,True,True,5,True,5,,
hsk-old-5-巨大,5,巨大,巨大,jù dà,immense,no lexical issue identified in this pass,,,,,29520,True,True,True,True,True,True,5,True,5,,
hsk-old-5-差别,5,差别,差別,chā bié,difference,no lexical issue identified in this pass,,,,,29540,True,True,True,True,True,True,5,True,6,,
hsk-old-5-布,5,布,布,bù,cloth,no lexical issue identified in this pass,,,,,29555,True,True,True,True,True,True,5,True,5,personal-name POS appears on a common-word reading; review sense-specific tags,
hsk-old-5-常识,5,常识,常識,cháng shí,common sense,no lexical issue identified in this pass,,,,,29577,True,True,True,True,True,True,5,True,5,,
hsk-old-5-幅,5,幅,幅,fú,width of cloth,finding,P2,definition,classifier for pictures or lengths of cloth,Width of cloth omits the productive classifier function.,29593,True,True,True,True,True,True,5,True,5,,
hsk-old-5-干活儿,5,干活儿,幹活兒,gàn huó r,do manual labor,no lexical issue identified in this pass,,,,,29610,True,True,True,True,True,True,5,True,5,,
hsk-old-5-干脆,5,干脆,乾脆,gān cuì,straightforward,no lexical issue identified in this pass,,,,,29627,True,True,True,True,True,True,5,True,5,,
hsk-old-5-平,5,平,平,píng,flat,no lexical issue identified in this pass,,,,,29647,True,True,True,True,True,True,5,True,5,,
hsk-old-5-平均,5,平均,平均,píng jūn,average,no lexical issue identified in this pass,,,,,29670,True,True,True,True,True,True,5,True,5,,
hsk-old-5-平常,5,平常,平常,píng cháng,ordinary,no lexical issue identified in this pass,,,,,29688,True,True,True,True,True,True,5,True,5,,
hsk-old-5-平方,5,平方,平方,píng fāng,"square (as in square foot, square mile, etc.)",no lexical issue identified in this pass,,,,,29709,True,True,True,True,True,True,5,True,5,,
hsk-old-5-平等,5,平等,平等,píng děng,equal,no lexical issue identified in this pass,,,,,29725,True,True,True,True,True,True,5,True,5,,
hsk-old-5-平衡,5,平衡,平衡,píng héng,balance,no lexical issue identified in this pass,,,,,29743,True,True,True,True,True,True,5,True,5,,
hsk-old-5-平静,5,平静,平靜,píng jìng,calm,no lexical issue identified in this pass,,,,,29761,True,True,True,True,True,True,5,True,5,,
hsk-old-5-年代,5,年代,年代,nián dài,decade,no lexical issue identified in this pass,,,,,29780,True,True,True,True,True,True,5,True,5,,
hsk-old-5-年纪,5,年纪,年紀,nián jì,age,no lexical issue identified in this pass,,,,,29798,True,True,True,True,True,True,5,True,5,,
hsk-old-5-幸亏,5,幸亏,幸虧,xìng kuī,fortunately,no lexical issue identified in this pass,,,,,29813,True,True,True,True,True,True,5,True,5,,
hsk-old-5-幸运,5,幸运,幸運,xìng yùn,luck,no lexical issue identified in this pass,,,,,29829,True,True,True,True,True,True,5,True,5,,
hsk-old-5-幻想,5,幻想,幻想,huàn xiǎng,delusion,no lexical issue identified in this pass,,,,,29849,True,True,True,True,True,True,5,True,5,,
hsk-old-5-幼儿园,5,幼儿园,幼兒園,yòu ér yuán,kindergarten,no lexical issue identified in this pass,,,,,29866,True,True,True,True,True,True,5,True,5,,
hsk-old-5-广场,5,广场,廣場,guǎng chǎng,public square,no lexical issue identified in this pass,,,,,29882,True,True,True,True,True,True,5,True,5,,
hsk-old-5-广大,5,广大,廣大,guǎng dà,vast,no lexical issue identified in this pass,,,,,29897,True,True,True,True,True,True,5,True,5,,
hsk-old-5-广泛,5,广泛,廣泛,guǎng fàn,extensive,no lexical issue identified in this pass,,,,,29915,True,True,True,True,True,True,5,True,5,,
hsk-old-5-庆祝,5,庆祝,慶祝,qìng zhù,celebrate,no lexical issue identified in this pass,,,,,29932,True,True,True,True,True,True,5,True,5,,
hsk-old-5-应付,5,应付,應付,yìng fu,to cope with,no lexical issue identified in this pass,,,,,29948,True,True,True,True,True,True,5,True,5,,
hsk-old-5-应用,5,应用,應用,yìng yòng,to apply,no lexical issue identified in this pass,,,,,29965,True,True,True,True,True,True,5,True,5,,
hsk-old-5-应聘,5,应聘,應聘,yìng pìn,accept a job offer,finding,P2,definition,to apply for a job,Accept a job offer can imply the applicant has already been selected.,29987,True,True,True,True,True,True,5,True,4,,
hsk-old-5-废话,5,废话,廢話,fèi huà,nonsense,no lexical issue identified in this pass,,,,,30004,True,True,True,True,True,True,5,True,5,,
hsk-old-5-度过,5,度过,度過,dù guò,spend,no lexical issue identified in this pass,,,,,30023,True,True,True,True,True,True,5,True,5,,
hsk-old-5-延长,5,延长,延長,yán cháng,extend,no lexical issue identified in this pass,,,,,30041,True,True,True,True,True,True,5,True,5,,
hsk-old-5-建立,5,建立,建立,jiàn lì,establish,no lexical issue identified in this pass,,,,,30059,True,True,True,True,True,True,5,True,5,,
hsk-old-5-建筑,5,建筑,建築,jiàn zhù,a building,no lexical issue identified in this pass,,,,,30077,True,True,True,True,True,True,5,True,5,,
hsk-old-5-建议,5,建议,建議,jiàn yì,to propose,no lexical issue identified in this pass,,,,,30095,True,True,True,True,True,True,5,True,4,,
hsk-old-5-建设,5,建设,建設,jiàn shè,to build,no lexical issue identified in this pass,,,,,30112,True,True,True,True,True,True,5,True,5,,
hsk-old-5-开发,5,开发,開發,kāi fā,develop,no lexical issue identified in this pass,,,,,30128,True,True,True,True,True,True,5,True,5,,
hsk-old-5-开幕式,5,开幕式,開幕式,kāi mù shì,opening ceremony,no lexical issue identified in this pass,,,,,30146,True,True,True,True,True,True,5,True,5,,
hsk-old-5-开心,5,开心,開心,kāi xīn,feel happy,no lexical issue identified in this pass,,,,,30161,True,True,True,True,True,True,5,True,4,,
hsk-old-5-开放,5,开放,開放,kāi fàng,(of flowers) to bloom,finding,P2,definition,to open to the public; open-minded; to bloom,Bloom is valid but is a poor sole study gloss.,30181,True,True,True,True,True,True,5,True,5,,
hsk-old-5-弯,5,弯,彎,wān,to bend,no lexical issue identified in this pass,,,,,30204,True,True,True,True,True,True,5,False,,,
hsk-old-5-弱,5,弱,弱,ruò,weak,no lexical issue identified in this pass,,,,,30224,True,True,True,True,True,True,5,True,5,,
hsk-old-5-强烈,5,强烈,強烈,qiáng liè,intense,no lexical issue identified in this pass,,,,,30242,True,True,True,True,True,True,5,True,5,,
hsk-old-5-强调,5,强调,強調,qiáng diào,emphasize,no lexical issue identified in this pass,,,,,30258,True,True,True,True,True,True,5,True,5,,
hsk-old-5-当代,5,当代,當代,dāng dài,present day,no lexical issue identified in this pass,,,,,30274,True,True,True,True,True,True,5,True,6,,
hsk-old-5-录取,5,录取,錄取,lù qǔ,recruit,no lexical issue identified in this pass,,,,,30290,True,True,True,True,True,True,5,True,5,,
hsk-old-5-录音,5,录音,錄音,lù yīn,sound recording,no lexical issue identified in this pass,,,,,30308,True,True,True,True,True,True,5,True,5,,
hsk-old-5-形势,5,形势,形勢,xíng shì,circumstances,no lexical issue identified in this pass,,,,,30326,True,True,True,True,True,True,5,True,5,,
hsk-old-5-形容,5,形容,形容,xíng róng,describe,no lexical issue identified in this pass,,,,,30343,True,True,True,True,True,True,5,True,5,,
hsk-old-5-形式,5,形式,形式,xíng shì,form,no lexical issue identified in this pass,,,,,30360,True,True,True,True,True,True,5,True,5,,
hsk-old-5-形成,5,形成,形成,xíng chéng,take shape,no lexical issue identified in this pass,,,,,30378,True,True,True,True,True,True,5,True,5,,form
hsk-old-5-形状,5,形状,形狀,xíng zhuàng,form,no lexical issue identified in this pass,,,,,30395,True,True,True,True,True,True,5,True,5,,
hsk-old-5-形象,5,形象,形象,xíng xiàng,image,no lexical issue identified in this pass,,,,,30410,True,True,True,True,True,True,5,True,5,,form
hsk-old-5-彩虹,5,彩虹,彩虹,cǎi hóng,rainbow,no lexical issue identified in this pass,,,,,30430,True,True,True,True,True,True,5,True,5,,
hsk-old-5-影子,5,影子,影子,yǐng zi,shadow,no lexical issue identified in this pass,,,,,30445,True,True,True,True,True,True,5,True,5,,
hsk-old-5-彻底,5,彻底,徹底,chè dǐ,thorough,no lexical issue identified in this pass,,,,,30464,True,True,True,True,True,True,5,True,5,,
hsk-old-5-彼此,5,彼此,彼此,bǐ cǐ,each other,no lexical issue identified in this pass,,,,,30482,True,True,True,True,True,True,5,True,5,,
hsk-old-5-往返,5,往返,往返,wǎng fǎn,go back and forth,no lexical issue identified in this pass,,,,,30497,True,True,True,True,True,True,5,True,5,,
hsk-old-5-征求,5,征求,徵求,zhēng qiú,solicit,no lexical issue identified in this pass,,,,,30513,True,True,True,True,True,True,5,True,5,,
hsk-old-5-待遇,5,待遇,待遇,dài yù,treatment,no lexical issue identified in this pass,,,,,30531,True,True,True,True,True,True,5,True,5,,
hsk-old-5-微笑,5,微笑,微笑,wēi xiào,smile,no lexical issue identified in this pass,,,,,30550,True,True,True,True,True,True,5,True,5,,
hsk-old-5-心理,5,心理,心理,xīn lǐ,psychology,no lexical issue identified in this pass,,,,,30568,True,True,True,True,True,True,5,True,5,,
hsk-old-5-心脏,5,心脏,心臟,xīn zàng,heart,no lexical issue identified in this pass,,,,,30584,True,True,True,True,True,True,5,True,5,,
hsk-old-5-必然,5,必然,必然,bì rán,inevitable,no lexical issue identified in this pass,,,,,30599,True,True,True,True,True,True,5,True,5,,
hsk-old-5-必要,5,必要,必要,bì yào,necessary,no lexical issue identified in this pass,,,,,30618,True,True,True,True,True,True,5,True,5,,
hsk-old-5-必需,5,必需,必需,bì xū,to need,no lexical issue identified in this pass,,,,,30637,True,True,True,True,True,True,5,False,,,
hsk-old-5-忍不住,5,忍不住,忍不住,rěn bu zhù,cannot help but,no lexical issue identified in this pass,,,,,30656,True,True,True,True,True,True,5,True,5,,
hsk-old-5-念,5,念,念,niàn,read aloud,no lexical issue identified in this pass,,,,,30672,True,True,True,True,True,True,5,True,5,,
hsk-old-5-忽视,5,忽视,忽視,hū shì,neglect,no lexical issue identified in this pass,,,,,30696,True,True,True,True,True,True,5,True,5,,
hsk-old-5-怀念,5,怀念,懷念,huái niàn,cherish the memory of,no lexical issue identified in this pass,,,,,30712,True,True,True,True,True,True,5,True,5,,
hsk-old-5-思想,5,思想,思想,sī xiǎng,thought,no lexical issue identified in this pass,,,,,30730,True,True,True,True,True,True,5,True,5,,
hsk-old-5-思考,5,思考,思考,sī kǎo,reflect on,no lexical issue identified in this pass,,,,,30748,True,True,True,True,True,True,5,True,5,,
hsk-old-5-急忙,5,急忙,急忙,jí máng,hastily,no lexical issue identified in this pass,,,,,30765,True,True,True,True,True,True,5,True,5,,
hsk-old-5-性质,5,性质,性質,xìng zhì,nature,no lexical issue identified in this pass,,,,,30780,True,True,True,True,True,True,5,True,5,,
hsk-old-5-怪不得,5,怪不得,怪不得,guài bu de,no wonder,no lexical issue identified in this pass,,,,,30796,True,True,True,True,True,True,5,True,5,,
hsk-old-5-总之,5,总之,總之,zǒng zhī,in a word,no lexical issue identified in this pass,,,,,30812,True,True,True,True,True,True,5,True,5,,
hsk-old-5-总共,5,总共,總共,zǒng gòng,altogether,no lexical issue identified in this pass,,,,,30829,True,True,True,True,True,True,5,True,5,,
hsk-old-5-总理,5,总理,總理,zǒng lǐ,premier,no lexical issue identified in this pass,,,,,30844,True,True,True,True,True,True,5,True,5,,
hsk-old-5-总算,5,总算,總算,zǒng suàn,at long last,no lexical issue identified in this pass,,,,,30860,True,True,True,True,True,True,5,True,5,,
hsk-old-5-总统,5,总统,總統,zǒng tǒng,president (of a country),no lexical issue identified in this pass,,,,,30878,True,True,True,True,True,True,5,True,5,,
hsk-old-5-总裁,5,总裁,總裁,zǒng cái,director-general,no lexical issue identified in this pass,,,,,30893,True,True,True,True,True,True,5,True,5,,
hsk-old-5-恋爱,5,恋爱,戀愛,liàn ài,romantic love,no lexical issue identified in this pass,,,,,30909,True,True,True,True,True,True,5,True,5,,
hsk-old-5-恐怖,5,恐怖,恐怖,kǒng bù,afraid,finding,P2,definition,horror; terrifying,Afraid describes the experiencer and loses the terrifying or horror sense.,30927,True,True,True,True,True,True,5,True,6,,
hsk-old-5-恢复,5,恢复,恢復,huī fù,reinstate,no lexical issue identified in this pass,,,,,30947,True,True,True,True,True,True,5,True,5,,
hsk-old-5-恨,5,恨,恨,hèn,to hate,no lexical issue identified in this pass,,,,,30968,True,True,True,True,True,True,5,True,5,,
hsk-old-5-恶劣,5,恶劣,惡劣,è liè,vile,no lexical issue identified in this pass,,,,,30985,True,True,True,True,True,True,5,True,5,,
hsk-old-5-悄悄,5,悄悄,悄悄,qiāo qiāo,quietly,no lexical issue identified in this pass,,,,,31003,True,True,True,True,True,True,5,True,5,,
hsk-old-5-悠久,5,悠久,悠久,yōu jiǔ,established,finding,P2,definition,long-standing; having a long history,Established does not convey duration.,31021,True,True,True,True,True,True,5,True,5,,
hsk-old-5-悲观,5,悲观,悲觀,bēi guān,pessimistic,no lexical issue identified in this pass,,,,,31036,True,True,True,True,True,True,5,True,5,,
hsk-old-5-情景,5,情景,情景,qíng jǐng,scene,no lexical issue identified in this pass,,,,,31052,True,True,True,True,True,True,5,True,5,,
hsk-old-5-情绪,5,情绪,情緒,qíng xù,emotion,no lexical issue identified in this pass,,,,,31070,True,True,True,True,True,True,5,True,5,,
hsk-old-5-惭愧,5,惭愧,慚愧,cán kuì,ashamed,no lexical issue identified in this pass,,,,,31087,True,True,True,True,True,True,5,True,5,,
hsk-old-5-想念,5,想念,想念,xiǎng niàn,to miss,no lexical issue identified in this pass,,,,,31103,True,True,True,True,True,True,5,True,5,,
hsk-old-5-想象,5,想象,想象,xiǎng xiàng,imagine,no lexical issue identified in this pass,,,,,31120,True,True,True,True,True,True,5,True,5,,
hsk-old-5-意义,5,意义,意義,yì yì,meaning,no lexical issue identified in this pass,,,,,31137,True,True,True,True,True,True,5,True,5,,
hsk-old-5-意外,5,意外,意外,yì wài,unexpected,no lexical issue identified in this pass,,,,,31155,True,True,True,True,True,True,5,True,5,,
hsk-old-5-感受,5,感受,感受,gǎn shòu,feel,no lexical issue identified in this pass,,,,,31174,True,True,True,True,True,True,5,True,5,,
hsk-old-5-感想,5,感想,感想,gǎn xiǎng,impressions,no lexical issue identified in this pass,,,,,31196,True,True,True,True,True,True,5,True,5,,
hsk-old-5-感激,5,感激,感激,gǎn jī,appreciate,no lexical issue identified in this pass,,,,,31213,True,True,True,True,True,True,5,True,5,,
hsk-old-5-愤怒,5,愤怒,憤怒,fèn nù,angry,no lexical issue identified in this pass,,,,,31231,True,True,True,True,True,True,5,True,6,,
hsk-old-5-愿望,5,愿望,願望,yuàn wàng,desire,no lexical issue identified in this pass,,,,,31252,True,True,True,True,True,True,5,True,5,,
hsk-old-5-慌张,5,慌张,慌張,huāng zhāng,flustered,no lexical issue identified in this pass,,,,,31268,True,True,True,True,True,True,5,True,5,,
hsk-old-5-戏剧,5,戏剧,戲劇,xì jù,drama,no lexical issue identified in this pass,,,,,31284,True,True,True,True,True,True,5,True,5,,
hsk-old-5-成分,5,成分,成分,chéng fèn,ingredient,no lexical issue identified in this pass,,,,,31300,True,True,True,True,True,True,5,True,5,,
hsk-old-5-成就,5,成就,成就,chéng jiù,accomplishment,no lexical issue identified in this pass,,,,,31316,True,True,True,True,True,True,5,True,5,,
hsk-old-5-成果,5,成果,成果,chéng guǒ,result,no lexical issue identified in this pass,,,,,31337,True,True,True,True,True,True,5,True,5,,
hsk-old-5-成立,5,成立,成立,chéng lì,establish,no lexical issue identified in this pass,,,,,31355,True,True,True,True,True,True,5,True,5,,
hsk-old-5-成语,5,成语,成語,chéng yǔ,idiom,no lexical issue identified in this pass,,,,,31374,True,True,True,True,True,True,5,True,5,,
hsk-old-5-成长,5,成长,成長,chéng zhǎng,to mature,no lexical issue identified in this pass,,,,,31393,True,True,True,True,True,True,5,True,5,,
hsk-old-5-戒指,5,戒指,戒指,jiè zhi,(finger) ring,no lexical issue identified in this pass,,,,,31411,True,True,True,True,True,True,5,True,5,,
hsk-old-5-戒烟,5,戒烟,戒煙,jiè yān,to give up smoking,no lexical issue identified in this pass,,,,,31426,True,True,True,True,True,True,5,False,,,
hsk-old-5-战争,5,战争,戰爭,zhàn zhēng,war,no lexical issue identified in this pass,,,,,31442,True,True,True,True,True,True,5,True,5,,
hsk-old-5-房东,5,房东,房東,fáng dōng,landlord,no lexical issue identified in this pass,,,,,31458,True,True,True,True,True,True,5,True,4,,
hsk-old-5-所,5,所,所,suǒ,place,finding,P2,definition,classifier for buildings or institutions; place,Place alone omits the classifier and grammatical uses.,31473,True,True,True,True,True,True,5,True,5,,
hsk-old-5-所谓,5,所谓,所謂,suǒ wèi,so-called,no lexical issue identified in this pass,,,,,31494,True,True,True,True,True,True,5,False,,,
hsk-old-5-扇子,5,扇子,扇子,shàn zi,fan (for waving),no lexical issue identified in this pass,,,,,31511,True,True,True,True,True,True,5,True,5,,
hsk-old-5-手套,5,手套,手套,shǒu tào,glove,no lexical issue identified in this pass,,,,,31526,True,True,True,True,True,True,5,True,5,,
hsk-old-5-手工,5,手工,手工,shǒu gōng,hand-made,no lexical issue identified in this pass,,,,,31542,True,True,True,True,True,True,5,True,5,,
hsk-old-5-手指,5,手指,手指,shǒu zhǐ,finger,no lexical issue identified in this pass,,,,,31559,True,True,True,True,True,True,5,True,5,,
hsk-old-5-手术,5,手术,手術,shǒu shù,surgery,no lexical issue identified in this pass,,,,,31574,True,True,True,True,True,True,5,True,5,,
hsk-old-5-手续,5,手续,手續,shǒu xù,formalities,no lexical issue identified in this pass,,,,,31592,True,True,True,True,True,True,5,True,5,,
hsk-old-5-打交道,5,打交道,打交道,dǎ jiāo dào,come into contact with,no lexical issue identified in this pass,,,,,31608,True,True,True,True,True,True,5,True,5,,
hsk-old-5-打听,5,打听,打聽,dǎ ting,ask about,no lexical issue identified in this pass,,,,,31624,True,True,True,True,True,True,5,True,5,,
hsk-old-5-打喷嚏,5,打喷嚏,打噴嚏,dǎ pēn tì,to sneeze,no lexical issue identified in this pass,,,,,31641,True,True,True,True,True,True,5,True,5,,
hsk-old-5-打工,5,打工,打工,dǎ gōng,work a part time job,no lexical issue identified in this pass,,,,,31656,True,True,True,True,True,True,5,True,5,,
hsk-old-5-打招呼,5,打招呼,打招呼,dǎ zhāo hu,notify,finding,P2,definition,to greet; to say hello,Notify is possible in context but obscures the core social action.,31673,True,True,True,True,True,True,5,True,4,,
hsk-old-5-执照,5,执照,執照,zhí zhào,a license,no lexical issue identified in this pass,,,,,31690,True,True,True,True,True,True,5,True,5,,
hsk-old-5-执行,5,执行,執行,zhí xíng,implementation,no lexical issue identified in this pass,,,,,31706,True,True,True,True,True,True,5,True,6,,
hsk-old-5-扶,5,扶,扶,fú,to support with hand,no lexical issue identified in this pass,,,,,31725,True,True,True,True,True,True,5,True,5,,
hsk-old-5-批,5,批,批,pī,criticize,no lexical issue identified in this pass,,,,,31743,True,True,True,True,True,True,5,True,5,,
hsk-old-5-批准,5,批准,批准,pī zhǔn,approve,no lexical issue identified in this pass,,,,,31764,True,True,True,True,True,True,5,True,5,,
hsk-old-5-承受,5,承受,承受,chéng shòu,to bear,no lexical issue identified in this pass,,,,,31780,True,True,True,True,True,True,5,True,5,,
hsk-old-5-承担,5,承担,承擔,chéng dān,undertake,no lexical issue identified in this pass,,,,,31798,True,True,True,True,True,True,5,True,5,,
hsk-old-5-承认,5,承认,承認,chéng rèn,to admit,no lexical issue identified in this pass,,,,,31814,True,True,True,True,True,True,5,True,5,,
hsk-old-5-抄,5,抄,抄,chāo,to copy,no lexical issue identified in this pass,,,,,31834,True,True,True,True,True,True,5,True,5,,
hsk-old-5-把握,5,把握,把握,bǎ wò,grasp,no lexical issue identified in this pass,,,,,31857,True,True,True,True,True,True,5,True,5,,
hsk-old-5-抓紧,5,抓紧,抓緊,zhuā jǐn,to grasp firmly,no lexical issue identified in this pass,,,,,31879,True,True,True,True,True,True,5,True,5,,
hsk-old-5-投资,5,投资,投資,tóu zī,investment,no lexical issue identified in this pass,,,,,31896,True,True,True,True,True,True,5,True,5,,
hsk-old-5-抗议,5,抗议,抗議,kàng yì,to protest,no lexical issue identified in this pass,,,,,31914,True,True,True,True,True,True,5,True,6,,
hsk-old-5-抢,5,抢,搶,qiǎng,fight over,no lexical issue identified in this pass,,,,,31931,True,True,True,True,True,True,5,True,5,,
hsk-old-5-报告,5,报告,報告,bào gào,to report,no lexical issue identified in this pass,,,,,31951,True,True,True,True,True,True,5,True,5,,
hsk-old-5-披,5,披,披,pī,drape over one's shoulders,no lexical issue identified in this pass,,,,,31973,True,True,True,True,True,True,5,True,5,,
hsk-old-5-抽屉,5,抽屉,抽屜,chōu ti,drawer,no lexical issue identified in this pass,,,,,31992,True,True,True,True,True,True,5,True,5,,
hsk-old-5-抽象,5,抽象,抽象,chōu xiàng,abstract,no lexical issue identified in this pass,,,,,32007,True,True,True,True,True,True,5,True,5,,
hsk-old-5-担任,5,担任,擔任,dān rèn,hold the post of,no lexical issue identified in this pass,,,,,32024,True,True,True,True,True,True,5,True,5,,
hsk-old-5-拆,5,拆,拆,chāi,unravel,no lexical issue identified in this pass,,,,,32042,True,True,True,True,True,True,5,True,5,,
hsk-old-5-拍,5,拍,拍,pāi,to clap,no lexical issue identified in this pass,,,,,32060,True,True,True,True,True,True,5,True,5,,
hsk-old-5-拐弯,5,拐弯,拐彎,guǎi wān,turn a corner,no lexical issue identified in this pass,,,,,32084,True,True,True,True,True,True,5,True,5,,
hsk-old-5-招待,5,招待,招待,zhāo dài,receive (guests),no lexical issue identified in this pass,,,,,32103,True,True,True,True,True,True,5,True,5,,
hsk-old-5-拥抱,5,拥抱,擁抱,yōng bào,embrace,no lexical issue identified in this pass,,,,,32119,True,True,True,True,True,True,5,True,5,,
hsk-old-5-拥挤,5,拥挤,擁擠,yōng jǐ,to crowd,no lexical issue identified in this pass,,,,,32136,True,True,True,True,True,True,5,True,5,,
hsk-old-5-拦,5,拦,攔,lán,to block,no lexical issue identified in this pass,,,,,32154,True,True,True,True,True,True,5,True,5,,
hsk-old-5-持续,5,持续,持續,chí xù,continue,no lexical issue identified in this pass,,,,,32172,True,True,True,True,True,True,5,True,5,,
hsk-old-5-挂号,5,挂号,掛號,guà hào,register,no lexical issue identified in this pass,,,,,32192,True,True,True,True,True,True,5,True,5,,
hsk-old-5-指导,5,指导,指導,zhǐ dǎo,to guide,no lexical issue identified in this pass,,,,,32208,True,True,True,True,True,True,5,True,5,,
hsk-old-5-指挥,5,指挥,指揮,zhǐ huī,to command,no lexical issue identified in this pass,,,,,32229,True,True,True,True,True,True,5,True,5,,
hsk-old-5-挑战,5,挑战,挑戰,tiǎo zhàn,challenge,no lexical issue identified in this pass,,,,,32249,True,True,True,True,True,True,5,True,5,,
hsk-old-5-挡,5,挡,擋,dǎng,to block,no lexical issue identified in this pass,,,,,32266,True,True,True,True,True,True,5,True,5,,
hsk-old-5-挣钱,5,挣钱,掙錢,zhèng qián,to make money,no lexical issue identified in this pass,,,,,32289,True,True,True,True,True,True,5,False,,,
hsk-old-5-挥,5,挥,揮,huī,to wave,no lexical issue identified in this pass,,,,,32305,True,True,True,True,True,True,5,True,5,,
hsk-old-5-振动,5,振动,振動,zhèn dòng,vibrate,no lexical issue identified in this pass,,,,,32325,True,True,True,True,True,True,5,True,5,,
hsk-old-5-捐,5,捐,捐,juān,to contribute,no lexical issue identified in this pass,,,,,32343,True,True,True,True,True,True,5,True,5,,
hsk-old-5-损失,5,损失,損失,sǔn shī,loss (financial),no lexical issue identified in this pass,,,,,32360,True,True,True,True,True,True,5,True,5,,
hsk-old-5-捡,5,捡,撿,jiǎn,to pick up,no lexical issue identified in this pass,,,,,32379,True,True,True,True,True,True,5,True,5,,
hsk-old-5-据说,5,据说,據說,jù shuō,it is said that,no lexical issue identified in this pass,,,,,32396,True,True,True,True,True,True,5,True,5,,
hsk-old-5-掌握,5,掌握,掌握,zhǎng wò,to grasp,no lexical issue identified in this pass,,,,,32411,True,True,True,True,True,True,5,True,5,,
hsk-old-5-排球,5,排球,排球,pái qiú,volleyball,no lexical issue identified in this pass,,,,,32432,True,True,True,True,True,True,5,False,,,
hsk-old-5-排队,5,排队,排隊,pái duì,queue,no lexical issue identified in this pass,,,,,32447,True,True,True,True,True,True,5,True,4,,
hsk-old-5-接待,5,接待,接待,jiē dài,receive (a visitor),no lexical issue identified in this pass,,,,,32463,True,True,True,True,True,True,5,True,5,,
hsk-old-5-接着,5,接着,接著,jiē zhe,continue,no lexical issue identified in this pass,,,,,32480,True,True,True,True,True,True,5,True,4,,
hsk-old-5-接触,5,接触,接觸,jiē chù,come into contact with,no lexical issue identified in this pass,,,,,32507,True,True,True,True,True,True,5,True,5,,
hsk-old-5-接近,5,接近,接近,jiē jìn,near,no lexical issue identified in this pass,,,,,32526,True,True,True,True,True,True,5,True,5,,
hsk-old-5-控制,5,控制,控制,kòng zhì,to control,no lexical issue identified in this pass,,,,,32543,True,True,True,True,True,True,5,True,5,,
hsk-old-5-推广,5,推广,推廣,tuī guǎng,popularize,no lexical issue identified in this pass,,,,,32559,True,True,True,True,True,True,5,True,5,,
hsk-old-5-推荐,5,推荐,推薦,tuī jiàn,recommend,no lexical issue identified in this pass,,,,,32579,True,True,True,True,True,True,5,True,5,,
hsk-old-5-推辞,5,推辞,推辭,tuī cí,to decline,no lexical issue identified in this pass,,,,,32596,True,True,True,True,True,True,5,True,5,,
hsk-old-5-措施,5,措施,措施,cuò shī,measure,no lexical issue identified in this pass,,,,,32611,True,True,True,True,True,True,5,True,5,,
hsk-old-5-描写,5,描写,描寫,miáo xiě,to describe,no lexical issue identified in this pass,,,,,32627,True,True,True,True,True,True,5,True,5,,
hsk-old-5-提,5,提,提,tí,to carry,no lexical issue identified in this pass,,,,,32646,True,True,True,True,True,True,5,True,4,,
hsk-old-5-提倡,5,提倡,提倡,tí chàng,promote,no lexical issue identified in this pass,,,,,32668,True,True,True,True,True,True,5,True,5,,
hsk-old-5-提纲,5,提纲,提綱,tí gāng,outline,no lexical issue identified in this pass,,,,,32685,True,True,True,True,True,True,5,True,5,,
hsk-old-5-提问,5,提问,提問,tí wèn,put questions to,no lexical issue identified in this pass,,,,,32702,True,True,True,True,True,True,5,True,5,,
hsk-old-5-插,5,插,插,chā,to insert,no lexical issue identified in this pass,,,,,32718,True,True,True,True,True,True,5,True,5,,
hsk-old-5-搞,5,搞,搞,gǎo,do,no lexical issue identified in this pass,,,,,32738,True,True,True,True,True,True,5,True,5,,
hsk-old-5-摄影,5,摄影,攝影,shè yǐng,take a photograph,no lexical issue identified in this pass,,,,,32758,True,True,True,True,True,True,5,True,5,,
hsk-old-5-摆,5,摆,擺,bǎi,to put (on),no lexical issue identified in this pass,,,,,32776,True,True,True,True,True,True,5,True,5,,
hsk-old-5-摇,5,摇,搖,yáo,to shake,no lexical issue identified in this pass,,,,,32794,True,True,True,True,True,True,5,True,5,,
hsk-old-5-摔,5,摔,摔,shuāi,to throw down,no lexical issue identified in this pass,,,,,32812,True,True,True,True,True,True,5,False,,,
hsk-old-5-摘,5,摘,摘,zhāi,"to pick (flowers, fruit, etc.)",no lexical issue identified in this pass,,,,,32829,True,True,True,True,True,True,5,True,5,,
hsk-old-5-摩托车,5,摩托车,摩托車,mó tuō chē,motorcycle,no lexical issue identified in this pass,,,,,32850,True,True,True,True,True,True,5,True,5,,
hsk-old-5-摸,5,摸,摸,mō,to touch,no lexical issue identified in this pass,,,,,32865,True,True,True,True,True,True,5,True,5,,
hsk-old-5-撕,5,撕,撕,sī,to tear (something),no lexical issue identified in this pass,,,,,32885,True,True,True,True,True,True,5,True,5,,
hsk-old-5-操场,5,操场,操場,cāo chǎng,playground,no lexical issue identified in this pass,,,,,32900,True,True,True,True,True,True,5,True,5,,
hsk-old-5-操心,5,操心,操心,cāo xīn,worry about,no lexical issue identified in this pass,,,,,32917,True,True,True,True,True,True,5,True,5,,
hsk-old-5-支,5,支,支,zhī,branch,no lexical issue identified in this pass,,,,,32932,True,True,True,True,True,True,5,True,5,,
hsk-old-5-支票,5,支票,支票,zhī piào,(bank) check,no lexical issue identified in this pass,,,,,32955,True,True,True,True,True,True,5,True,5,,
hsk-old-5-收据,5,收据,收據,shōu jù,receipt,no lexical issue identified in this pass,,,,,32971,True,True,True,True,True,True,5,True,5,,
hsk-old-5-收获,5,收获,收穫,shōu huò,harvest,no lexical issue identified in this pass,,,,,32986,True,True,True,True,True,True,5,True,5,,
hsk-old-5-改善,5,改善,改善,gǎi shàn,improve,no lexical issue identified in this pass,,,,,33011,True,True,True,True,True,True,5,True,5,,
hsk-old-5-改正,5,改正,改正,gǎi zhèng,to correct,no lexical issue identified in this pass,,,,,33027,True,True,True,True,True,True,5,True,5,,
hsk-old-5-改进,5,改进,改進,gǎi jìn,improve,no lexical issue identified in this pass,,,,,33046,True,True,True,True,True,True,5,True,5,,
hsk-old-5-改革,5,改革,改革,gǎi gé,to reform,no lexical issue identified in this pass,,,,,33063,True,True,True,True,True,True,5,True,5,,
hsk-old-5-放松,5,放松,放鬆,fàng sōng,relax,no lexical issue identified in this pass,,,,,33080,True,True,True,True,True,True,5,True,4,,
hsk-old-5-政府,5,政府,政府,zhèng fǔ,government,no lexical issue identified in this pass,,,,,33097,True,True,True,True,True,True,5,True,5,,
hsk-old-5-政治,5,政治,政治,zhèng zhì,politics,no lexical issue identified in this pass,,,,,33112,True,True,True,True,True,True,5,True,5,,
hsk-old-5-政策,5,政策,政策,zhèng cè,policy,no lexical issue identified in this pass,,,,,33128,True,True,True,True,True,True,5,True,6,,
hsk-old-5-效率,5,效率,效率,xiào lǜ,efficiency,no lexical issue identified in this pass,,,,,33143,True,True,True,True,True,True,5,True,5,,
hsk-old-5-敌人,5,敌人,敵人,dí rén,enemy,no lexical issue identified in this pass,,,,,33158,True,True,True,True,True,True,5,True,5,,
hsk-old-5-救,5,救,救,jiù,to save (life),no lexical issue identified in this pass,,,,,33173,True,True,True,True,True,True,5,True,5,,
hsk-old-5-救护车,5,救护车,救護車,jiù hù chē,ambulance,no lexical issue identified in this pass,,,,,33191,True,True,True,True,True,True,5,True,5,,
hsk-old-5-教材,5,教材,教材,jiào cái,teaching materials,no lexical issue identified in this pass,,,,,33206,True,True,True,True,True,True,5,True,5,,
hsk-old-5-教练,5,教练,教練,jiào liàn,(athlete's) coach,no lexical issue identified in this pass,,,,,33221,True,True,True,True,True,True,5,True,5,,
hsk-old-5-教训,5,教训,教訓,jiào xun,lesson,no lexical issue identified in this pass,,,,,33238,True,True,True,True,True,True,5,True,5,,
hsk-old-5-敬爱,5,敬爱,敬愛,jìng ài,to respect and love,no lexical issue identified in this pass,,,,,33258,True,True,True,True,True,True,5,False,,,
hsk-old-5-数据,5,数据,數據,shù jù,data,no lexical issue identified in this pass,,,,,33273,True,True,True,True,True,True,5,True,5,,
hsk-old-5-数码,5,数码,數碼,shù mǎ,numeral,finding,P2,definition,digital; numerical code,Numeral alone omits the common digital-technology sense.,33288,True,True,True,True,True,True,5,True,5,,
hsk-old-5-整个,5,整个,整個,zhěng gè,whole,no lexical issue identified in this pass,,,,,33308,True,True,True,True,True,True,5,True,5,,
hsk-old-5-整体,5,整体,整體,zhěng tǐ,whole,no lexical issue identified in this pass,,,,,33327,True,True,True,True,True,True,5,True,5,,
hsk-old-5-文件,5,文件,文件,wén jiàn,document,no lexical issue identified in this pass,,,,,33350,True,True,True,True,True,True,5,True,5,,
hsk-old-5-文具,5,文具,文具,wén jù,stationery,no lexical issue identified in this pass,,,,,33366,True,True,True,True,True,True,5,True,5,,
hsk-old-5-文学,5,文学,文學,wén xué,literature,no lexical issue identified in this pass,,,,,33382,True,True,True,True,True,True,5,True,5,,
hsk-old-5-文明,5,文明,文明,wén míng,civilization,no lexical issue identified in this pass,,,,,33397,True,True,True,True,True,True,5,True,5,,
hsk-old-5-斜,5,斜,斜,xié,slanting,no lexical issue identified in this pass,,,,,33416,True,True,True,True,True,True,5,True,5,,
hsk-old-5-方,5,方,方,fāng,square,no lexical issue identified in this pass,,,,,33436,True,True,True,True,True,True,5,True,5,,
hsk-old-5-方式,5,方式,方式,fāng shì,way,no lexical issue identified in this pass,,,,,33470,True,True,True,True,True,True,5,True,5,,
hsk-old-5-方案,5,方案,方案,fāng àn,plan,no lexical issue identified in this pass,,,,,33485,True,True,True,True,True,True,5,True,5,,
hsk-old-5-无奈,5,无奈,無奈,wú nài,can't help but,no lexical issue identified in this pass,,,,,33503,True,True,True,True,True,True,5,True,5,,
hsk-old-5-无数,5,无数,無數,wú shù,countless,no lexical issue identified in this pass,,,,,33525,True,True,True,True,True,True,5,True,5,,
hsk-old-5-日历,5,日历,日曆,rì lì,calendar,no lexical issue identified in this pass,,,,,33542,True,True,True,True,True,True,5,True,5,,
hsk-old-5-日常,5,日常,日常,rì cháng,daily,no lexical issue identified in this pass,,,,,33557,True,True,True,True,True,True,5,True,5,,
hsk-old-5-日期,5,日期,日期,rì qī,date,no lexical issue identified in this pass,,,,,33572,True,True,True,True,True,True,5,True,5,,
hsk-old-5-日用品,5,日用品,日用品,rì yòng pǐn,daily necessities,no lexical issue identified in this pass,,,,,33587,True,True,True,True,True,True,5,True,5,,
hsk-old-5-日程,5,日程,日程,rì chéng,schedule,no lexical issue identified in this pass,,,,,33602,True,True,True,True,True,True,5,True,5,,
hsk-old-5-时代,5,时代,時代,shí dài,age,no lexical issue identified in this pass,,,,,33618,True,True,True,True,True,True,5,True,5,,
hsk-old-5-时刻,5,时刻,時刻,shí kè,moment,no lexical issue identified in this pass,,,,,33636,True,True,True,True,True,True,5,True,5,,
hsk-old-5-时尚,5,时尚,時尚,shí shàng,fashion,no lexical issue identified in this pass,,,,,33657,True,True,True,True,True,True,5,True,5,,
hsk-old-5-时期,5,时期,時期,shí qī,period in time or history,no lexical issue identified in this pass,,,,,33674,True,True,True,True,True,True,5,True,5,,
hsk-old-5-时髦,5,时髦,時髦,shí máo,fashionable,no lexical issue identified in this pass,,,,,33690,True,True,True,True,True,True,5,True,5,,
hsk-old-5-明信片,5,明信片,明信片,míng xìn piàn,postcard,no lexical issue identified in this pass,,,,,33706,True,True,True,True,True,True,5,False,,,
hsk-old-5-明星,5,明星,明星,míng xīng,"(movie, etc.) star",no lexical issue identified in this pass,,,,,33721,True,True,True,True,True,True,5,True,5,,
hsk-old-5-明显,5,明显,明顯,míng xiǎn,clear,no lexical issue identified in this pass,,,,,33736,True,True,True,True,True,True,5,True,5,,
hsk-old-5-明确,5,明确,明確,míng què,clear-cut,no lexical issue identified in this pass,,,,,33754,True,True,True,True,True,True,5,True,5,,
hsk-old-5-是否,5,是否,是否,shì fǒu,whether (or not),no lexical issue identified in this pass,,,,,33772,True,True,True,True,True,True,5,True,4,,
hsk-old-5-显得,5,显得,顯得,xiǎn de,appear,no lexical issue identified in this pass,,,,,33789,True,True,True,True,True,True,5,True,5,,
hsk-old-5-显然,5,显然,顯然,xiǎn rán,clear,no lexical issue identified in this pass,,,,,33806,True,True,True,True,True,True,5,True,5,,
hsk-old-5-显示,5,显示,顯示,xiǎn shì,"display, illustrate, to show",no lexical issue identified in this pass,,,,,33822,True,True,True,True,True,True,5,True,5,,
hsk-old-5-晒,5,晒,曬,shài,to dry in the sun,no lexical issue identified in this pass,,,,,33841,True,True,True,True,True,True,5,True,5,,
hsk-old-5-晕,5,晕,暈,yūn,dizzy,no lexical issue identified in this pass,,,,,33861,True,True,True,True,True,True,5,True,5,,
hsk-old-5-景色,5,景色,景色,jǐng sè,scenery,no lexical issue identified in this pass,,,,,33882,True,True,True,True,True,True,5,True,4,,
hsk-old-5-智慧,5,智慧,智慧,zhì huì,wisdom,no lexical issue identified in this pass,,,,,33900,True,True,True,True,True,True,5,True,5,,
hsk-old-5-更加,5,更加,更加,gèng jiā,more (than sth else),no lexical issue identified in this pass,,,,,33918,True,True,True,True,True,True,5,False,,,
hsk-old-5-曾经,5,曾经,曾經,céng jīng,once,no lexical issue identified in this pass,,,,,33934,True,True,True,True,True,True,5,True,5,,
hsk-old-5-最初,5,最初,最初,zuì chū,first,no lexical issue identified in this pass,,,,,33954,True,True,True,True,True,True,5,True,5,,
hsk-old-5-有利,5,有利,有利,yǒu lì,advantageous,no lexical issue identified in this pass,,,,,33976,True,True,True,True,True,True,5,True,5,,
hsk-old-5-服从,5,服从,服從,fú cóng,to obey,no lexical issue identified in this pass,,,,,33991,True,True,True,True,True,True,5,True,6,,
hsk-old-5-服装,5,服装,服裝,fú zhuāng,(formal) clothing,no lexical issue identified in this pass,,,,,34008,True,True,True,True,True,True,5,True,5,,
hsk-old-5-朝,5,朝,朝,cháo,to face,no lexical issue identified in this pass,,,,,34026,True,True,True,True,True,True,5,True,5,,
hsk-old-5-朝代,5,朝代,朝代,cháo dài,dynasty,no lexical issue identified in this pass,,,,,34052,True,True,True,True,True,True,5,True,6,,
hsk-old-5-期待,5,期待,期待,qī dài,look forward to,no lexical issue identified in this pass,,,,,34068,True,True,True,True,True,True,5,True,5,,
hsk-old-5-期间,5,期间,期間,qī jiān,period of time,no lexical issue identified in this pass,,,,,34086,True,True,True,True,True,True,5,True,5,,
hsk-old-5-木头,5,木头,木頭,mù tou,wood,no lexical issue identified in this pass,,,,,34104,True,True,True,True,True,True,5,True,5,,
hsk-old-5-未必,5,未必,未必,wèi bì,not necessarily,no lexical issue identified in this pass,,,,,34121,True,True,True,True,True,True,5,True,5,,
hsk-old-5-未来,5,未来,未來,wèi lái,future,no lexical issue identified in this pass,,,,,34137,True,True,True,True,True,True,5,True,5,,
hsk-old-5-本科,5,本科,本科,běn kē,undergraduate,no lexical issue identified in this pass,,,,,34156,True,True,True,True,True,True,5,True,5,,
hsk-old-5-本质,5,本质,本質,běn zhì,essence,no lexical issue identified in this pass,,,,,34172,True,True,True,True,True,True,5,True,5,,
hsk-old-5-本领,5,本领,本領,běn lǐng,skill,no lexical issue identified in this pass,,,,,34190,True,True,True,True,True,True,5,True,5,,
hsk-old-5-朴素,5,朴素,樸素,pǔ sù,plain,no lexical issue identified in this pass,,,,,34207,True,True,True,True,True,True,5,True,6,,
hsk-old-5-机器,5,机器,機器,jī qì,machine,no lexical issue identified in this pass,,,,,34225,True,True,True,True,True,True,5,True,5,,
hsk-old-5-杀,5,杀,殺,shā,to kill,no lexical issue identified in this pass,,,,,34240,True,True,True,True,True,True,5,True,5,,
hsk-old-5-权利,5,权利,權利,quán lì,right,no lexical issue identified in this pass,,,,,34260,True,True,True,True,True,True,5,True,5,,
hsk-old-5-权力,5,权力,權力,quán lì,power,no lexical issue identified in this pass,,,,,34276,True,True,True,True,True,True,5,True,5,,
hsk-old-5-来自,5,来自,來自,lái zì,come from (a place),no lexical issue identified in this pass,,,,,34292,True,True,True,True,True,True,5,True,4,,
hsk-old-5-构成,5,构成,構成,gòu chéng,to constitute,no lexical issue identified in this pass,,,,,34308,True,True,True,True,True,True,5,True,5,,
hsk-old-5-枕头,5,枕头,枕頭,zhěn tou,pillow,no lexical issue identified in this pass,,,,,34329,True,True,True,True,True,True,5,True,6,,
hsk-old-5-果实,5,果实,果實,guǒ shí,fruit,no lexical issue identified in this pass,,,,,34344,True,True,True,True,True,True,5,True,5,,
hsk-old-5-枪,5,枪,槍,qiāng,gun,no lexical issue identified in this pass,,,,,34362,True,True,True,True,True,True,5,True,5,,
hsk-old-5-某,5,某,某,mǒu,a certain,no lexical issue identified in this pass,,,,,34385,True,True,True,True,True,True,5,True,5,,
hsk-old-5-柜台,5,柜台,櫃檯,guì tái,counter,no lexical issue identified in this pass,,,,,34403,True,True,True,True,True,True,5,True,5,,
hsk-old-5-标志,5,标志,標誌,biāo zhì,sign,no lexical issue identified in this pass,,,,,34421,True,True,True,True,True,True,5,True,5,,
hsk-old-5-标点,5,标点,標點,biāo diǎn,punctuation,no lexical issue identified in this pass,,,,,34443,True,True,True,True,True,True,5,True,5,,
hsk-old-5-样式,5,样式,樣式,yàng shì,type,no lexical issue identified in this pass,,,,,34460,True,True,True,True,True,True,5,True,5,,
hsk-old-5-核心,5,核心,核心,hé xīn,core,no lexical issue identified in this pass,,,,,34476,True,True,True,True,True,True,5,True,5,,
hsk-old-5-根,5,根,根,gēn,root,no lexical issue identified in this pass,,,,,34491,True,True,True,True,True,True,5,True,5,,
hsk-old-5-根本,5,根本,根本,gēn běn,root,finding,P2,definition,"fundamental; at all, usually in a negative clause",Root alone obscures the common adjective and adverb.,34510,True,True,True,True,True,True,5,True,5,,
hsk-old-5-格外,5,格外,格外,gé wài,especially,no lexical issue identified in this pass,,,,,34532,True,True,True,True,True,True,5,True,5,,
hsk-old-5-桃,5,桃,桃,táo,peach,no lexical issue identified in this pass,,,,,34548,True,True,True,True,True,True,5,True,5,,
hsk-old-5-桔子,5,桔子,桔子,jú zi,tangerine,no lexical issue identified in this pass,,,,,34563,True,True,True,True,True,True,5,True,5,,
hsk-old-5-梨,5,梨,梨,lí,pear,no lexical issue identified in this pass,,,,,34579,True,True,True,True,True,True,5,True,5,,
hsk-old-5-梳子,5,梳子,梳子,shū zi,comb,no lexical issue identified in this pass,,,,,34594,True,True,True,True,True,True,5,True,5,,
hsk-old-5-棉花,5,棉花,棉花,mián hua,cotton,no lexical issue identified in this pass,,,,,34609,True,True,True,True,True,True,5,True,6,,
hsk-old-5-棒,5,棒,棒,bàng,stick,finding,P2,definition,excellent; stick,Stick is valid but misses the common praise adjective.,34624,True,True,True,True,True,True,5,True,4,,
hsk-old-5-概念,5,概念,概念,gài niàn,concept,no lexical issue identified in this pass,,,,,34648,True,True,True,True,True,True,5,True,5,,
hsk-old-5-概括,5,概括,概括,gài kuò,summarize,no lexical issue identified in this pass,,,,,34664,True,True,True,True,True,True,5,True,5,,
hsk-old-5-模仿,5,模仿,模仿,mó fǎng,imitate,no lexical issue identified in this pass,,,,,34681,True,True,True,True,True,True,5,True,5,,
hsk-old-5-模糊,5,模糊,模糊,mó hu,vague,no lexical issue identified in this pass,,,,,34701,True,True,True,True,True,True,5,True,5,,
hsk-old-5-横,5,横,橫,héng,horizontal,no lexical issue identified in this pass,,,,,34719,True,True,True,True,True,True,5,True,6,,
hsk-old-5-橡皮,5,橡皮,橡皮,xiàng pí,rubber,finding,P2,definition,eraser; rubber,Rubber alone misses the school stationery item.,34747,True,True,True,True,True,True,5,True,4,,
hsk-old-5-欠,5,欠,欠,qiàn,yawn,finding,P2,definition,to owe; to lack; to yawn,Yawn is valid but hides the common debt sense.,34763,True,True,True,True,True,True,5,True,5,,
hsk-old-5-次要,5,次要,次要,cì yào,secondary,no lexical issue identified in this pass,,,,,34782,True,True,True,True,True,True,5,True,5,,
hsk-old-5-欣赏,5,欣赏,欣賞,xīn shǎng,appreciate,no lexical issue identified in this pass,,,,,34797,True,True,True,True,True,True,5,True,5,,
hsk-old-5-歇,5,歇,歇,xiē,to rest,no lexical issue identified in this pass,,,,,34813,True,True,True,True,True,True,5,True,5,,
hsk-old-5-正,5,正,正,zhèng,straight,no lexical issue identified in this pass,,,,,34834,True,True,True,True,True,True,5,True,5,,
hsk-old-5-此外,5,此外,此外,cǐ wài,besides,no lexical issue identified in this pass,,,,,34862,True,True,True,True,True,True,5,True,5,,
hsk-old-5-步骤,5,步骤,步驟,bù zhòu,step,no lexical issue identified in this pass,,,,,34880,True,True,True,True,True,True,5,True,5,,
hsk-old-5-武器,5,武器,武器,wǔ qì,weapon,no lexical issue identified in this pass,,,,,34896,True,True,True,True,True,True,5,True,6,,
hsk-old-5-武术,5,武术,武術,wǔ shù,martial arts,no lexical issue identified in this pass,,,,,34912,True,True,True,True,True,True,5,True,5,,
hsk-old-5-歪,5,歪,歪,wāi,askew,no lexical issue identified in this pass,,,,,34931,True,True,True,True,True,True,5,True,5,,
hsk-old-5-残疾,5,残疾,殘疾,cán jí,deformity,no lexical issue identified in this pass,,,,,34951,True,True,True,True,True,True,5,True,6,,
hsk-old-5-比例,5,比例,比例,bǐ lì,proportion,no lexical issue identified in this pass,,,,,34968,True,True,True,True,True,True,5,True,5,,
hsk-old-5-比如,5,比如,比如,bǐ rú,for example,no lexical issue identified in this pass,,,,,34984,True,True,True,True,True,True,5,True,4,,
hsk-old-5-毕竟,5,毕竟,畢竟,bì jìng,after all,no lexical issue identified in this pass,,,,,35001,True,True,True,True,True,True,5,True,5,,
hsk-old-5-毛,5,毛,毛,máo,hair,no lexical issue identified in this pass,,,,,35019,True,True,True,True,True,True,5,True,4,personal-name POS appears on a common-word reading; review sense-specific tags,
hsk-old-5-毛病,5,毛病,毛病,máo bìng,fault,no lexical issue identified in this pass,,,,,35050,True,True,True,True,True,True,5,True,5,,
hsk-old-5-民主,5,民主,民主,mín zhǔ,democracy,no lexical issue identified in this pass,,,,,35068,True,True,True,True,True,True,5,True,6,,
hsk-old-5-气氛,5,气氛,氣氛,qì fēn,atmosphere,no lexical issue identified in this pass,,,,,35085,True,True,True,True,True,True,5,True,5,,
hsk-old-5-汇率,5,汇率,匯率,huì lǜ,exchange rate,no lexical issue identified in this pass,,,,,35100,True,True,True,True,True,True,5,True,5,,
hsk-old-5-池子,5,池子,池子,chí zi,pond,no lexical issue identified in this pass,,,,,35115,True,True,True,True,True,True,5,False,,,
hsk-old-5-汽油,5,汽油,汽油,qì yóu,gasoline,no lexical issue identified in this pass,,,,,35133,True,True,True,True,True,True,5,True,5,,
hsk-old-5-沉默,5,沉默,沉默,chén mò,silent,no lexical issue identified in this pass,,,,,35148,True,True,True,True,True,True,5,True,5,,
hsk-old-5-沙滩,5,沙滩,沙灘,shā tān,sand bar,finding,P2,definition,beach; sandy shore,Sand bar is unnecessarily narrow and can describe a different landform.,35167,True,True,True,True,True,True,5,True,5,,
hsk-old-5-沙漠,5,沙漠,沙漠,shā mò,desert,no lexical issue identified in this pass,,,,,35183,True,True,True,True,True,True,5,True,5,,
hsk-old-5-沟通,5,沟通,溝通,gōu tōng,link,finding,P2,definition,to communicate; to connect,Link alone hides the usual interpersonal communication sense.,35198,True,True,True,True,True,True,5,True,5,,
hsk-old-5-油炸,5,油炸,油炸,yóu zhá,deep fry,no lexical issue identified in this pass,,,,,35215,True,True,True,True,True,True,5,True,5,no part-of-speech metadata; allowed by the current data contract,
hsk-old-5-治疗,5,治疗,治療,zhì liáo,to treat,no lexical issue identified in this pass,,,,,35228,True,True,True,True,True,True,5,True,5,,
hsk-old-5-法院,5,法院,法院,fǎ yuàn,court of law,no lexical issue identified in this pass,,,,,35246,True,True,True,True,True,True,5,True,5,,
hsk-old-5-注册,5,注册,註冊,zhù cè,register,no lexical issue identified in this pass,,,,,35262,True,True,True,True,True,True,5,True,5,,
hsk-old-5-洒,5,洒,灑,sǎ,to sprinkle,no lexical issue identified in this pass,,,,,35279,True,True,True,True,True,True,5,True,5,,
hsk-old-5-洞,5,洞,洞,dòng,cave,no lexical issue identified in this pass,,,,,35297,True,True,True,True,True,True,5,True,5,,
hsk-old-5-活跃,5,活跃,活躍,huó yuè,active,no lexical issue identified in this pass,,,,,35315,True,True,True,True,True,True,5,True,5,,
hsk-old-5-派,5,派,派,pài,dispatch,no lexical issue identified in this pass,,,,,35335,True,True,True,True,True,True,5,True,5,,
hsk-old-5-流传,5,流传,流傳,liú chuán,to spread,no lexical issue identified in this pass,,,,,35362,True,True,True,True,True,True,5,True,5,,
hsk-old-5-浅,5,浅,淺,qiǎn,shallow,no lexical issue identified in this pass,,,,,35380,True,True,True,True,True,True,5,True,5,,
hsk-old-5-浇,5,浇,澆,jiāo,to water,no lexical issue identified in this pass,,,,,35397,True,True,True,True,True,True,5,True,5,,
hsk-old-5-测验,5,测验,測驗,cè yàn,test,no lexical issue identified in this pass,,,,,35416,True,True,True,True,True,True,5,True,5,,
hsk-old-5-浏览,5,浏览,瀏覽,liú lǎn,browse,no lexical issue identified in this pass,,,,,35433,True,True,True,True,True,True,5,True,5,,
hsk-old-5-浓,5,浓,濃,nóng,concentrated,no lexical issue identified in this pass,,,,,35450,True,True,True,True,True,True,5,True,5,,
hsk-old-5-海关,5,海关,海關,hǎi guān,customs (i.e. border inspection),no lexical issue identified in this pass,,,,,35467,True,True,True,True,True,True,5,True,5,,
hsk-old-5-海鲜,5,海鲜,海鮮,hǎi xiān,seafood,no lexical issue identified in this pass,,,,,35482,True,True,True,True,True,True,5,True,5,,
hsk-old-5-消化,5,消化,消化,xiāo huà,to digest,no lexical issue identified in this pass,,,,,35497,True,True,True,True,True,True,5,True,5,,
hsk-old-5-消失,5,消失,消失,xiāo shī,disappear,no lexical issue identified in this pass,,,,,35514,True,True,True,True,True,True,5,True,5,,
hsk-old-5-消灭,5,消灭,消滅,xiāo miè,eliminate,no lexical issue identified in this pass,,,,,35530,True,True,True,True,True,True,5,True,6,,
hsk-old-5-消费,5,消费,消費,xiāo fèi,consumption,no lexical issue identified in this pass,,,,,35549,True,True,True,True,True,True,5,True,5,,
hsk-old-5-涨,5,涨,漲,zhǎng,"to rise (of prices, rivers)",no lexical issue identified in this pass,,,,,35566,True,True,True,True,True,True,5,True,5,,
hsk-old-5-液体,5,液体,液體,yè tǐ,liquid,no lexical issue identified in this pass,,,,,35581,True,True,True,True,True,True,5,True,6,,
hsk-old-5-淡,5,淡,淡,dàn,diluted,no lexical issue identified in this pass,,,,,35596,True,True,True,True,True,True,5,True,5,,
hsk-old-5-深刻,5,深刻,深刻,shēn kè,profound,no lexical issue identified in this pass,,,,,35619,True,True,True,True,True,True,5,True,5,,
hsk-old-5-清淡,5,清淡,清淡,qīng dàn,"light (of food, not greasy or strongly flavored)",no lexical issue identified in this pass,,,,,35637,True,True,True,True,True,True,5,True,5,,
hsk-old-5-温暖,5,温暖,溫暖,wēn nuǎn,warm,no lexical issue identified in this pass,,,,,35654,True,True,True,True,True,True,5,True,5,,
hsk-old-5-温柔,5,温柔,溫柔,wēn róu,gentle and soft,no lexical issue identified in this pass,,,,,35671,True,True,True,True,True,True,5,True,5,,
hsk-old-5-游览,5,游览,遊覽,yóu lǎn,go sight-seeing,no lexical issue identified in this pass,,,,,35688,True,True,True,True,True,True,5,True,5,,
hsk-old-5-滑冰,5,滑冰,滑冰,huá bīng,to skate,no lexical issue identified in this pass,,,,,35706,True,True,True,True,True,True,5,False,,,
hsk-old-5-滚,5,滚,滾,gǔn,to roll,no lexical issue identified in this pass,,,,,35723,True,True,True,True,True,True,5,True,5,,
hsk-old-5-满足,5,满足,滿足,mǎn zú,satisfy,no lexical issue identified in this pass,,,,,35741,True,True,True,True,True,True,5,True,5,,
hsk-old-5-滴,5,滴,滴,dī,to drip,no lexical issue identified in this pass,,,,,35762,True,True,True,True,True,True,5,True,5,,
hsk-old-5-漏,5,漏,漏,lòu,to leak,no lexical issue identified in this pass,,,,,35779,True,True,True,True,True,True,5,True,5,,
hsk-old-5-激烈,5,激烈,激烈,jī liè,intense,no lexical issue identified in this pass,,,,,35797,True,True,True,True,True,True,5,True,5,,
hsk-old-5-火柴,5,火柴,火柴,huǒ chái,match (for lighting fire),no lexical issue identified in this pass,,,,,35819,True,True,True,True,True,True,5,True,5,,
hsk-old-5-灰,5,灰,灰,huī,ash,no lexical issue identified in this pass,,,,,35834,True,True,True,True,True,True,5,True,5,,
hsk-old-5-灰尘,5,灰尘,灰塵,huī chén,dust,no lexical issue identified in this pass,,,,,35855,True,True,True,True,True,True,5,True,5,,
hsk-old-5-灰心,5,灰心,灰心,huī xīn,lose heart,no lexical issue identified in this pass,,,,,35870,True,True,True,True,True,True,5,True,5,,
hsk-old-5-灵活,5,灵活,靈活,líng huó,flexible,no lexical issue identified in this pass,,,,,35887,True,True,True,True,True,True,5,True,5,,
hsk-old-5-灾害,5,灾害,災害,zāi hài,disaster,no lexical issue identified in this pass,,,,,35905,True,True,True,True,True,True,5,True,5,,
hsk-old-5-炒,5,炒,炒,chǎo,to stir-fry,no lexical issue identified in this pass,,,,,35921,True,True,True,True,True,True,5,True,5,,
hsk-old-5-点头,5,点头,點頭,diǎn tóu,to nod,no lexical issue identified in this pass,,,,,35940,True,True,True,True,True,True,5,False,,,
hsk-old-5-点心,5,点心,點心,diǎn xin,dim sum,no lexical issue identified in this pass,,,,,35955,True,True,True,True,True,True,5,True,5,,
hsk-old-5-烂,5,烂,爛,làn,overcooked,finding,P2,definition,rotten; broken; overcooked,Overcooked is valid but far too narrow as the only gloss.,35973,True,True,True,True,True,True,5,True,5,,
hsk-old-5-烤鸭,5,烤鸭,烤鴨,kǎo yā,roast duck,no lexical issue identified in this pass,,,,,35996,True,True,True,True,True,True,5,True,4,,
hsk-old-5-烫,5,烫,燙,tàng,to scald,no lexical issue identified in this pass,,,,,36011,True,True,True,True,True,True,5,True,5,,
hsk-old-5-热心,5,热心,熱心,rè xīn,enthusiastic,no lexical issue identified in this pass,,,,,36033,True,True,True,True,True,True,5,True,5,,
hsk-old-5-热烈,5,热烈,熱烈,rè liè,warm,no lexical issue identified in this pass,,,,,36052,True,True,True,True,True,True,5,True,5,,enthusiastic
hsk-old-5-热爱,5,热爱,熱愛,rè ài,love ardently,no lexical issue identified in this pass,,,,,36070,True,True,True,True,True,True,5,True,5,,
hsk-old-5-煎,5,煎,煎,jiān,pan-fry,no lexical issue identified in this pass,,,,,36087,True,True,True,True,True,True,5,True,6,,
hsk-old-5-煤炭,5,煤炭,煤炭,méi tàn,coal,no lexical issue identified in this pass,,,,,36104,True,True,True,True,True,True,5,True,5,,
hsk-old-5-照常,5,照常,照常,zhào cháng,as usual,no lexical issue identified in this pass,,,,,36119,True,True,True,True,True,True,5,True,5,,
hsk-old-5-煮,5,煮,煮,zhǔ,to boil,no lexical issue identified in this pass,,,,,36134,True,True,True,True,True,True,5,True,5,,
hsk-old-5-熟练,5,熟练,熟練,shú liàn,practiced,no lexical issue identified in this pass,,,,,36150,True,True,True,True,True,True,5,True,5,,
hsk-old-5-燃烧,5,燃烧,燃燒,rán shāo,combustion,no lexical issue identified in this pass,,,,,36169,True,True,True,True,True,True,5,True,5,,
hsk-old-5-爱心,5,爱心,愛心,ài xīn,compassion,no lexical issue identified in this pass,,,,,36189,True,True,True,True,True,True,5,True,5,,
hsk-old-5-爱惜,5,爱惜,愛惜,ài xī,cherish,no lexical issue identified in this pass,,,,,36209,True,True,True,True,True,True,5,True,5,,
hsk-old-5-爱护,5,爱护,愛護,ài hù,cherish,no lexical issue identified in this pass,,,,,36226,True,True,True,True,True,True,5,True,5,,
hsk-old-5-片,5,片,片,piàn,classifier for pieces of things,no lexical issue identified in this pass,,,,,36245,True,True,True,True,True,True,5,True,5,,
hsk-old-5-片面,5,片面,片面,piàn miàn,one-sided,no lexical issue identified in this pass,,,,,36274,True,True,True,True,True,True,5,True,5,,
hsk-old-5-牛仔裤,5,牛仔裤,牛仔褲,niú zǎi kù,jeans,no lexical issue identified in this pass,,,,,36291,True,True,True,True,True,True,5,True,5,,
hsk-old-5-物理,5,物理,物理,wù lǐ,physics,no lexical issue identified in this pass,,,,,36306,True,True,True,True,True,True,5,True,5,,
hsk-old-5-物质,5,物质,物質,wù zhì,matter,no lexical issue identified in this pass,,,,,36322,True,True,True,True,True,True,5,True,5,,
hsk-old-5-牵,5,牵,牽,qiān,to lead along,no lexical issue identified in this pass,,,,,36340,True,True,True,True,True,True,5,True,6,,
hsk-old-5-特征,5,特征,特徵,tè zhēng,characteristics,no lexical issue identified in this pass,,,,,36358,True,True,True,True,True,True,5,True,5,,
hsk-old-5-特意,5,特意,特意,tè yì,specially for,no lexical issue identified in this pass,,,,,36376,True,True,True,True,True,True,5,True,6,,
hsk-old-5-特殊,5,特殊,特殊,tè shū,special,no lexical issue identified in this pass,,,,,36392,True,True,True,True,True,True,5,True,5,,
hsk-old-5-状况,5,状况,狀況,zhuàng kuàng,condition,no lexical issue identified in this pass,,,,,36411,True,True,True,True,True,True,5,True,5,,
hsk-old-5-状态,5,状态,狀態,zhuàng tài,state of affairs,no lexical issue identified in this pass,,,,,36426,True,True,True,True,True,True,5,True,5,,condition
hsk-old-5-犹豫,5,犹豫,猶豫,yóu yù,hesitate,no lexical issue identified in this pass,,,,,36441,True,True,True,True,True,True,5,True,5,,
hsk-old-5-狡猾,5,狡猾,狡猾,jiǎo huá,crafty,no lexical issue identified in this pass,,,,,36457,True,True,True,True,True,True,5,True,5,,
hsk-old-5-独特,5,独特,獨特,dú tè,unique,no lexical issue identified in this pass,,,,,36473,True,True,True,True,True,True,5,True,5,,
hsk-old-5-独立,5,独立,獨立,dú lì,independent,no lexical issue identified in this pass,,,,,36488,True,True,True,True,True,True,5,True,5,,
hsk-old-5-狼,5,狼,狼,láng,wolf,no lexical issue identified in this pass,,,,,36509,True,True,True,True,True,True,5,False,,,
hsk-old-5-玉米,5,玉米,玉米,yù mǐ,corn,no lexical issue identified in this pass,,,,,36524,True,True,True,True,True,True,5,True,5,,
hsk-old-5-王子,5,王子,王子,wáng zǐ,prince,no lexical issue identified in this pass,,,,,36540,True,True,True,True,True,True,5,True,5,personal-name POS appears on a common-word reading; review sense-specific tags,
hsk-old-5-玩具,5,玩具,玩具,wán jù,plaything,no lexical issue identified in this pass,,,,,36557,True,True,True,True,True,True,5,True,5,,
hsk-old-5-现实,5,现实,現實,xiàn shí,reality,no lexical issue identified in this pass,,,,,36573,True,True,True,True,True,True,5,True,5,,
hsk-old-5-现象,5,现象,現象,xiàn xiàng,appearance,finding,P2,definition,phenomenon,Appearance is too general and misses the usual abstract noun.,36596,True,True,True,True,True,True,5,True,5,,
hsk-old-5-现金,5,现金,現金,xiàn jīn,cash,no lexical issue identified in this pass,,,,,36612,True,True,True,True,True,True,5,True,4,,
hsk-old-5-玻璃,5,玻璃,玻璃,bō li,glass,no lexical issue identified in this pass,,,,,36627,True,True,True,True,True,True,5,True,5,,
hsk-old-5-珍惜,5,珍惜,珍惜,zhēn xī,to treasure,no lexical issue identified in this pass,,,,,36643,True,True,True,True,True,True,5,True,5,,
hsk-old-5-班主任,5,班主任,班主任,bān zhǔ rèn,teacher in charge of a class,no lexical issue identified in this pass,,,,,36661,True,True,True,True,True,True,5,False,,,
hsk-old-5-球迷,5,球迷,球迷,qiú mí,"fan (of ball games: basketball, football, etc.)",no lexical issue identified in this pass,,,,,36676,True,True,True,True,True,True,5,True,5,,
hsk-old-5-理由,5,理由,理由,lǐ yóu,a reason,no lexical issue identified in this pass,,,,,36691,True,True,True,True,True,True,5,True,5,,
hsk-old-5-理论,5,理论,理論,lǐ lùn,theory,no lexical issue identified in this pass,,,,,36708,True,True,True,True,True,True,5,True,5,,
hsk-old-5-生产,5,生产,生產,shēng chǎn,to produce,no lexical issue identified in this pass,,,,,36725,True,True,True,True,True,True,5,True,5,,
hsk-old-5-生动,5,生动,生動,shēng dòng,vivid,no lexical issue identified in this pass,,,,,36742,True,True,True,True,True,True,5,True,5,,
hsk-old-5-用途,5,用途,用途,yòng tú,use,no lexical issue identified in this pass,,,,,36759,True,True,True,True,True,True,5,True,5,,
hsk-old-5-甩,5,甩,甩,shuǎi,to throw,no lexical issue identified in this pass,,,,,36774,True,True,True,True,True,True,5,True,5,,
hsk-old-5-田野,5,田野,田野,tián yě,field,no lexical issue identified in this pass,,,,,36794,True,True,True,True,True,True,5,True,6,,
hsk-old-5-甲,5,甲,甲,jiǎ,one,finding,P1,definition; raw cross-reference,first; label A; first Heavenly Stem,One confuses an ordinal label with the ordinary cardinal number 一. Raw Heavenly-Stem references are also truncated; 甲 and 乙 have additional damaged compound references.,36810,True,True,True,True,True,True,5,True,5,,
hsk-old-5-电台,5,电台,電臺,diàn tái,transceiver,finding,P2,definition,radio station; transceiver,Transceiver alone hides the broadcast station sense.,36837,True,True,True,True,True,True,5,True,5,,
hsk-old-5-电池,5,电池,電池,diàn chí,battery,no lexical issue identified in this pass,,,,,36854,True,True,True,True,True,True,5,True,5,,
hsk-old-5-疑问,5,疑问,疑問,yí wèn,doubt,no lexical issue identified in this pass,,,,,36869,True,True,True,True,True,True,5,True,5,,
hsk-old-5-疯狂,5,疯狂,瘋狂,fēng kuáng,crazy,no lexical issue identified in this pass,,,,,36886,True,True,True,True,True,True,5,True,5,,
hsk-old-5-疲劳,5,疲劳,疲勞,pí láo,fatigue,no lexical issue identified in this pass,,,,,36903,True,True,True,True,True,True,5,True,5,,
hsk-old-5-疼爱,5,疼爱,疼愛,téng ài,love dearly,no lexical issue identified in this pass,,,,,36923,True,True,True,True,True,True,5,True,5,,
hsk-old-5-病毒,5,病毒,病毒,bìng dú,virus,no lexical issue identified in this pass,,,,,36939,True,True,True,True,True,True,5,True,5,,
hsk-old-5-痒,5,痒,癢,yǎng,to itch,no lexical issue identified in this pass,,,,,36954,True,True,True,True,True,True,5,True,5,,
hsk-old-5-痛快,5,痛快,痛快,tòng kuài,joyful,no lexical issue identified in this pass,,,,,36970,True,True,True,True,True,True,5,True,5,,
hsk-old-5-痛苦,5,痛苦,痛苦,tòng kǔ,pain,no lexical issue identified in this pass,,,,,36989,True,True,True,True,True,True,5,True,5,,
hsk-old-5-登机牌,5,登机牌,登機牌,dēng jī pái,boarding pass,no lexical issue identified in this pass,,,,,37008,True,True,True,True,True,True,5,True,4,,
hsk-old-5-登记,5,登记,登記,dēng jì,register (one's name),no lexical issue identified in this pass,,,,,37023,True,True,True,True,True,True,5,True,5,,
hsk-old-5-的确,5,的确,的確,dí què,really,no lexical issue identified in this pass,,,,,37039,True,True,True,True,True,True,5,True,5,,
hsk-old-5-皇后,5,皇后,皇后,huáng hòu,an empress,no lexical issue identified in this pass,,,,,37055,True,True,True,True,True,True,5,True,6,,
hsk-old-5-皇帝,5,皇帝,皇帝,huáng dì,emperor,no lexical issue identified in this pass,,,,,37071,True,True,True,True,True,True,5,True,6,,
hsk-old-5-皮鞋,5,皮鞋,皮鞋,pí xié,leather shoes,no lexical issue identified in this pass,,,,,37086,True,True,True,True,True,True,5,True,3,,
hsk-old-5-盆,5,盆,盆,pén,basin,no lexical issue identified in this pass,,,,,37101,True,True,True,True,True,True,5,True,5,,
hsk-old-5-盖,5,盖,蓋,gài,lid,no lexical issue identified in this pass,,,,,37119,True,True,True,True,True,True,5,True,5,,
hsk-old-5-目前,5,目前,目前,mù qián,at present,no lexical issue identified in this pass,,,,,37141,True,True,True,True,True,True,5,True,5,,
hsk-old-5-目录,5,目录,目錄,mù lù,catalog,no lexical issue identified in this pass,,,,,37157,True,True,True,True,True,True,5,True,5,,
hsk-old-5-目标,5,目标,目標,mù biāo,target,no lexical issue identified in this pass,,,,,37176,True,True,True,True,True,True,5,True,5,,
hsk-old-5-直,5,直,直,zhí,straight,no lexical issue identified in this pass,,,,,37193,True,True,True,True,True,True,5,True,5,,
hsk-old-5-相似,5,相似,相似,xiāng sì,similar,no lexical issue identified in this pass,,,,,37217,True,True,True,True,True,True,5,True,5,,
hsk-old-5-相关,5,相关,相關,xiāng guān,correlation,no lexical issue identified in this pass,,,,,37232,True,True,True,True,True,True,5,True,5,,
hsk-old-5-相处,5,相处,相處,xiāng chǔ,get along,no lexical issue identified in this pass,,,,,37252,True,True,True,True,True,True,5,True,5,,
hsk-old-5-相对,5,相对,相對,xiāng duì,opposite,no lexical issue identified in this pass,,,,,37271,True,True,True,True,True,True,5,True,5,,
hsk-old-5-相当,5,相当,相當,xiāng dāng,equivalent to,no lexical issue identified in this pass,,,,,37294,True,True,True,True,True,True,5,True,5,,
hsk-old-5-盼望,5,盼望,盼望,pàn wàng,to hope for,no lexical issue identified in this pass,,,,,37316,True,True,True,True,True,True,5,True,5,,
hsk-old-5-省略,5,省略,省略,shěng lüè,to omit,no lexical issue identified in this pass,,,,,37331,True,True,True,True,True,True,5,True,5,,
hsk-old-5-眉毛,5,眉毛,眉毛,méi mao,eyebrow,no lexical issue identified in this pass,,,,,37347,True,True,True,True,True,True,5,True,5,,
hsk-old-5-看不起,5,看不起,看不起,kàn bu qǐ,look down upon,no lexical issue identified in this pass,,,,,37362,True,True,True,True,True,True,5,True,5,,
hsk-old-5-看来,5,看来,看來,kàn lai,apparently,no lexical issue identified in this pass,,,,,37378,True,True,True,True,True,True,5,False,,,
hsk-old-5-真实,5,真实,真實,zhēn shí,true,no lexical issue identified in this pass,,,,,37394,True,True,True,True,True,True,5,True,5,,
hsk-old-5-真理,5,真理,真理,zhēn lǐ,truth,no lexical issue identified in this pass,,,,,37411,True,True,True,True,True,True,5,True,6,,
hsk-old-5-着凉,5,着凉,著涼,zháo liáng,catch a cold,no lexical issue identified in this pass,,,,,37426,True,True,True,True,True,True,5,True,5,,
hsk-old-5-睁,5,睁,睜,zhēng,to open (eyes),no lexical issue identified in this pass,,,,,37442,True,True,True,True,True,True,5,True,5,,
hsk-old-5-瞎,5,瞎,瞎,xiā,blind,no lexical issue identified in this pass,,,,,37457,True,True,True,True,True,True,5,True,5,,
hsk-old-5-瞧,5,瞧,瞧,qiáo,look at,no lexical issue identified in this pass,,,,,37477,True,True,True,True,True,True,5,True,5,,
hsk-old-5-矛盾,5,矛盾,矛盾,máo dùn,contradiction,no lexical issue identified in this pass,,,,,37495,True,True,True,True,True,True,5,True,5,,
hsk-old-5-短信,5,短信,短信,duǎn xìn,text message,no lexical issue identified in this pass,,,,,37513,True,True,True,True,True,True,5,True,4,no part-of-speech metadata; allowed by the current data contract,
hsk-old-5-石头,5,石头,石頭,shí tou,stone,no lexical issue identified in this pass,,,,,37527,True,True,True,True,True,True,5,True,5,,
hsk-old-5-矿泉水,5,矿泉水,礦泉水,kuàng quán shuǐ,mineral water,no lexical issue identified in this pass,,,,,37542,True,True,True,True,True,True,5,True,4,,
hsk-old-5-砍,5,砍,砍,kǎn,to chop,no lexical issue identified in this pass,,,,,37557,True,True,True,True,True,True,5,True,5,,
hsk-old-5-破产,5,破产,破產,pò chǎn,go bankrupt,no lexical issue identified in this pass,,,,,37574,True,True,True,True,True,True,5,True,5,,
hsk-old-5-破坏,5,破坏,破壞,pò huài,destroy,no lexical issue identified in this pass,,,,,37592,True,True,True,True,True,True,5,True,5,,
hsk-old-5-硬件,5,硬件,硬件,yìng jiàn,hardware,no lexical issue identified in this pass,,,,,37612,True,True,True,True,True,True,5,True,5,,
hsk-old-5-硬币,5,硬币,硬幣,yìng bì,coin,no lexical issue identified in this pass,,,,,37627,True,True,True,True,True,True,5,False,,,
hsk-old-5-确定,5,确定,確定,què dìng,definite,no lexical issue identified in this pass,,,,,37642,True,True,True,True,True,True,5,True,5,,
hsk-old-5-确认,5,确认,確認,què rèn,confirm,no lexical issue identified in this pass,,,,,37670,True,True,True,True,True,True,5,True,5,,
hsk-old-5-碎,5,碎,碎,suì,broken,no lexical issue identified in this pass,,,,,37688,True,True,True,True,True,True,5,True,5,,
hsk-old-5-碰见,5,碰见,碰見,pèng jiàn,to run into,no lexical issue identified in this pass,,,,,37706,True,True,True,True,True,True,5,False,,,
hsk-old-5-磁带,5,磁带,磁帶,cí dài,cassette tape,no lexical issue identified in this pass,,,,,37723,True,True,True,True,True,True,5,True,6,,
hsk-old-5-礼拜天,5,礼拜天,禮拜天,lǐ bài tiān,Sunday,no lexical issue identified in this pass,,,,,37738,True,True,True,True,True,True,5,True,4,,
hsk-old-5-祖先,5,祖先,祖先,zǔ xiān,ancestor,no lexical issue identified in this pass,,,,,37753,True,True,True,True,True,True,5,True,6,,
hsk-old-5-祖国,5,祖国,祖國,zǔ guó,homeland,no lexical issue identified in this pass,,,,,37769,True,True,True,True,True,True,5,True,6,,
hsk-old-5-祝福,5,祝福,祝福,zhù fú,blessings,no lexical issue identified in this pass,,,,,37784,True,True,True,True,True,True,5,True,5,,
hsk-old-5-神秘,5,神秘,神秘,shén mì,mysterious,no lexical issue identified in this pass,,,,,37801,True,True,True,True,True,True,5,True,5,,
hsk-old-5-神经,5,神经,神經,shén jīng,nerve,no lexical issue identified in this pass,,,,,37819,True,True,True,True,True,True,5,True,6,,
hsk-old-5-神话,5,神话,神話,shén huà,mythology,no lexical issue identified in this pass,,,,,37837,True,True,True,True,True,True,5,True,5,,
hsk-old-5-离婚,5,离婚,離婚,lí hūn,to divorce,no lexical issue identified in this pass,,,,,37855,True,True,True,True,True,True,5,True,5,,
hsk-old-5-私人,5,私人,私人,sī rén,private (citizen),no lexical issue identified in this pass,,,,,37871,True,True,True,True,True,True,5,True,5,,
hsk-old-5-秒,5,秒,秒,miǎo,second (unit of time or angle),no lexical issue identified in this pass,,,,,37890,True,True,True,True,True,True,5,True,4,,
hsk-old-5-秘书,5,秘书,秘書,mì shū,secretary,no lexical issue identified in this pass,,,,,37908,True,True,True,True,True,True,5,True,5,,
hsk-old-5-秘密,5,秘密,秘密,mì mì,a secret,no lexical issue identified in this pass,,,,,37923,True,True,True,True,True,True,5,True,5,,
hsk-old-5-秩序,5,秩序,秩序,zhì xù,order,no lexical issue identified in this pass,,,,,37941,True,True,True,True,True,True,5,True,5,,
hsk-old-5-称呼,5,称呼,稱呼,chēng hu,to call,no lexical issue identified in this pass,,,,,37959,True,True,True,True,True,True,5,True,5,,
hsk-old-5-称赞,5,称赞,稱讚,chēng zàn,to praise,no lexical issue identified in this pass,,,,,37976,True,True,True,True,True,True,5,True,5,,
hsk-old-5-移动,5,移动,移動,yí dòng,to move,no lexical issue identified in this pass,,,,,37995,True,True,True,True,True,True,5,True,5,,
hsk-old-5-移民,5,移民,移民,yí mín,immigrate,no lexical issue identified in this pass,,,,,38015,True,True,True,True,True,True,5,True,5,,
hsk-old-5-程序,5,程序,程序,chéng xù,procedure,no lexical issue identified in this pass,,,,,38035,True,True,True,True,True,True,5,True,5,,
hsk-old-5-程度,5,程度,程度,chéng dù,degree,no lexical issue identified in this pass,,,,,38053,True,True,True,True,True,True,5,True,5,,
hsk-old-5-税,5,税,稅,shuì,tax,no lexical issue identified in this pass,,,,,38068,True,True,True,True,True,True,5,True,5,,
hsk-old-5-稳定,5,稳定,穩定,wěn dìng,stable,no lexical issue identified in this pass,,,,,38084,True,True,True,True,True,True,5,True,5,,
hsk-old-5-空闲,5,空闲,空閒,kòng xián,leisure,no lexical issue identified in this pass,,,,,38106,True,True,True,True,True,True,5,True,5,,
hsk-old-5-空间,5,空间,空間,kōng jiān,space,no lexical issue identified in this pass,,,,,38126,True,True,True,True,True,True,5,True,5,,
hsk-old-5-突出,5,突出,突出,tū chū,prominent,no lexical issue identified in this pass,,,,,38144,True,True,True,True,True,True,5,True,5,,
hsk-old-5-窗帘,5,窗帘,窗簾,chuāng lián,window curtain,no lexical issue identified in this pass,,,,,38165,True,True,True,True,True,True,5,True,5,,
hsk-old-5-立刻,5,立刻,立刻,lì kè,immediately,no lexical issue identified in this pass,,,,,38180,True,True,True,True,True,True,5,True,5,,
hsk-old-5-立即,5,立即,立即,lì jí,immediately,no lexical issue identified in this pass,,,,,38201,True,True,True,True,True,True,5,True,5,,
hsk-old-5-立方,5,立方,立方,lì fāng,cube,finding,P2,raw cross-reference,Restore the complete dictionary cross-reference to 立方米.,A raw dictionary definition has a truncated Hanzi reference; this reaches the Dictionary detail list.,38216,True,True,True,True,True,True,5,True,6,,
hsk-old-5-竹子,5,竹子,竹子,zhú zi,bamboo,no lexical issue identified in this pass,,,,,38233,True,True,True,True,True,True,5,True,5,,
hsk-old-5-等于,5,等于,等於,děng yú,(Mathematics) equal to,no lexical issue identified in this pass,,,,,38248,True,True,True,True,True,True,5,True,5,,
hsk-old-5-等候,5,等候,等候,děng hòu,wait,no lexical issue identified in this pass,,,,,38264,True,True,True,True,True,True,5,True,6,,
hsk-old-5-等待,5,等待,等待,děng dài,to wait (for),no lexical issue identified in this pass,,,,,38281,True,True,True,True,True,True,5,True,5,,
hsk-old-5-答应,5,答应,答應,dā ying,to respond,finding,P2,definition,to agree; to promise; to answer,To respond is valid but misses the common agreement sense.,38297,True,True,True,True,True,True,5,True,5,,
hsk-old-5-签字,5,签字,簽字,qiān zì,to sign (one's name),no lexical issue identified in this pass,,,,,38313,True,True,True,True,True,True,5,False,,,
hsk-old-5-简历,5,简历,簡歷,jiǎn lì,resume,no lexical issue identified in this pass,,,,,38330,True,True,True,True,True,True,5,True,5,,
hsk-old-5-简直,5,简直,簡直,jiǎn zhí,simply,no lexical issue identified in this pass,,,,,38347,True,True,True,True,True,True,5,True,5,,
hsk-old-5-管子,5,管子,管子,guǎn zi,tube,no lexical issue identified in this pass,,,,,38362,True,True,True,True,True,True,5,True,5,personal-name POS appears on a common-word reading; review sense-specific tags,
hsk-old-5-类,5,类,類,lèi,kind,no lexical issue identified in this pass,,,,,38380,True,True,True,True,True,True,5,False,,,
hsk-old-5-粒,5,粒,粒,lì,a grain,no lexical issue identified in this pass,,,,,38403,True,True,True,True,True,True,5,True,6,,
hsk-old-5-粘贴,5,粘贴,粘貼,zhān tiē,to paste,no lexical issue identified in this pass,,,,,38421,True,True,True,True,True,True,5,True,5,,
hsk-old-5-粮食,5,粮食,糧食,liáng shi,grain,no lexical issue identified in this pass,,,,,38441,True,True,True,True,True,True,5,True,5,,
hsk-old-5-精力,5,精力,精力,jīng lì,energy,no lexical issue identified in this pass,,,,,38457,True,True,True,True,True,True,5,True,5,,
hsk-old-5-糊涂,5,糊涂,糊塗,hú tu,confused,no lexical issue identified in this pass,,,,,38472,True,True,True,True,True,True,5,True,5,,
hsk-old-5-糟糕,5,糟糕,糟糕,zāo gāo,terrible,no lexical issue identified in this pass,,,,,38489,True,True,True,True,True,True,5,True,5,,
hsk-old-5-系,5,系,系,xì,be,finding,P2,definition,department; system; relationship,Be is a formal copular sense and a poor main explanation.,38508,True,True,True,True,True,True,5,True,5,,
hsk-old-5-系统,5,系统,系統,xì tǒng,system,no lexical issue identified in this pass,,,,,38526,True,True,True,True,True,True,5,True,5,,
hsk-old-5-系领带,5,系领带,繫領帶,jì lǐng dài,tie a neck tie,no lexical issue identified in this pass,,,,,38543,False,False,False,False,False,True,5,True,5,no part-of-speech metadata; allowed by the current data contract; phrase or erhua form missing as a standalone current dictionary headword; intentional display-reading override differs from upstream form,
hsk-old-5-紧,5,紧,緊,jǐn,tight,no lexical issue identified in this pass,,,,,38556,True,True,True,True,True,True,5,False,,,
hsk-old-5-紧急,5,紧急,緊急,jǐn jí,urgent,no lexical issue identified in this pass,,,,,38580,True,True,True,True,True,True,5,True,5,,
hsk-old-5-紫,5,紫,紫,zǐ,purple,no lexical issue identified in this pass,,,,,38597,True,True,True,True,True,True,5,True,5,,
hsk-old-5-繁荣,5,繁荣,繁榮,fán róng,prosperous,no lexical issue identified in this pass,,,,,38613,True,True,True,True,True,True,5,True,5,,
hsk-old-5-纪录,5,纪录,紀錄,jì lù,a record,no lexical issue identified in this pass,,,,,38630,True,True,True,True,True,True,5,True,5,,
hsk-old-5-纪律,5,纪律,紀律,jì lǜ,discipline,no lexical issue identified in this pass,,,,,38646,True,True,True,True,True,True,5,True,5,,
hsk-old-5-纪念,5,纪念,紀念,jì niàn,commemorate,no lexical issue identified in this pass,,,,,38661,True,True,True,True,True,True,5,True,5,,
hsk-old-5-纷纷,5,纷纷,紛紛,fēn fēn,one after another,no lexical issue identified in this pass,,,,,38678,True,True,True,True,True,True,5,True,5,,
hsk-old-5-组合,5,组合,組合,zǔ hé,assemble,no lexical issue identified in this pass,,,,,38701,True,True,True,True,True,True,5,True,5,,
hsk-old-5-细节,5,细节,細節,xì jié,details,no lexical issue identified in this pass,,,,,38725,True,True,True,True,True,True,5,True,5,,
hsk-old-5-经典,5,经典,經典,jīng diǎn,classics,no lexical issue identified in this pass,,,,,38741,True,True,True,True,True,True,5,True,5,,
hsk-old-5-经营,5,经营,經營,jīng yíng,"engage in (a business activity, etc.)",no lexical issue identified in this pass,,,,,38760,True,True,True,True,True,True,5,True,5,,
hsk-old-5-结合,5,结合,結合,jié hé,combine,no lexical issue identified in this pass,,,,,38776,True,True,True,True,True,True,5,True,5,,
hsk-old-5-结实,5,结实,結實,jiē shi,sturdy,no lexical issue identified in this pass,,,,,38795,True,True,True,True,True,True,5,True,5,,
hsk-old-5-结构,5,结构,結構,jié gòu,structure,no lexical issue identified in this pass,,,,,38814,True,True,True,True,True,True,5,True,5,,
hsk-old-5-结论,5,结论,結論,jié lùn,conclusion,no lexical issue identified in this pass,,,,,38832,True,True,True,True,True,True,5,True,5,,
hsk-old-5-结账,5,结账,結賬,jié zhàng,pay the bill,no lexical issue identified in this pass,,,,,38850,True,True,True,True,True,True,5,True,5,,
hsk-old-5-绕,5,绕,繞,rào,to wind,no lexical issue identified in this pass,,,,,38868,True,True,True,True,True,True,5,True,5,,
hsk-old-5-绝对,5,绝对,絕對,jué duì,absolute,no lexical issue identified in this pass,,,,,38892,True,True,True,True,True,True,5,True,5,,
hsk-old-5-统一,5,统一,統一,tǒng yī,unify,no lexical issue identified in this pass,,,,,38909,True,True,True,True,True,True,5,True,5,,
hsk-old-5-统治,5,统治,統治,tǒng zhì,to rule (a country),no lexical issue identified in this pass,,,,,38928,True,True,True,True,True,True,5,True,6,,
hsk-old-5-绳子,5,绳子,繩子,shéng zi,cord,no lexical issue identified in this pass,,,,,38947,True,True,True,True,True,True,5,True,5,,
hsk-old-5-维护,5,维护,維護,wéi hù,defend,no lexical issue identified in this pass,,,,,38962,True,True,True,True,True,True,5,True,6,,
hsk-old-5-综合,5,综合,綜合,zōng hé,synthesized,no lexical issue identified in this pass,,,,,38982,True,True,True,True,True,True,5,True,5,,
hsk-old-5-缓解,5,缓解,緩解,huǎn jiě,to alleviate,no lexical issue identified in this pass,,,,,39005,True,True,True,True,True,True,5,True,5,,
hsk-old-5-编辑,5,编辑,編輯,biān jí,to edit,no lexical issue identified in this pass,,,,,39023,True,True,True,True,True,True,5,True,5,,
hsk-old-5-缘故,5,缘故,緣故,yuán gù,reason,no lexical issue identified in this pass,,,,,39043,True,True,True,True,True,True,5,True,6,,
hsk-old-5-缩小,5,缩小,縮小,suō xiǎo,to reduce,no lexical issue identified in this pass,,,,,39059,True,True,True,True,True,True,5,False,,,
hsk-old-5-缩短,5,缩短,縮短,suō duǎn,shorten,no lexical issue identified in this pass,,,,,39077,True,True,True,True,True,True,5,True,5,,
hsk-old-5-缺乏,5,缺乏,缺乏,quē fá,shortage,no lexical issue identified in this pass,,,,,39093,True,True,True,True,True,True,5,True,5,,
hsk-old-5-罐头,5,罐头,罐頭,guàn tou,tin,finding,P2,definition,canned food; can,Tin alone can be mistaken for the metal or an empty container.,39109,True,True,True,True,True,True,5,False,,,
hsk-old-5-罚款,5,罚款,罰款,fá kuǎn,fine,no lexical issue identified in this pass,,,,,39125,True,True,True,True,True,True,5,True,5,,
hsk-old-5-罪犯,5,罪犯,罪犯,zuì fàn,criminal,no lexical issue identified in this pass,,,,,39143,True,True,True,True,True,True,5,True,6,,
hsk-old-5-美术,5,美术,美術,měi shù,the fine arts,no lexical issue identified in this pass,,,,,39158,True,True,True,True,True,True,5,True,5,,
hsk-old-5-翅膀,5,翅膀,翅膀,chì bǎng,wing,no lexical issue identified in this pass,,,,,39175,True,True,True,True,True,True,5,True,5,,
hsk-old-5-翻,5,翻,翻,fān,to turn over,no lexical issue identified in this pass,,,,,39190,True,True,True,True,True,True,5,True,5,,
hsk-old-5-老实,5,老实,老實,lǎo shi,honest,no lexical issue identified in this pass,,,,,39213,True,True,True,True,True,True,5,True,5,,
hsk-old-5-老板,5,老板,老闆,lǎo bǎn,boss,no lexical issue identified in this pass,,,,,39231,True,True,True,True,True,True,5,True,5,,
hsk-old-5-老百姓,5,老百姓,老百姓,lǎo bǎi xìng,ordinary people,no lexical issue identified in this pass,,,,,39247,True,True,True,True,True,True,5,True,5,,
hsk-old-5-老鼠,5,老鼠,老鼠,lǎo shǔ,rat,no lexical issue identified in this pass,,,,,39263,True,True,True,True,True,True,5,True,5,,
hsk-old-5-耽误,5,耽误,耽誤,dān wu,to delay,no lexical issue identified in this pass,,,,,39279,True,True,True,True,True,True,5,True,5,,
hsk-old-5-联合,5,联合,聯合,lián hé,alliance,no lexical issue identified in this pass,,,,,39297,True,True,True,True,True,True,5,True,5,,
hsk-old-5-聚会,5,聚会,聚會,jù huì,hold a meeting,finding,P2,definition,social gathering; get-together,Hold a meeting suggests a formal business meeting.,39316,True,True,True,True,True,True,5,True,4,,
hsk-old-5-肌肉,5,肌肉,肌肉,jī ròu,muscle,no lexical issue identified in this pass,,,,,39335,True,True,True,True,True,True,5,True,5,,
hsk-old-5-股票,5,股票,股票,gǔ piào,shares,no lexical issue identified in this pass,,,,,39351,True,True,True,True,True,True,5,True,5,,
hsk-old-5-肥皂,5,肥皂,肥皂,féi zào,soap,no lexical issue identified in this pass,,,,,39367,True,True,True,True,True,True,5,True,5,,
hsk-old-5-肩膀,5,肩膀,肩膀,jiān bǎng,shoulder,no lexical issue identified in this pass,,,,,39382,True,True,True,True,True,True,5,True,5,,
hsk-old-5-肺,5,肺,肺,fèi,lung,no lexical issue identified in this pass,,,,,39397,True,True,True,True,True,True,5,True,6,,
hsk-old-5-胃,5,胃,胃,wèi,stomach,no lexical issue identified in this pass,,,,,39412,True,True,True,True,True,True,5,True,5,,
hsk-old-5-胆小鬼,5,胆小鬼,膽小鬼,dǎn xiǎo guǐ,coward,no lexical issue identified in this pass,,,,,39427,True,True,True,True,True,True,5,True,5,,
hsk-old-5-背,5,背,背,bèi,carry on one's back,finding,P1,reading/sense,"Keep bèi with back; to memorize, or pair carry on one's back with bēi",The study gloss describes bēi while the selected form and raw meanings describe bèi.,39442,True,True,True,True,True,True,5,True,5,,
hsk-old-5-背景,5,背景,背景,bèi jǐng,background,no lexical issue identified in this pass,,,,,39464,True,True,True,True,True,True,5,True,5,,
hsk-old-5-胜利,5,胜利,勝利,shèng lì,victory,no lexical issue identified in this pass,,,,,39480,True,True,True,True,True,True,5,True,5,,
hsk-old-5-胡同,5,胡同,胡同,hú tòng,lane,no lexical issue identified in this pass,,,,,39497,True,True,True,True,True,True,5,True,5,,
hsk-old-5-胡说,5,胡说,胡說,hú shuō,talk nonsense,no lexical issue identified in this pass,,,,,39513,True,True,True,True,True,True,5,True,5,,
hsk-old-5-胡须,5,胡须,鬍鬚,hú xū,beard,no lexical issue identified in this pass,,,,,39530,True,True,True,True,True,True,5,True,6,,
hsk-old-5-胳膊,5,胳膊,胳膊,gē bo,arm,no lexical issue identified in this pass,,,,,39545,True,True,True,True,True,True,5,True,4,,
hsk-old-5-胶水,5,胶水,膠水,jiāo shuǐ,(watery) glue,no lexical issue identified in this pass,,,,,39560,True,True,True,True,True,True,5,True,5,,
hsk-old-5-胸,5,胸,胸,xiōng,chest,no lexical issue identified in this pass,,,,,39575,True,True,True,True,True,True,5,True,5,,
hsk-old-5-能干,5,能干,能幹,néng gàn,capable,no lexical issue identified in this pass,,,,,39595,True,True,True,True,True,True,5,True,5,,
hsk-old-5-能源,5,能源,能源,néng yuán,energy resources,no lexical issue identified in this pass,,,,,39612,True,True,True,True,True,True,5,True,5,,
hsk-old-5-脑袋,5,脑袋,腦袋,nǎo dai,head,no lexical issue identified in this pass,,,,,39628,True,True,True,True,True,True,5,True,5,,
hsk-old-5-脖子,5,脖子,脖子,bó zi,neck,no lexical issue identified in this pass,,,,,39646,True,True,True,True,True,True,5,True,5,,
hsk-old-5-腰,5,腰,腰,yāo,waist,no lexical issue identified in this pass,,,,,39661,True,True,True,True,True,True,5,True,5,,
hsk-old-5-自从,5,自从,自從,zì cóng,since,no lexical issue identified in this pass,,,,,39680,True,True,True,True,True,True,5,True,5,,
hsk-old-5-自信,5,自信,自信,zì xìn,self-confidence,no lexical issue identified in this pass,,,,,39696,True,True,True,True,True,True,5,True,4,,
hsk-old-5-自动,5,自动,自動,zì dòng,automatic,no lexical issue identified in this pass,,,,,39715,True,True,True,True,True,True,5,True,5,,
hsk-old-5-自愿,5,自愿,自願,zì yuàn,voluntary,no lexical issue identified in this pass,,,,,39732,True,True,True,True,True,True,5,True,5,,
hsk-old-5-自由,5,自由,自由,zì yóu,freedom,no lexical issue identified in this pass,,,,,39748,True,True,True,True,True,True,5,True,5,,
hsk-old-5-自私,5,自私,自私,zì sī,selfish,no lexical issue identified in this pass,,,,,39766,True,True,True,True,True,True,5,True,5,,
hsk-old-5-自觉,5,自觉,自覺,zì jué,conscious,no lexical issue identified in this pass,,,,,39783,True,True,True,True,True,True,5,True,5,,
hsk-old-5-自豪,5,自豪,自豪,zì háo,(feel a sense of) pride,no lexical issue identified in this pass,,,,,39804,True,True,True,True,True,True,5,True,5,,
hsk-old-5-臭,5,臭,臭,chòu,stench,no lexical issue identified in this pass,,,,,39820,True,True,True,True,True,True,5,True,5,,
hsk-old-5-至于,5,至于,至於,zhì yú,as for,no lexical issue identified in this pass,,,,,39845,True,True,True,True,True,True,5,True,5,,
hsk-old-5-至今,5,至今,至今,zhì jīn,up to now,no lexical issue identified in this pass,,,,,39862,True,True,True,True,True,True,5,True,5,,
hsk-old-5-舅舅,5,舅舅,舅舅,jiù jiu,mother's brother,no lexical issue identified in this pass,,,,,39879,True,True,True,True,True,True,5,True,5,,
hsk-old-5-舌头,5,舌头,舌頭,shé tou,tongue,no lexical issue identified in this pass,,,,,39895,True,True,True,True,True,True,5,True,6,,
hsk-old-5-舍不得,5,舍不得,捨不得,shě bu de,hate to part with,no lexical issue identified in this pass,,,,,39911,True,True,True,True,True,True,5,True,5,,
hsk-old-5-舒适,5,舒适,舒適,shū shì,cozy,no lexical issue identified in this pass,,,,,39928,True,True,True,True,True,True,5,True,5,,
hsk-old-5-良好,5,良好,良好,liáng hǎo,good,no lexical issue identified in this pass,,,,,39945,True,True,True,True,True,True,5,True,5,,
hsk-old-5-艰巨,5,艰巨,艱巨,jiān jù,very difficult,no lexical issue identified in this pass,,,,,39963,True,True,True,True,True,True,5,True,5,,
hsk-old-5-艰苦,5,艰苦,艱苦,jiān kǔ,difficult,no lexical issue identified in this pass,,,,,39981,True,True,True,True,True,True,5,True,5,,
hsk-old-5-节,5,节,節,jié,section,no lexical issue identified in this pass,,,,,40000,True,True,True,True,True,True,5,True,4,,
hsk-old-5-节省,5,节省,節省,jié shěng,save,no lexical issue identified in this pass,,,,,40025,True,True,True,True,True,True,5,True,5,,
hsk-old-5-花生,5,花生,花生,huā shēng,peanut,no lexical issue identified in this pass,,,,,40043,True,True,True,True,True,True,5,True,5,,
hsk-old-5-苗条,5,苗条,苗條,miáo tiao,slim,no lexical issue identified in this pass,,,,,40059,True,True,True,True,True,True,5,True,5,,
hsk-old-5-英俊,5,英俊,英俊,yīng jùn,handsome,no lexical issue identified in this pass,,,,,40076,True,True,True,True,True,True,5,True,5,,
hsk-old-5-英雄,5,英雄,英雄,yīng xióng,hero,no lexical issue identified in this pass,,,,,40091,True,True,True,True,True,True,5,True,5,,
hsk-old-5-荣幸,5,荣幸,榮幸,róng xìng,honored,no lexical issue identified in this pass,,,,,40106,True,True,True,True,True,True,5,True,6,,
hsk-old-5-荣誉,5,荣誉,榮譽,róng yù,honor,no lexical issue identified in this pass,,,,,40122,True,True,True,True,True,True,5,True,6,,
hsk-old-5-营业,5,营业,營業,yíng yè,do business,no lexical issue identified in this pass,,,,,40141,True,True,True,True,True,True,5,True,5,,
hsk-old-5-营养,5,营养,營養,yíng yǎng,nutrition,no lexical issue identified in this pass,,,,,40158,True,True,True,True,True,True,5,True,5,,
hsk-old-5-落后,5,落后,落後,luò hòu,backward,no lexical issue identified in this pass,,,,,40174,True,True,True,True,True,True,5,True,5,,
hsk-old-5-蔬菜,5,蔬菜,蔬菜,shū cài,vegetables,no lexical issue identified in this pass,,,,,40193,True,True,True,True,True,True,5,True,5,,
hsk-old-5-薄,5,薄,薄,báo,thin,no lexical issue identified in this pass,,,,,40208,True,True,True,True,True,True,5,True,5,,
hsk-old-5-虚心,5,虚心,虛心,xū xīn,modest,no lexical issue identified in this pass,,,,,40228,True,True,True,True,True,True,5,True,5,,
hsk-old-5-蛇,5,蛇,蛇,shé,snake,no lexical issue identified in this pass,,,,,40245,True,True,True,True,True,True,5,True,5,,
hsk-old-5-蜜蜂,5,蜜蜂,蜜蜂,mì fēng,bee,no lexical issue identified in this pass,,,,,40261,True,True,True,True,True,True,5,True,5,,
hsk-old-5-蜡烛,5,蜡烛,蠟燭,là zhú,candle,no lexical issue identified in this pass,,,,,40277,True,True,True,True,True,True,5,True,6,,
hsk-old-5-蝴蝶,5,蝴蝶,蝴蝶,hú dié,butterfly,no lexical issue identified in this pass,,,,,40292,True,True,True,True,True,True,5,True,5,,
hsk-old-5-融化,5,融化,融化,róng huà,melt,no lexical issue identified in this pass,,,,,40307,True,True,True,True,True,True,5,True,6,,
hsk-old-5-行业,5,行业,行業,háng yè,industry,no lexical issue identified in this pass,,,,,40327,True,True,True,True,True,True,5,True,5,,
hsk-old-5-行为,5,行为,行為,xíng wéi,action,no lexical issue identified in this pass,,,,,40342,True,True,True,True,True,True,5,True,5,,
hsk-old-5-行人,5,行人,行人,xíng rén,pedestrian,no lexical issue identified in this pass,,,,,40360,True,True,True,True,True,True,5,True,5,,
hsk-old-5-行动,5,行动,行動,xíng dòng,to move,no lexical issue identified in this pass,,,,,40378,True,True,True,True,True,True,5,True,5,,
hsk-old-5-补充,5,补充,補充,bǔ chōng,replenish,no lexical issue identified in this pass,,,,,40397,True,True,True,True,True,True,5,True,5,,
hsk-old-5-表情,5,表情,表情,biǎo qíng,(facial) expression,no lexical issue identified in this pass,,,,,40417,True,True,True,True,True,True,5,True,5,,
hsk-old-5-表明,5,表明,表明,biǎo míng,make clear,no lexical issue identified in this pass,,,,,40433,True,True,True,True,True,True,5,True,5,,
hsk-old-5-表现,5,表现,表現,biǎo xiàn,to show,no lexical issue identified in this pass,,,,,40452,True,True,True,True,True,True,5,True,5,,
hsk-old-5-表面,5,表面,表面,biǎo miàn,surface,no lexical issue identified in this pass,,,,,40477,True,True,True,True,True,True,5,True,5,,
hsk-old-5-被子,5,被子,被子,bèi zi,quilt,no lexical issue identified in this pass,,,,,40495,True,True,True,True,True,True,5,True,5,,
hsk-old-5-装,5,装,裝,zhuāng,to load,no lexical issue identified in this pass,,,,,40510,True,True,True,True,True,True,5,True,5,,
hsk-old-5-装饰,5,装饰,裝飾,zhuāng shì,decorate,no lexical issue identified in this pass,,,,,40536,True,True,True,True,True,True,5,True,5,,
hsk-old-5-要不,5,要不,要不,yào bù,otherwise,no lexical issue identified in this pass,,,,,40556,True,True,True,True,True,True,5,True,5,,
hsk-old-5-要是,5,要是,要是,yào shi,if,no lexical issue identified in this pass,,,,,40574,True,True,True,True,True,True,5,True,4,,
hsk-old-5-观察,5,观察,觀察,guān chá,observe,no lexical issue identified in this pass,,,,,40590,True,True,True,True,True,True,5,True,5,,
hsk-old-5-观念,5,观念,觀念,guān niàn,notion,no lexical issue identified in this pass,,,,,40606,True,True,True,True,True,True,5,True,5,,
hsk-old-5-观点,5,观点,觀點,guān diǎn,point of view,no lexical issue identified in this pass,,,,,40627,True,True,True,True,True,True,5,True,5,,
hsk-old-5-规则,5,规则,規則,guī zé,rule,no lexical issue identified in this pass,,,,,40644,True,True,True,True,True,True,5,True,5,,
hsk-old-5-规律,5,规律,規律,guī lǜ,law (e.g. of science),no lexical issue identified in this pass,,,,,40662,True,True,True,True,True,True,5,True,5,,
hsk-old-5-规模,5,规模,規模,guī mó,scale,no lexical issue identified in this pass,,,,,40681,True,True,True,True,True,True,5,True,5,,
hsk-old-5-规矩,5,规矩,規矩,guī ju,rule,no lexical issue identified in this pass,,,,,40699,True,True,True,True,True,True,5,True,5,,
hsk-old-5-角度,5,角度,角度,jiǎo dù,angle,no lexical issue identified in this pass,,,,,40721,True,True,True,True,True,True,5,True,5,,
hsk-old-5-角色,5,角色,角色,jué sè,role,no lexical issue identified in this pass,,,,,40737,True,True,True,True,True,True,5,True,5,,
hsk-old-5-解放,5,解放,解放,jiě fàng,liberate,no lexical issue identified in this pass,,,,,40755,True,True,True,True,True,True,5,True,6,,
hsk-old-5-解说员,5,解说员,解說員,jiě shuō yuán,commentator,no lexical issue identified in this pass,,,,,40775,True,True,True,True,True,True,5,False,,,
hsk-old-5-计算,5,计算,計算,jì suàn,to count,no lexical issue identified in this pass,,,,,40790,True,True,True,True,True,True,5,True,5,,
hsk-old-5-训练,5,训练,訓練,xùn liàn,to train,no lexical issue identified in this pass,,,,,40808,True,True,True,True,True,True,5,True,5,,
hsk-old-5-议论,5,议论,議論,yì lùn,discuss,no lexical issue identified in this pass,,,,,40826,True,True,True,True,True,True,5,True,5,,
hsk-old-5-记录,5,记录,記錄,jì lù,to record,no lexical issue identified in this pass,,,,,40845,True,True,True,True,True,True,5,True,5,,
hsk-old-5-记忆,5,记忆,記憶,jì yì,memory,no lexical issue identified in this pass,,,,,40864,True,True,True,True,True,True,5,True,5,,
hsk-old-5-讲座,5,讲座,講座,jiǎng zuò,a lecture or course of lectures,no lexical issue identified in this pass,,,,,40882,True,True,True,True,True,True,5,True,5,,
hsk-old-5-讲究,5,讲究,講究,jiǎng jiu,Be particular about,no lexical issue identified in this pass,,,,,40897,True,True,True,True,True,True,5,True,5,,
hsk-old-5-论文,5,论文,論文,lùn wén,thesis,no lexical issue identified in this pass,,,,,40916,True,True,True,True,True,True,5,True,5,,
hsk-old-5-讽刺,5,讽刺,諷刺,fěng cì,satirize,no lexical issue identified in this pass,,,,,40934,True,True,True,True,True,True,5,True,5,,
hsk-old-5-设备,5,设备,設備,shè bèi,equipment,no lexical issue identified in this pass,,,,,40954,True,True,True,True,True,True,5,True,5,,facilities
hsk-old-5-设施,5,设施,設施,shè shī,facilities,no lexical issue identified in this pass,,,,,40969,True,True,True,True,True,True,5,True,5,,
hsk-old-5-设计,5,设计,設計,shè jì,plan,no lexical issue identified in this pass,,,,,40985,True,True,True,True,True,True,5,True,5,,
hsk-old-5-证件,5,证件,證件,zhèng jiàn,paperwork,no lexical issue identified in this pass,,,,,41002,True,True,True,True,True,True,5,True,5,,
hsk-old-5-证据,5,证据,證據,zhèng jù,evidence,no lexical issue identified in this pass,,,,,41017,True,True,True,True,True,True,5,True,5,,
hsk-old-5-评价,5,评价,評價,píng jià,to evaluate,no lexical issue identified in this pass,,,,,41034,True,True,True,True,True,True,5,True,5,,
hsk-old-5-诊断,5,诊断,診斷,zhěn duàn,diagnosis,no lexical issue identified in this pass,,,,,41051,True,True,True,True,True,True,5,True,5,,
hsk-old-5-试卷,5,试卷,試卷,shì juàn,exam paper,no lexical issue identified in this pass,,,,,41067,True,True,True,True,True,True,5,True,5,,
hsk-old-5-诗,5,诗,詩,shī,poem,no lexical issue identified in this pass,,,,,41083,True,True,True,True,True,True,5,True,5,,
hsk-old-5-诚恳,5,诚恳,誠懇,chéng kěn,honest,no lexical issue identified in this pass,,,,,41100,True,True,True,True,True,True,5,True,5,,
hsk-old-5-话题,5,话题,話題,huà tí,subject (of a talk or conversation),no lexical issue identified in this pass,,,,,41119,True,True,True,True,True,True,5,True,5,,
hsk-old-5-询问,5,询问,詢問,xún wèn,inquire about,no lexical issue identified in this pass,,,,,41135,True,True,True,True,True,True,5,True,5,,
hsk-old-5-语气,5,语气,語氣,yǔ qì,tone,no lexical issue identified in this pass,,,,,41151,True,True,True,True,True,True,5,True,5,,
hsk-old-5-说不定,5,说不定,說不定,shuō bu dìng,can't say for sure,no lexical issue identified in this pass,,,,,41168,True,True,True,True,True,True,5,True,5,,
hsk-old-5-说服,5,说服,說服,shuō fú,persuade,no lexical issue identified in this pass,,,,,41184,True,True,True,True,True,True,5,True,5,,
hsk-old-5-请求,5,请求,請求,qǐng qiú,to request,no lexical issue identified in this pass,,,,,41203,True,True,True,True,True,True,5,True,5,,
hsk-old-5-课程,5,课程,課程,kè chéng,course,no lexical issue identified in this pass,,,,,41220,True,True,True,True,True,True,5,True,5,,
hsk-old-5-调整,5,调整,調整,tiáo zhěng,adjustment,no lexical issue identified in this pass,,,,,41236,True,True,True,True,True,True,5,True,5,,
hsk-old-5-调皮,5,调皮,調皮,tiáo pí,naughty,no lexical issue identified in this pass,,,,,41254,True,True,True,True,True,True,5,True,5,,
hsk-old-5-谈判,5,谈判,談判,tán pàn,negotiate,no lexical issue identified in this pass,,,,,41271,True,True,True,True,True,True,5,True,5,,
hsk-old-5-谜语,5,谜语,謎語,mí yǔ,riddle,no lexical issue identified in this pass,,,,,41290,True,True,True,True,True,True,5,True,6,,
hsk-old-5-谦虚,5,谦虚,謙虛,qiān xū,modest,no lexical issue identified in this pass,,,,,41306,True,True,True,True,True,True,5,True,5,,
hsk-old-5-谨慎,5,谨慎,謹慎,jǐn shèn,cautious,no lexical issue identified in this pass,,,,,41324,True,True,True,True,True,True,5,True,5,,
hsk-old-5-豆腐,5,豆腐,豆腐,dòu fu,tofu,no lexical issue identified in this pass,,,,,41341,True,True,True,True,True,True,5,True,5,,
hsk-old-5-象征,5,象征,象徵,xiàng zhēng,symbol,no lexical issue identified in this pass,,,,,41357,True,True,True,True,True,True,5,True,5,,
hsk-old-5-象棋,5,象棋,象棋,xiàng qí,chess,finding,P2,definition,Chinese chess; xiangqi,Chess without qualification can be mistaken for Western chess.,41380,True,True,True,True,True,True,5,True,5,,
hsk-old-5-豪华,5,豪华,豪華,háo huá,luxurious,no lexical issue identified in this pass,,,,,41395,True,True,True,True,True,True,5,True,5,,
hsk-old-5-贡献,5,贡献,貢獻,gòng xiàn,contribute,no lexical issue identified in this pass,,,,,41411,True,True,True,True,True,True,5,True,5,,
hsk-old-5-财产,5,财产,財產,cái chǎn,property,no lexical issue identified in this pass,,,,,41430,True,True,True,True,True,True,5,True,5,,
hsk-old-5-责备,5,责备,責備,zé bèi,to blame,no lexical issue identified in this pass,,,,,41447,True,True,True,True,True,True,5,True,5,,
hsk-old-5-账户,5,账户,賬戶,zhàng hù,bank account,no lexical issue identified in this pass,,,,,41466,True,True,True,True,True,True,5,True,5,,
hsk-old-5-贷款,5,贷款,貸款,dài kuǎn,(bank) loan,no lexical issue identified in this pass,,,,,41482,True,True,True,True,True,True,5,True,5,,
hsk-old-5-贸易,5,贸易,貿易,mào yì,(commercial) trade,no lexical issue identified in this pass,,,,,41501,True,True,True,True,True,True,5,True,5,,
hsk-old-5-费用,5,费用,費用,fèi yòng,cost,no lexical issue identified in this pass,,,,,41517,True,True,True,True,True,True,5,False,,,
hsk-old-5-资料,5,资料,資料,zī liào,data,no lexical issue identified in this pass,,,,,41534,True,True,True,True,True,True,5,True,5,,
hsk-old-5-资格,5,资格,資格,zī gé,qualifications,no lexical issue identified in this pass,,,,,41553,True,True,True,True,True,True,5,True,5,,
hsk-old-5-资源,5,资源,資源,zī yuán,natural resource,no lexical issue identified in this pass,,,,,41569,True,True,True,True,True,True,5,True,5,,
hsk-old-5-资金,5,资金,資金,zī jīn,funds,no lexical issue identified in this pass,,,,,41585,True,True,True,True,True,True,5,True,5,,
hsk-old-5-赔偿,5,赔偿,賠償,péi cháng,compensate,no lexical issue identified in this pass,,,,,41600,True,True,True,True,True,True,5,True,5,,
hsk-old-5-赞成,5,赞成,贊成,zàn chéng,approve,no lexical issue identified in this pass,,,,,41616,True,True,True,True,True,True,5,True,5,,
hsk-old-5-赞美,5,赞美,讚美,zàn měi,admire,no lexical issue identified in this pass,,,,,41633,True,True,True,True,True,True,5,True,5,,
hsk-old-5-赶快,5,赶快,趕快,gǎn kuài,at once,no lexical issue identified in this pass,,,,,41651,True,True,True,True,True,True,5,True,5,,
hsk-old-5-赶紧,5,赶紧,趕緊,gǎn jǐn,at once,no lexical issue identified in this pass,,,,,41666,True,True,True,True,True,True,5,True,5,,
hsk-old-5-趁,5,趁,趁,chèn,avail oneself of,no lexical issue identified in this pass,,,,,41682,True,True,True,True,True,True,5,True,5,,
hsk-old-5-趋势,5,趋势,趨勢,qū shì,trend,no lexical issue identified in this pass,,,,,41699,True,True,True,True,True,True,5,True,5,,
hsk-old-5-踩,5,踩,踩,cǎi,step upon,no lexical issue identified in this pass,,,,,41714,True,True,True,True,True,True,5,True,5,,
hsk-old-5-蹲,5,蹲,蹲,dūn,to crouch,no lexical issue identified in this pass,,,,,41734,True,True,True,True,True,True,5,True,5,,
hsk-old-5-身份,5,身份,身份,shēn fèn,identity,no lexical issue identified in this pass,,,,,41751,True,True,True,True,True,True,5,True,5,,
hsk-old-5-身材,5,身材,身材,shēn cái,stature,no lexical issue identified in this pass,,,,,41772,True,True,True,True,True,True,5,True,5,,
hsk-old-5-躲藏,5,躲藏,躲藏,duǒ cáng,hide oneself,no lexical issue identified in this pass,,,,,41789,True,True,True,True,True,True,5,True,5,,
hsk-old-5-车厢,5,车厢,車廂,chē xiāng,carriage,no lexical issue identified in this pass,,,,,41806,True,True,True,True,True,True,5,True,5,,
hsk-old-5-车库,5,车库,車庫,chē kù,garage,no lexical issue identified in this pass,,,,,41821,True,True,True,True,True,True,5,True,5,,
hsk-old-5-转变,5,转变,轉變,zhuǎn biàn,to change,no lexical issue identified in this pass,,,,,41836,True,True,True,True,True,True,5,True,5,,
hsk-old-5-转告,5,转告,轉告,zhuǎn gào,pass on,no lexical issue identified in this pass,,,,,41855,True,True,True,True,True,True,5,True,5,,
hsk-old-5-轮流,5,轮流,輪流,lún liú,to alternate,no lexical issue identified in this pass,,,,,41872,True,True,True,True,True,True,5,True,5,,
hsk-old-5-软件,5,软件,軟件,ruǎn jiàn,(computer) software,no lexical issue identified in this pass,,,,,41887,True,True,True,True,True,True,5,True,5,,
hsk-old-5-轻视,5,轻视,輕視,qīng shì,contempt,no lexical issue identified in this pass,,,,,41902,True,True,True,True,True,True,5,True,5,,
hsk-old-5-辅导,5,辅导,輔導,fǔ dǎo,to coach,no lexical issue identified in this pass,,,,,41922,True,True,True,True,True,True,5,True,5,,
hsk-old-5-输入,5,输入,輸入,shū rù,input,no lexical issue identified in this pass,,,,,41942,True,True,True,True,True,True,5,True,5,,
hsk-old-5-辞职,5,辞职,辭職,cí zhí,resign from a position,no lexical issue identified in this pass,,,,,41959,True,True,True,True,True,True,5,True,5,,
hsk-old-5-辣椒,5,辣椒,辣椒,là jiāo,hot pepper,no lexical issue identified in this pass,,,,,41975,True,True,True,True,True,True,5,True,5,,
hsk-old-5-辩论,5,辩论,辯論,biàn lùn,argue,no lexical issue identified in this pass,,,,,41991,True,True,True,True,True,True,5,True,5,,
hsk-old-5-达到,5,达到,達到,dá dào,achieve,no lexical issue identified in this pass,,,,,42009,True,True,True,True,True,True,5,True,5,,
hsk-old-5-迅速,5,迅速,迅速,xùn sù,fast,no lexical issue identified in this pass,,,,,42024,True,True,True,True,True,True,5,True,5,,
hsk-old-5-过分,5,过分,過分,guò fèn,excessive,no lexical issue identified in this pass,,,,,42042,True,True,True,True,True,True,5,True,5,,
hsk-old-5-过敏,5,过敏,過敏,guò mǐn,be allergic,no lexical issue identified in this pass,,,,,42061,True,True,True,True,True,True,5,True,5,,
hsk-old-5-过期,5,过期,過期,guò qī,overdue,no lexical issue identified in this pass,,,,,42079,True,True,True,True,True,True,5,True,5,,
hsk-old-5-迎接,5,迎接,迎接,yíng jiē,meet,no lexical issue identified in this pass,,,,,42097,True,True,True,True,True,True,5,True,5,,
hsk-old-5-运气,5,运气,運氣,yùn qi,luck,no lexical issue identified in this pass,,,,,42112,True,True,True,True,True,True,5,True,5,,
hsk-old-5-运用,5,运用,運用,yùn yòng,to use,no lexical issue identified in this pass,,,,,42127,True,True,True,True,True,True,5,True,5,,
hsk-old-5-运输,5,运输,運輸,yùn shū,transport,no lexical issue identified in this pass,,,,,42144,True,True,True,True,True,True,5,True,5,,
hsk-old-5-近代,5,近代,近代,jìn dài,modern times,no lexical issue identified in this pass,,,,,42162,True,True,True,True,True,True,5,True,5,,
hsk-old-5-进口,5,进口,進口,jìn kǒu,import,no lexical issue identified in this pass,,,,,42180,True,True,True,True,True,True,5,True,5,,
hsk-old-5-进步,5,进步,進步,jìn bù,make progress,no lexical issue identified in this pass,,,,,42199,True,True,True,True,True,True,5,True,5,,
hsk-old-5-违反,5,违反,違反,wéi fǎn,violate (a law),no lexical issue identified in this pass,,,,,42217,True,True,True,True,True,True,5,True,5,,
hsk-old-5-连忙,5,连忙,連忙,lián máng,promptly,no lexical issue identified in this pass,,,,,42232,True,True,True,True,True,True,5,True,5,,
hsk-old-5-连续剧,5,连续剧,連續劇,lián xù jù,serialized drama,no lexical issue identified in this pass,,,,,42248,True,True,True,True,True,True,5,False,,,
hsk-old-5-迫切,5,迫切,迫切,pò qiè,urgent,no lexical issue identified in this pass,,,,,42265,True,True,True,True,True,True,5,True,5,,
hsk-old-5-迷路,5,迷路,迷路,mí lù,to get lost,no lexical issue identified in this pass,,,,,42281,True,True,True,True,True,True,5,True,4,,
hsk-old-5-追求,5,追求,追求,zhuī qiú,pursue,no lexical issue identified in this pass,,,,,42300,True,True,True,True,True,True,5,True,5,,
hsk-old-5-退,5,退,退,tuì,to retreat,no lexical issue identified in this pass,,,,,42318,True,True,True,True,True,True,5,True,5,,
hsk-old-5-退休,5,退休,退休,tuì xiū,retirement (from work),no lexical issue identified in this pass,,,,,42335,True,True,True,True,True,True,5,True,5,,
hsk-old-5-退步,5,退步,退步,tuì bù,to degenerate,no lexical issue identified in this pass,,,,,42351,True,True,True,True,True,True,5,True,5,,
hsk-old-5-逃,5,逃,逃,táo,to escape,no lexical issue identified in this pass,,,,,42373,True,True,True,True,True,True,5,True,5,,
hsk-old-5-逃避,5,逃避,逃避,táo bì,to escape,no lexical issue identified in this pass,,,,,42391,True,True,True,True,True,True,5,True,5,,
hsk-old-5-选举,5,选举,選舉,xuǎn jǔ,elect,no lexical issue identified in this pass,,,,,42410,True,True,True,True,True,True,5,True,6,,
hsk-old-5-透明,5,透明,透明,tòu míng,transparent,no lexical issue identified in this pass,,,,,42427,True,True,True,True,True,True,5,True,5,,
hsk-old-5-逐步,5,逐步,逐步,zhú bù,step by step,no lexical issue identified in this pass,,,,,42444,True,True,True,True,True,True,5,True,5,,
hsk-old-5-递,5,递,遞,dì,hand over,no lexical issue identified in this pass,,,,,42460,True,True,True,True,True,True,5,True,5,,
hsk-old-5-逗,5,逗,逗,dòu,to tease,no lexical issue identified in this pass,,,,,42476,True,True,True,True,True,True,5,True,5,,
hsk-old-5-通常,5,通常,通常,tōng cháng,regular,no lexical issue identified in this pass,,,,,42495,True,True,True,True,True,True,5,True,5,,
hsk-old-5-通讯,5,通讯,通訊,tōng xùn,communication,no lexical issue identified in this pass,,,,,42515,True,True,True,True,True,True,5,True,6,,
hsk-old-5-造成,5,造成,造成,zào chéng,to cause,no lexical issue identified in this pass,,,,,42532,True,True,True,True,True,True,5,True,5,,
hsk-old-5-逻辑,5,逻辑,邏輯,luó ji,logic,no lexical issue identified in this pass,,,,,42549,True,True,True,True,True,True,5,True,5,,
hsk-old-5-道德,5,道德,道德,dào dé,morals,no lexical issue identified in this pass,,,,,42564,True,True,True,True,True,True,5,True,5,,
hsk-old-5-道理,5,道理,道理,dào li,reason,no lexical issue identified in this pass,,,,,42582,True,True,True,True,True,True,5,True,5,,
hsk-old-5-遗憾,5,遗憾,遺憾,yí hàn,regret,no lexical issue identified in this pass,,,,,42602,True,True,True,True,True,True,5,True,5,,
hsk-old-5-遵守,5,遵守,遵守,zūn shǒu,observe,no lexical issue identified in this pass,,,,,42620,True,True,True,True,True,True,5,True,5,,
hsk-old-5-避免,5,避免,避免,bì miǎn,avoid,no lexical issue identified in this pass,,,,,42635,True,True,True,True,True,True,5,True,5,,
hsk-old-5-邮局,5,邮局,郵局,yóu jú,post office,no lexical issue identified in this pass,,,,,42653,True,True,True,True,True,True,5,True,4,,
hsk-old-5-郊区,5,郊区,郊區,jiāo qū,suburbs,no lexical issue identified in this pass,,,,,42668,True,True,True,True,True,True,5,True,4,,
hsk-old-5-部门,5,部门,部門,bù mén,department,no lexical issue identified in this pass,,,,,42685,True,True,True,True,True,True,5,True,5,,
hsk-old-5-配合,5,配合,配合,pèi hé,be harmoniously combined or arranged,no lexical issue identified in this pass,,,,,42703,True,True,True,True,True,True,5,True,5,,
hsk-old-5-酒吧,5,酒吧,酒吧,jiǔ bā,bar,no lexical issue identified in this pass,,,,,42730,True,True,True,True,True,True,5,True,5,,
hsk-old-5-酱油,5,酱油,醬油,jiàng yóu,soy sauce,no lexical issue identified in this pass,,,,,42747,True,True,True,True,True,True,5,True,5,,
hsk-old-5-醉,5,醉,醉,zuì,intoxicated,no lexical issue identified in this pass,,,,,42762,True,True,True,True,True,True,5,True,5,,
hsk-old-5-醋,5,醋,醋,cù,vinegar,no lexical issue identified in this pass,,,,,42778,True,True,True,True,True,True,5,True,5,,
hsk-old-5-采取,5,采取,採取,cǎi qǔ,carry out or adopt,no lexical issue identified in this pass,,,,,42794,True,True,True,True,True,True,5,True,5,,
hsk-old-5-采访,5,采访,採訪,cǎi fǎng,interview,no lexical issue identified in this pass,,,,,42810,True,True,True,True,True,True,5,True,5,,
hsk-old-5-重,5,重,重,zhòng,heavy,no lexical issue identified in this pass,,,,,42829,True,True,True,True,True,True,5,True,4,,
hsk-old-5-重复,5,重复,重複,chóng fù,to repeat,no lexical issue identified in this pass,,,,,42850,True,True,True,True,True,True,5,True,5,,
hsk-old-5-重量,5,重量,重量,zhòng liàng,weight,no lexical issue identified in this pass,,,,,42868,True,True,True,True,True,True,5,True,5,,
hsk-old-5-金属,5,金属,金屬,jīn shǔ,metal,no lexical issue identified in this pass,,,,,42883,True,True,True,True,True,True,5,True,5,,
hsk-old-5-针对,5,针对,針對,zhēn duì,in connection with,no lexical issue identified in this pass,,,,,42898,True,True,True,True,True,True,5,True,5,,
hsk-old-5-钓,5,钓,釣,diào,to fish,no lexical issue identified in this pass,,,,,42917,True,True,True,True,True,True,5,True,5,,
hsk-old-5-钟,5,钟,鐘,zhōng,clock,no lexical issue identified in this pass,,,,,42932,True,True,True,True,True,True,5,False,,personal-name POS appears on a common-word reading; review sense-specific tags,
hsk-old-5-钢铁,5,钢铁,鋼鐵,gāng tiě,steel,no lexical issue identified in this pass,,,,,42951,True,True,True,True,True,True,5,True,5,,
hsk-old-5-铃,5,铃,鈴,líng,bell,no lexical issue identified in this pass,,,,,42966,True,True,True,True,True,True,5,True,5,,
hsk-old-5-铜,5,铜,銅,tóng,copper,no lexical issue identified in this pass,,,,,42982,True,True,True,True,True,True,5,True,6,,
hsk-old-5-银,5,银,銀,yín,silver (the element),no lexical issue identified in this pass,,,,,42998,True,True,True,True,True,True,5,True,5,,
hsk-old-5-销售,5,销售,銷售,xiāo shòu,to sell,no lexical issue identified in this pass,,,,,43017,True,True,True,True,True,True,5,True,5,,
hsk-old-5-锁,5,锁,鎖,suǒ,lock,no lexical issue identified in this pass,,,,,43035,True,True,True,True,True,True,5,True,5,,
hsk-old-5-锅,5,锅,鍋,guō,pot,no lexical issue identified in this pass,,,,,43052,True,True,True,True,True,True,5,True,5,,
hsk-old-5-错误,5,错误,錯誤,cuò wù,error,no lexical issue identified in this pass,,,,,43069,True,True,True,True,True,True,5,True,4,,
hsk-old-5-键盘,5,键盘,鍵盤,jiàn pán,keyboard,no lexical issue identified in this pass,,,,,43086,True,True,True,True,True,True,5,True,5,,
hsk-old-5-长途,5,长途,長途,cháng tú,long distance,no lexical issue identified in this pass,,,,,43101,True,True,True,True,True,True,5,True,5,,
hsk-old-5-闪电,5,闪电,閃電,shǎn diàn,lightning,no lexical issue identified in this pass,,,,,43117,True,True,True,True,True,True,5,True,5,,
hsk-old-5-问候,5,问候,問候,wèn hòu,send a greeting,no lexical issue identified in this pass,,,,,43133,True,True,True,True,True,True,5,True,5,,
hsk-old-5-闯,5,闯,闖,chuǎng,rush,no lexical issue identified in this pass,,,,,43151,True,True,True,True,True,True,5,True,5,,
hsk-old-5-闻,5,闻,聞,wén,hear,finding,P2,definition,to smell; to hear,Hear is valid but loses the everyday smelling action.,43170,True,True,True,True,True,True,5,True,5,,
hsk-old-5-阳台,5,阳台,陽臺,yáng tái,balcony,no lexical issue identified in this pass,,,,,43192,True,True,True,True,True,True,5,True,5,,
hsk-old-5-阵,5,阵,陣,zhèn,short period,no lexical issue identified in this pass,,,,,43208,True,True,True,True,True,True,5,True,5,,
hsk-old-5-阶段,5,阶段,階段,jiē duàn,stage,no lexical issue identified in this pass,,,,,43230,True,True,True,True,True,True,5,True,5,,
hsk-old-5-阻止,5,阻止,阻止,zǔ zhǐ,prevent,no lexical issue identified in this pass,,,,,43248,True,True,True,True,True,True,5,True,5,,
hsk-old-5-陆地,5,陆地,陸地,lù dì,land,no lexical issue identified in this pass,,,,,43265,True,True,True,True,True,True,5,True,5,,
hsk-old-5-陆续,5,陆续,陸續,lù xù,in turn,no lexical issue identified in this pass,,,,,43280,True,True,True,True,True,True,5,True,5,,
hsk-old-5-陌生,5,陌生,陌生,mò shēng,strange,no lexical issue identified in this pass,,,,,43298,True,True,True,True,True,True,5,True,5,,
hsk-old-5-降落,5,降落,降落,jiàng luò,descend,no lexical issue identified in this pass,,,,,43315,True,True,True,True,True,True,5,True,4,,
hsk-old-5-除,5,除,除,chú,besides,no lexical issue identified in this pass,,,,,43332,True,True,True,True,True,True,5,True,6,,
hsk-old-5-除夕,5,除夕,除夕,chú xī,Lunar New Year's Eve,no lexical issue identified in this pass,,,,,43355,True,True,True,True,True,True,5,True,5,,
hsk-old-5-除非,5,除非,除非,chú fēi,only if,finding,P2,grammar,unless; only if,Unless makes the standard negative conditional construction clear.,43370,True,True,True,True,True,True,5,True,5,,
hsk-old-5-随时,5,随时,隨時,suí shí,at any time,no lexical issue identified in this pass,,,,,43388,True,True,True,True,True,True,5,True,5,,
hsk-old-5-隔壁,5,隔壁,隔壁,gé bì,next door,no lexical issue identified in this pass,,,,,43404,True,True,True,True,True,True,5,True,5,,
hsk-old-5-难怪,5,难怪,難怪,nán guài,no wonder,no lexical issue identified in this pass,,,,,43420,True,True,True,True,True,True,5,True,5,,
hsk-old-5-难看,5,难看,難看,nán kàn,ugly,no lexical issue identified in this pass,,,,,43436,True,True,True,True,True,True,5,False,,,
hsk-old-5-雄伟,5,雄伟,雄偉,xióng wěi,grand,no lexical issue identified in this pass,,,,,43452,True,True,True,True,True,True,5,True,6,,
hsk-old-5-集中,5,集中,集中,jí zhōng,concentrate,no lexical issue identified in this pass,,,,,43470,True,True,True,True,True,True,5,True,5,,
hsk-old-5-集体,5,集体,集體,jí tǐ,collective,no lexical issue identified in this pass,,,,,43492,True,True,True,True,True,True,5,True,5,,
hsk-old-5-雇佣,5,雇佣,雇傭,gù yōng,employ,no lexical issue identified in this pass,,,,,43512,True,True,True,True,True,True,5,True,6,,
hsk-old-5-零件,5,零件,零件,líng jiàn,spare parts,no lexical issue identified in this pass,,,,,43529,True,True,True,True,True,True,5,True,5,,
hsk-old-5-零钱,5,零钱,零錢,líng qián,small change (of money),no lexical issue identified in this pass,,,,,43545,True,True,True,True,True,True,5,True,4,,
hsk-old-5-零食,5,零食,零食,líng shí,snack,no lexical issue identified in this pass,,,,,43562,True,True,True,True,True,True,5,True,5,,
hsk-old-5-雷,5,雷,雷,léi,thunder,no lexical issue identified in this pass,,,,,43578,True,True,True,True,True,True,5,True,5,personal-name POS appears on a common-word reading; review sense-specific tags,
hsk-old-5-雾,5,雾,霧,wù,fog,no lexical issue identified in this pass,,,,,43598,True,True,True,True,True,True,5,True,5,,
hsk-old-5-露,5,露,露,lù,dew,no lexical issue identified in this pass,,,,,43614,True,True,True,True,True,True,5,False,,,
hsk-old-5-青,5,青,青,qīng,blue,no lexical issue identified in this pass,,,,,43637,True,True,True,True,True,True,5,True,5,,
hsk-old-5-青少年,5,青少年,青少年,qīng shào nián,teenager,no lexical issue identified in this pass,,,,,43657,True,True,True,True,True,True,5,True,5,,
hsk-old-5-青春,5,青春,青春,qīng chūn,youth,no lexical issue identified in this pass,,,,,43674,True,True,True,True,True,True,5,True,5,,
hsk-old-5-非,5,非,非,fēi,non-,no lexical issue identified in this pass,,,,,43690,True,True,True,True,True,True,5,True,5,,
hsk-old-5-面临,5,面临,面臨,miàn lín,be faced with,no lexical issue identified in this pass,,,,,43709,True,True,True,True,True,True,5,True,5,,
hsk-old-5-面对,5,面对,面對,miàn duì,to face,no lexical issue identified in this pass,,,,,43724,True,True,True,True,True,True,5,True,5,,
hsk-old-5-面积,5,面积,面積,miàn jī,(surface) area,no lexical issue identified in this pass,,,,,43739,True,True,True,True,True,True,5,True,5,,
hsk-old-5-革命,5,革命,革命,gé mìng,revolution,no lexical issue identified in this pass,,,,,43756,True,True,True,True,True,True,5,True,6,,
hsk-old-5-鞭炮,5,鞭炮,鞭炮,biān pào,firecracker,no lexical issue identified in this pass,,,,,43777,True,True,True,True,True,True,5,True,5,,
hsk-old-5-顶,5,顶,頂,dǐng,top,no lexical issue identified in this pass,,,,,43793,True,True,True,True,True,True,5,True,5,,
hsk-old-5-项,5,项,項,xiàng,nape (of the neck),finding,P2,definition,item; classifier for items; nape,Nape is a historical bound sense and hides modern counting uses.,43823,True,True,True,True,True,True,5,True,5,,
hsk-old-5-项目,5,项目,項目,xiàng mù,program,no lexical issue identified in this pass,,,,,43843,True,True,True,True,True,True,5,True,5,,
hsk-old-5-项链,5,项链,項鏈,xiàng liàn,necklace,no lexical issue identified in this pass,,,,,43860,True,True,True,True,True,True,5,True,5,,
hsk-old-5-预报,5,预报,預報,yù bào,to predict,no lexical issue identified in this pass,,,,,43875,True,True,True,True,True,True,5,True,5,,
hsk-old-5-预订,5,预订,預訂,yù dìng,place an order,no lexical issue identified in this pass,,,,,43891,True,True,True,True,True,True,5,True,5,,
hsk-old-5-预防,5,预防,預防,yù fáng,prevent,no lexical issue identified in this pass,,,,,43908,True,True,True,True,True,True,5,True,5,,
hsk-old-5-领域,5,领域,領域,lǐng yù,domain,no lexical issue identified in this pass,,,,,43929,True,True,True,True,True,True,5,True,5,,
hsk-old-5-领导,5,领导,領導,lǐng dǎo,to lead,no lexical issue identified in this pass,,,,,43948,True,True,True,True,True,True,5,True,5,,
hsk-old-5-频道,5,频道,頻道,pín dào,frequency,finding,P2,definition,TV or radio channel,Frequency is closer to 频率 and does not explain the channel noun.,43969,True,True,True,True,True,True,5,True,5,,
hsk-old-5-颗,5,颗,顆,kē,"classifier for hearts and small, round things like seeds, grains, beans, etc.",no lexical issue identified in this pass,,,,,43985,True,True,True,True,True,True,5,True,5,,
hsk-old-5-题目,5,题目,題目,tí mù,subject,no lexical issue identified in this pass,,,,,44000,True,True,True,True,True,True,5,True,5,,
hsk-old-5-风俗,5,风俗,風俗,fēng sú,social custom,no lexical issue identified in this pass,,,,,44017,True,True,True,True,True,True,5,True,5,,
hsk-old-5-风格,5,风格,風格,fēng gé,style,no lexical issue identified in this pass,,,,,44032,True,True,True,True,True,True,5,True,5,,
hsk-old-5-风险,5,风险,風險,fēng xiǎn,risk,no lexical issue identified in this pass,,,,,44047,True,True,True,True,True,True,5,True,5,,
hsk-old-5-飘,5,飘,飄,piāo,to float,no lexical issue identified in this pass,,,,,44062,True,True,True,True,True,True,5,True,5,,
hsk-old-5-食物,5,食物,食物,shí wù,food,no lexical issue identified in this pass,,,,,44077,True,True,True,True,True,True,5,True,5,,
hsk-old-5-餐厅,5,餐厅,餐廳,cān tīng,dining hall,no lexical issue identified in this pass,,,,,44092,True,True,True,True,True,True,5,True,4,,
hsk-old-5-馒头,5,馒头,饅頭,mán tou,steamed bun/roll,no lexical issue identified in this pass,,,,,44109,True,True,True,True,True,True,5,True,5,,
hsk-old-5-驾驶,5,驾驶,駕駛,jià shǐ,to drive,no lexical issue identified in this pass,,,,,44126,True,True,True,True,True,True,5,True,5,,
hsk-old-5-骂,5,骂,罵,mà,scold,no lexical issue identified in this pass,,,,,44143,True,True,True,True,True,True,5,True,5,,
hsk-old-5-骨头,5,骨头,骨頭,gǔ tou,bone,no lexical issue identified in this pass,,,,,44160,True,True,True,True,True,True,5,True,5,,
hsk-old-5-高档,5,高档,高檔,gāo dàng,top quality,no lexical issue identified in this pass,,,,,44178,True,True,True,True,True,True,5,True,5,,
hsk-old-5-高速,5,高速,高速,gāo sù,high speed,finding,P2,raw cross-reference,Restore the complete dictionary cross-reference to 高速公路.,A raw dictionary definition has a truncated Hanzi reference; this reaches the Dictionary detail list.,44195,True,True,True,True,True,True,5,False,,,
hsk-old-5-魅力,5,魅力,魅力,mèi lì,charm,no lexical issue identified in this pass,,,,,44212,True,True,True,True,True,True,5,True,5,,
hsk-old-5-鲜艳,5,鲜艳,鮮艷,xiān yàn,bright-colored,no lexical issue identified in this pass,,,,,44230,True,True,True,True,True,True,5,True,5,,
hsk-old-5-鸽子,5,鸽子,鴿子,gē zi,dove,no lexical issue identified in this pass,,,,,44245,True,True,True,True,True,True,5,True,6,,
hsk-old-5-麦克风,5,麦克风,麥克風,mài kè fēng,microphone,no lexical issue identified in this pass,,,,,44262,True,True,True,True,True,True,5,True,5,,
hsk-old-5-黄瓜,5,黄瓜,黃瓜,huáng guā,cucumber,no lexical issue identified in this pass,,,,,44277,True,True,True,True,True,True,5,False,,,
hsk-old-5-黄金,5,黄金,黃金,huáng jīn,gold,no lexical issue identified in this pass,,,,,44292,True,True,True,True,True,True,5,True,5,,
hsk-old-5-鼓舞,5,鼓舞,鼓舞,gǔ wǔ,inspire,no lexical issue identified in this pass,,,,,44309,True,True,True,True,True,True,5,True,5,,
hsk-old-5-鼠标,5,鼠标,鼠標,shǔ biāo,mouse (computer),no lexical issue identified in this pass,,,,,44326,True,True,True,True,True,True,5,True,5,,
hsk-old-5-龙,5,龙,龍,lóng,dragon,no lexical issue identified in this pass,,,,,44341,True,True,True,True,True,True,5,True,5,personal-name POS appears on a common-word reading; review sense-specific tags,
hsk-old-6-一丝不苟,6,一丝不苟,一絲不苟,yī sī bù gǒu,(literally) not one thread loose,finding,P2,idiom,meticulous; scrupulous,The literal image omits the meaning of the idiom.,44358,True,True,True,True,True,True,6,True,6,,
hsk-old-6-一举两得,6,一举两得,一舉兩得,yī jǔ liǎng dé,kill two birds with one stone,no lexical issue identified in this pass,,,,,44375,True,True,True,True,True,True,6,True,6,,
hsk-old-6-一再,6,一再,一再,yī zài,repeatedly,no lexical issue identified in this pass,,,,,44390,True,True,True,True,True,True,6,True,5,,
hsk-old-6-一向,6,一向,一向,yī xiàng,all along,no lexical issue identified in this pass,,,,,44405,True,True,True,True,True,True,6,True,6,,
hsk-old-6-一如既往,6,一如既往,一如既往,yī rú jì wǎng,just as in the past (idiom),no lexical issue identified in this pass,,,,,44421,True,True,True,True,True,True,6,True,6,,
hsk-old-6-一帆风顺,6,一帆风顺,一帆風順,yī fān fēng shùn,(saying) smooth sailing,no lexical issue identified in this pass,,,,,44437,True,True,True,True,True,True,6,True,6,,
hsk-old-6-一度,6,一度,一度,yī dù,for a time,no lexical issue identified in this pass,,,,,44455,True,True,True,True,True,True,6,True,6,,
hsk-old-6-一律,6,一律,一律,yī lǜ,same,finding,P2,definition,uniformly; without exception,Same alone obscures the rule applying to every case.,44473,True,True,True,True,True,True,6,True,5,,
hsk-old-6-一流,6,一流,一流,yī liú,top-grade,no lexical issue identified in this pass,,,,,44491,True,True,True,True,True,True,6,True,6,,
hsk-old-6-一目了然,6,一目了然,一目了然,yī mù liǎo rán,obvious at a glance,no lexical issue identified in this pass,,,,,44507,True,True,True,True,True,True,6,True,6,,
hsk-old-6-一贯,6,一贯,一貫,yī guàn,consistent,no lexical issue identified in this pass,,,,,44522,True,True,True,True,True,True,6,True,6,,
hsk-old-6-万分,6,万分,萬分,wàn fēn,very much,no lexical issue identified in this pass,,,,,44542,True,True,True,True,True,True,6,True,6,,
hsk-old-6-三角,6,三角,三角,sān jiǎo,triangle,no lexical issue identified in this pass,,,,,44559,True,True,True,True,True,True,6,False,,,
hsk-old-6-上任,6,上任,上任,shàng rèn,take office,no lexical issue identified in this pass,,,,,44574,True,True,True,True,True,True,6,True,6,,
hsk-old-6-上游,6,上游,上游,shàng yóu,upper reaches (of a river),no lexical issue identified in this pass,,,,,44591,True,True,True,True,True,True,6,True,6,,
hsk-old-6-上瘾,6,上瘾,上癮,shàng yǐn,become addicted,no lexical issue identified in this pass,,,,,44609,True,True,True,True,True,True,6,True,6,,
hsk-old-6-上级,6,上级,上級,shàng jí,higher authorities,no lexical issue identified in this pass,,,,,44626,True,True,True,True,True,True,6,True,6,,
hsk-old-6-上进心,6,上进心,上進心,shàng jìn xīn,motivation,no lexical issue identified in this pass,,,,,44642,True,True,True,True,True,True,6,False,,,
hsk-old-6-下属,6,下属,下屬,xià shǔ,subordinate,no lexical issue identified in this pass,,,,,44658,True,True,True,True,True,True,6,True,6,,
hsk-old-6-不像话,6,不像话,不像話,bù xiàng huà,unreasonable,no lexical issue identified in this pass,,,,,44676,True,True,True,True,True,True,6,True,6,,
hsk-old-6-不可思议,6,不可思议,不可思議,bù kě sī yì,unimaginable,no lexical issue identified in this pass,,,,,44693,True,True,True,True,True,True,6,True,6,,
hsk-old-6-不堪,6,不堪,不堪,bù kān,cannot bear/stand,no lexical issue identified in this pass,,,,,44709,True,True,True,True,True,True,6,True,6,,
hsk-old-6-不妨,6,不妨,不妨,bù fáng,there is no harm in,no lexical issue identified in this pass,,,,,44727,True,True,True,True,True,True,6,True,6,,
hsk-old-6-不屑一顾,6,不屑一顾,不屑一顧,bù xiè yī gù,not worth seeing,finding,P2,idiom,to dismiss as beneath one's notice,Not worth seeing is a misleading literal interpretation.,44744,True,True,True,True,True,True,6,True,6,,
hsk-old-6-不得已,6,不得已,不得已,bù dé yǐ,act against one's will,no lexical issue identified in this pass,,,,,44759,True,True,True,True,True,True,6,True,6,,
hsk-old-6-不惜,6,不惜,不惜,bù xī,to not hesitate,no lexical issue identified in this pass,,,,,44779,True,True,True,True,True,True,6,True,6,,
hsk-old-6-不愧,6,不愧,不愧,bù kuì,be worthy of,no lexical issue identified in this pass,,,,,44797,True,True,True,True,True,True,6,True,6,,
hsk-old-6-不择手段,6,不择手段,不擇手段,bù zé shǒu duàn,by fair means or foul,no lexical issue identified in this pass,,,,,44814,True,True,True,True,True,True,6,True,6,,
hsk-old-6-不敢当,6,不敢当,不敢當,bù gǎn dāng,(literally) I dare not accept the honor,no lexical issue identified in this pass,,,,,44831,True,True,True,True,True,True,6,True,6,,
hsk-old-6-不料,6,不料,不料,bù liào,unexpectedly,no lexical issue identified in this pass,,,,,44847,True,True,True,True,True,True,6,True,6,,
hsk-old-6-不时,6,不时,不時,bù shí,frequently,no lexical issue identified in this pass,,,,,44863,True,True,True,True,True,True,6,True,6,,
hsk-old-6-不止,6,不止,不止,bù zhǐ,incessantly,no lexical issue identified in this pass,,,,,44881,True,True,True,True,True,True,6,True,6,,
hsk-old-6-不由得,6,不由得,不由得,bù yóu de,can't help,no lexical issue identified in this pass,,,,,44899,True,True,True,True,True,True,6,True,6,,
hsk-old-6-不相上下,6,不相上下,不相上下,bù xiāng shàng xià,equally matched,no lexical issue identified in this pass,,,,,44915,True,True,True,True,True,True,6,True,6,,
hsk-old-6-不禁,6,不禁,不禁,bù jīn,cannot help,no lexical issue identified in this pass,,,,,44931,True,True,True,True,True,True,6,True,6,,
hsk-old-6-不言而喻,6,不言而喻,不言而喻,bù yán ér yù,it goes without saying,no lexical issue identified in this pass,,,,,44947,True,True,True,True,True,True,6,True,6,,
hsk-old-6-不顾,6,不顾,不顧,bù gù,in spite of,no lexical issue identified in this pass,,,,,44962,True,True,True,True,True,True,6,True,6,,
hsk-old-6-与日俱增,6,与日俱增,與日俱增,yǔ rì jù zēng,grow with each passing day,no lexical issue identified in this pass,,,,,44977,True,True,True,True,True,True,6,True,6,,
hsk-old-6-丑恶,6,丑恶,醜惡,chǒu è,ugly,no lexical issue identified in this pass,,,,,44993,True,True,True,True,True,True,6,True,6,,
hsk-old-6-专利,6,专利,專利,zhuān lì,patent,no lexical issue identified in this pass,,,,,45010,True,True,True,True,True,True,6,True,6,,
hsk-old-6-专科,6,专科,專科,zhuān kē,specialized subject,no lexical issue identified in this pass,,,,,45027,True,True,True,True,True,True,6,False,,,
hsk-old-6-专程,6,专程,專程,zhuān chéng,special-purpose trip,no lexical issue identified in this pass,,,,,45044,True,True,True,True,True,True,6,True,6,,
hsk-old-6-专长,6,专长,專長,zhuān cháng,specialty,no lexical issue identified in this pass,,,,,45060,True,True,True,True,True,True,6,True,6,,
hsk-old-6-专题,6,专题,專題,zhuān tí,special topic,no lexical issue identified in this pass,,,,,45076,True,True,True,True,True,True,6,True,6,,
hsk-old-6-世代,6,世代,世代,shì dài,for generations,no lexical issue identified in this pass,,,,,45092,True,True,True,True,True,True,6,True,6,,
hsk-old-6-世界观,6,世界观,世界觀,shì jiè guān,worldview,no lexical issue identified in this pass,,,,,45110,True,True,True,True,True,True,6,False,,,
hsk-old-6-丘陵,6,丘陵,丘陵,qiū líng,hills,no lexical issue identified in this pass,,,,,45127,True,True,True,True,True,True,6,True,6,,
hsk-old-6-丛,6,丛,叢,cóng,crowd together,no lexical issue identified in this pass,,,,,45142,True,True,True,True,True,True,6,True,6,personal-name POS appears on a common-word reading; review sense-specific tags,
hsk-old-6-东张西望,6,东张西望,東張西望,dōng zhāng xī wàng,look in all directions,no lexical issue identified in this pass,,,,,45162,True,True,True,True,True,True,6,True,6,,
hsk-old-6-东道主,6,东道主,東道主,dōng dào zhǔ,host for a party or conference,no lexical issue identified in this pass,,,,,45178,True,True,True,True,True,True,6,True,6,,
hsk-old-6-丢三落四,6,丢三落四,丟三落四,diū sān là sì,forgetful,no lexical issue identified in this pass,,,,,45194,True,True,True,True,True,True,6,True,6,no part-of-speech metadata; allowed by the current data contract,
hsk-old-6-丢人,6,丢人,丟人,diū rén,lose face,no lexical issue identified in this pass,,,,,45208,True,True,True,True,True,True,6,True,6,,
hsk-old-6-严厉,6,严厉,嚴厲,yán lì,strict,no lexical issue identified in this pass,,,,,45223,True,True,True,True,True,True,6,True,6,,
hsk-old-6-严密,6,严密,嚴密,yán mì,strict,no lexical issue identified in this pass,,,,,45240,True,True,True,True,True,True,6,True,6,,
hsk-old-6-严寒,6,严寒,嚴寒,yán hán,bitter cold,no lexical issue identified in this pass,,,,,45257,True,True,True,True,True,True,6,True,6,,
hsk-old-6-严峻,6,严峻,嚴峻,yán jùn,grim,no lexical issue identified in this pass,,,,,45274,True,True,True,True,True,True,6,True,6,,
hsk-old-6-严禁,6,严禁,嚴禁,yán jìn,strictly prohibit,no lexical issue identified in this pass,,,,,45291,True,True,True,True,True,True,6,True,6,,
hsk-old-6-丧失,6,丧失,喪失,sàng shī,to lose,no lexical issue identified in this pass,,,,,45306,True,True,True,True,True,True,6,True,6,,
hsk-old-6-个体,6,个体,個體,gè tǐ,individual,no lexical issue identified in this pass,,,,,45323,True,True,True,True,True,True,6,True,6,,
hsk-old-6-中央,6,中央,中央,zhōng yāng,central,no lexical issue identified in this pass,,,,,45338,True,True,True,True,True,True,6,True,6,,
hsk-old-6-中断,6,中断,中斷,zhōng duàn,interrupt,no lexical issue identified in this pass,,,,,45356,True,True,True,True,True,True,6,True,6,,
hsk-old-6-中立,6,中立,中立,zhōng lì,neutral,no lexical issue identified in this pass,,,,,45375,True,True,True,True,True,True,6,True,6,,
hsk-old-6-丰收,6,丰收,豐收,fēng shōu,bumper crop,no lexical issue identified in this pass,,,,,45392,True,True,True,True,True,True,6,True,6,,
hsk-old-6-丰满,6,丰满,豐滿,fēng mǎn,plump,no lexical issue identified in this pass,,,,,45408,True,True,True,True,True,True,6,True,6,,
hsk-old-6-丰盛,6,丰盛,豐盛,fēng shèng,sumptuous,no lexical issue identified in this pass,,,,,45426,True,True,True,True,True,True,6,True,6,,
hsk-old-6-串,6,串,串,chuàn,string together,no lexical issue identified in this pass,,,,,45442,True,True,True,True,True,True,6,True,6,,
hsk-old-6-临床,6,临床,臨床,lín chuáng,clinical,no lexical issue identified in this pass,,,,,45469,True,True,True,True,True,True,6,True,6,,
hsk-old-6-丸,6,丸,丸,wán,pill,no lexical issue identified in this pass,,,,,45486,True,True,True,True,True,True,6,True,6,,
hsk-old-6-为期,6,为期,為期,wéi qī,be scheduled for,no lexical issue identified in this pass,,,,,45503,True,True,True,True,True,True,6,True,6,,
hsk-old-6-为难,6,为难,為難,wéi nán,make things difficult for someone,no lexical issue identified in this pass,,,,,45519,True,True,True,True,True,True,6,True,6,,
hsk-old-6-为首,6,为首,為首,wéi shǒu,head,no lexical issue identified in this pass,,,,,45537,True,True,True,True,True,True,6,False,,,
hsk-old-6-主办,6,主办,主辦,zhǔ bàn,to host (a conference or sports event),no lexical issue identified in this pass,,,,,45553,True,True,True,True,True,True,6,True,6,,
hsk-old-6-主导,6,主导,主導,zhǔ dǎo,leading,no lexical issue identified in this pass,,,,,45570,True,True,True,True,True,True,6,True,6,,
hsk-old-6-主权,6,主权,主權,zhǔ quán,sovereignty,no lexical issue identified in this pass,,,,,45591,True,True,True,True,True,True,6,True,6,,
hsk-old-6-主流,6,主流,主流,zhǔ liú,main stream (of a river),finding,P2,definition,mainstream; main current,A river-specific gloss misses the usual social or cultural sense.,45606,True,True,True,True,True,True,6,True,6,,
hsk-old-6-主管,6,主管,主管,zhǔ guǎn,"person in charge of (a position, etc.)",no lexical issue identified in this pass,,,,,45624,True,True,True,True,True,True,6,True,6,,
hsk-old-6-主题,6,主题,主題,zhǔ tí,theme,no lexical issue identified in this pass,,,,,45644,True,True,True,True,True,True,6,True,5,,
hsk-old-6-举世瞩目,6,举世瞩目,舉世矚目,jǔ shì zhǔ mù,attract worldwide attention,no lexical issue identified in this pass,,,,,45660,True,True,True,True,True,True,6,True,6,,
hsk-old-6-举世闻名,6,举世闻名,舉世聞名,jǔ shì wén míng,world-famous (idiom),no lexical issue identified in this pass,,,,,45675,True,True,True,True,True,True,6,False,,,
hsk-old-6-举动,6,举动,舉動,jǔ dòng,action,no lexical issue identified in this pass,,,,,45690,True,True,True,True,True,True,6,True,6,,
hsk-old-6-举足轻重,6,举足轻重,舉足輕重,jǔ zú qīng zhòng,a foot's move sways the balance,finding,P2,idiom,to have a decisive influence,The literal image omits the meaning of the idiom.,45709,True,True,True,True,True,True,6,True,6,,
hsk-old-6-乌黑,6,乌黑,烏黑,wū hēi,jet-black,no lexical issue identified in this pass,,,,,45725,True,True,True,True,True,True,6,True,6,,
hsk-old-6-乐意,6,乐意,樂意,lè yì,be happy/willing do something,no lexical issue identified in this pass,,,,,45741,True,True,True,True,True,True,6,True,6,,
hsk-old-6-乐谱,6,乐谱,樂譜,yuè pǔ,sheet music,no lexical issue identified in this pass,,,,,45760,True,True,True,True,True,True,6,True,6,,
hsk-old-6-乐趣,6,乐趣,樂趣,lè qù,delight,no lexical issue identified in this pass,,,,,45776,True,True,True,True,True,True,6,True,6,,
hsk-old-6-乘务员,6,乘务员,乘務員,chéng wù yuán,"attendant on an airplane, train, boat etc",no lexical issue identified in this pass,,,,,45791,True,True,True,True,True,True,6,False,,,
hsk-old-6-乞丐,6,乞丐,乞丐,qǐ gài,beggar,no lexical issue identified in this pass,,,,,45806,True,True,True,True,True,True,6,True,6,,
hsk-old-6-习俗,6,习俗,習俗,xí sú,custom,no lexical issue identified in this pass,,,,,45821,True,True,True,True,True,True,6,True,6,,
hsk-old-6-乡镇,6,乡镇,鄉鎮,xiāng zhèn,village and town,no lexical issue identified in this pass,,,,,45839,True,True,True,True,True,True,6,True,6,,
hsk-old-6-书法,6,书法,書法,shū fǎ,calligraphy,no lexical issue identified in this pass,,,,,45855,True,True,True,True,True,True,6,True,6,,
hsk-old-6-书籍,6,书籍,書籍,shū jí,books,no lexical issue identified in this pass,,,,,45872,True,True,True,True,True,True,6,True,6,,
hsk-old-6-书记,6,书记,書記,shū ji,secretary,no lexical issue identified in this pass,,,,,45888,True,True,True,True,True,True,6,True,6,,
hsk-old-6-书面,6,书面,書面,shū miàn,in writing,no lexical issue identified in this pass,,,,,45905,True,True,True,True,True,True,6,True,6,,
hsk-old-6-予以,6,予以,予以,yǔ yǐ,to give,no lexical issue identified in this pass,,,,,45923,True,True,True,True,True,True,6,False,,,
hsk-old-6-争先恐后,6,争先恐后,爭先恐後,zhēng xiān kǒng hòu,striving to be first,no lexical issue identified in this pass,,,,,45940,True,True,True,True,True,True,6,True,6,,
hsk-old-6-争夺,6,争夺,爭奪,zhēng duó,fight over,no lexical issue identified in this pass,,,,,45955,True,True,True,True,True,True,6,True,6,,
hsk-old-6-争气,6,争气,爭氣,zhēng qì,work hard for sth.,finding,P2,definition,to make someone proud through one's efforts,Work hard for something omits the implication of proving one's worth.,45973,True,True,True,True,True,True,6,True,6,,
hsk-old-6-争端,6,争端,爭端,zhēng duān,dispute,no lexical issue identified in this pass,,,,,45990,True,True,True,True,True,True,6,True,6,,
hsk-old-6-争议,6,争议,爭議,zhēng yì,controversy,no lexical issue identified in this pass,,,,,46007,True,True,True,True,True,True,6,True,6,,
hsk-old-6-事业,6,事业,事業,shì yè,undertaking,no lexical issue identified in this pass,,,,,46025,True,True,True,True,True,True,6,True,6,,
hsk-old-6-事件,6,事件,事件,shì jiàn,event,no lexical issue identified in this pass,,,,,46046,True,True,True,True,True,True,6,True,6,,
hsk-old-6-事务,6,事务,事務,shì wù,affairs,no lexical issue identified in this pass,,,,,46063,True,True,True,True,True,True,6,True,6,,
hsk-old-6-事态,6,事态,事態,shì tài,situation,no lexical issue identified in this pass,,,,,46080,True,True,True,True,True,True,6,True,6,,
hsk-old-6-事故,6,事故,事故,shì gù,accident,no lexical issue identified in this pass,,,,,46096,True,True,True,True,True,True,6,True,6,,
hsk-old-6-事迹,6,事迹,事跡,shì jì,achievement,finding,P3,traditional variant,Compare 事蹟 with the bundled 事跡,The current dictionary gives a different traditional spelling; spelling policy needs an explicit choice.,46111,True,True,True,True,False,True,6,True,6,,
hsk-old-6-事项,6,事项,事項,shì xiàng,matter,no lexical issue identified in this pass,,,,,46128,True,True,True,True,True,True,6,True,6,,
hsk-old-6-二氧化碳,6,二氧化碳,二氧化碳,èr yǎng huà tàn,carbon dioxide,no lexical issue identified in this pass,,,,,46144,True,True,True,True,True,True,6,True,6,,
hsk-old-6-亏待,6,亏待,虧待,kuī dài,treat sb. unfairly,no lexical issue identified in this pass,,,,,46159,True,True,True,True,True,True,6,True,6,,
hsk-old-6-亏损,6,亏损,虧損,kuī sǔn,deficit,no lexical issue identified in this pass,,,,,46174,True,True,True,True,True,True,6,True,6,,
hsk-old-6-互联网,6,互联网,互聯網,Hù lián wǎng,Internet,no lexical issue identified in this pass,,,,,46191,True,True,True,True,True,True,6,True,4,,
hsk-old-6-井,6,井,井,jǐng,a well,no lexical issue identified in this pass,,,,,46206,True,True,True,True,True,True,6,True,6,,
hsk-old-6-亚军,6,亚军,亞軍,yà jūn,second place,no lexical issue identified in this pass,,,,,46223,True,True,True,True,True,True,6,True,6,,
hsk-old-6-交代,6,交代,交代,jiāo dài,explain,no lexical issue identified in this pass,,,,,46239,True,True,True,True,True,True,6,True,6,,
hsk-old-6-交叉,6,交叉,交叉,jiāo chā,cross,no lexical issue identified in this pass,,,,,46259,True,True,True,True,True,True,6,True,6,,
hsk-old-6-交往,6,交往,交往,jiāo wǎng,to associate,no lexical issue identified in this pass,,,,,46278,True,True,True,True,True,True,6,True,5,,
hsk-old-6-交易,6,交易,交易,jiāo yì,business transaction,no lexical issue identified in this pass,,,,,46300,True,True,True,True,True,True,6,True,6,,
hsk-old-6-交涉,6,交涉,交涉,jiāo shè,negotiate,no lexical issue identified in this pass,,,,,46318,True,True,True,True,True,True,6,True,6,,
hsk-old-6-亦,6,亦,亦,yì,also,no lexical issue identified in this pass,,,,,46335,True,True,True,True,True,True,6,True,6,,
hsk-old-6-产业,6,产业,產業,chǎn yè,industry,no lexical issue identified in this pass,,,,,46350,True,True,True,True,True,True,6,True,6,,
hsk-old-6-亭子,6,亭子,亭子,tíng zi,pavilion,no lexical issue identified in this pass,,,,,46368,True,True,True,True,True,True,6,True,6,,
hsk-old-6-亲热,6,亲热,親熱,qīn rè,intimate,no lexical issue identified in this pass,,,,,46383,True,True,True,True,True,True,6,True,6,,
hsk-old-6-亲身,6,亲身,親身,qīn shēn,personal,no lexical issue identified in this pass,,,,,46401,True,True,True,True,True,True,6,False,,,
hsk-old-6-人为,6,人为,人為,rén wéi,artificial,no lexical issue identified in this pass,,,,,46418,True,True,True,True,True,True,6,True,6,,
hsk-old-6-人士,6,人士,人士,rén shì,person,no lexical issue identified in this pass,,,,,46437,True,True,True,True,True,True,6,True,6,,
hsk-old-6-人家,6,人家,人家,rén jia,other people,no lexical issue identified in this pass,,,,,46454,True,True,True,True,True,True,6,True,6,,
hsk-old-6-人工,6,人工,人工,rén gōng,man-made,no lexical issue identified in this pass,,,,,46473,True,True,True,True,True,True,6,True,6,,artificial
hsk-old-6-人性,6,人性,人性,rén xìng,human nature,no lexical issue identified in this pass,,,,,46492,True,True,True,True,True,True,6,True,6,,
hsk-old-6-人格,6,人格,人格,rén gé,personality,no lexical issue identified in this pass,,,,,46510,True,True,True,True,True,True,6,True,6,,
hsk-old-6-人质,6,人质,人質,rén zhì,hostage,no lexical issue identified in this pass,,,,,46527,True,True,True,True,True,True,6,True,6,,
hsk-old-6-人道,6,人道,人道,rén dào,humanitarianism,no lexical issue identified in this pass,,,,,46542,True,True,True,True,True,True,6,True,6,,
hsk-old-6-人间,6,人间,人間,rén jiān,man's world,no lexical issue identified in this pass,,,,,46561,True,True,True,True,True,True,6,True,6,,
hsk-old-6-仁慈,6,仁慈,仁慈,rén cí,benevolent,no lexical issue identified in this pass,,,,,46577,True,True,True,True,True,True,6,True,6,,
hsk-old-6-仍旧,6,仍旧,仍舊,réng jiù,still (remaining),no lexical issue identified in this pass,,,,,46597,True,True,True,True,True,True,6,True,6,,
hsk-old-6-从容不迫,6,从容不迫,從容不迫,cóng róng bù pò,calm,no lexical issue identified in this pass,,,,,46614,True,True,True,True,True,True,6,False,,,
hsk-old-6-仓促,6,仓促,倉促,cāng cù,hurried,no lexical issue identified in this pass,,,,,46630,True,True,True,True,True,True,6,True,6,,
hsk-old-6-仓库,6,仓库,倉庫,cāng kù,depot,no lexical issue identified in this pass,,,,,46647,True,True,True,True,True,True,6,True,6,,
hsk-old-6-代价,6,代价,代價,dài jià,price,no lexical issue identified in this pass,,,,,46664,True,True,True,True,True,True,6,True,6,,
hsk-old-6-代理,6,代理,代理,dài lǐ,acting (temporarily filling a position),no lexical issue identified in this pass,,,,,46681,True,True,True,True,True,True,6,True,6,,
hsk-old-6-以便,6,以便,以便,yǐ biàn,so that,no lexical issue identified in this pass,,,,,46700,True,True,True,True,True,True,6,True,6,,
hsk-old-6-以免,6,以免,以免,yǐ miǎn,so as not to,no lexical issue identified in this pass,,,,,46718,True,True,True,True,True,True,6,True,6,,
hsk-old-6-以往,6,以往,以往,yǐ wǎng,in the past,no lexical issue identified in this pass,,,,,46735,True,True,True,True,True,True,6,True,6,,
hsk-old-6-以至,6,以至,以至,yǐ zhì,down to,finding,P2,grammar,to the extent that; even,Down to is an incomplete explanation of the connective.,46751,True,True,True,True,True,True,6,True,6,,
hsk-old-6-以致,6,以致,以致,yǐ zhì,so that,no lexical issue identified in this pass,,,,,46769,True,True,True,True,True,True,6,True,6,,down to
hsk-old-6-仪器,6,仪器,儀器,yí qì,apparatus,no lexical issue identified in this pass,,,,,46786,True,True,True,True,True,True,6,True,6,,
hsk-old-6-仪式,6,仪式,儀式,yí shì,ceremony,no lexical issue identified in this pass,,,,,46801,True,True,True,True,True,True,6,True,6,,
hsk-old-6-任命,6,任命,任命,rèn mìng,appoint and nominate,no lexical issue identified in this pass,,,,,46816,True,True,True,True,True,True,6,True,6,,
hsk-old-6-任性,6,任性,任性,rèn xìng,willful,no lexical issue identified in this pass,,,,,46833,True,True,True,True,True,True,6,True,6,,
hsk-old-6-任意,6,任意,任意,rèn yì,arbitrarily,no lexical issue identified in this pass,,,,,46851,True,True,True,True,True,True,6,True,6,,
hsk-old-6-任重道远,6,任重道远,任重道遠,rèn zhòng dào yuǎn,lit. a heavy load and a long road,finding,P2,idiom,to have a heavy responsibility and a long way to go,The literal gloss needs its figurative significance.,46870,True,True,True,True,True,True,6,True,6,,
hsk-old-6-休养,6,休养,休養,xiū yǎng,to recuperate,no lexical issue identified in this pass,,,,,46886,True,True,True,True,True,True,6,False,,,
hsk-old-6-众所周知,6,众所周知,眾所周知,zhòng suǒ zhōu zhī,as everyone knows,no lexical issue identified in this pass,,,,,46904,True,True,True,True,True,True,6,True,6,,
hsk-old-6-优先,6,优先,優先,yōu xiān,priority,no lexical issue identified in this pass,,,,,46919,True,True,True,True,True,True,6,True,6,,
hsk-old-6-优异,6,优异,優異,yōu yì,exceptional,no lexical issue identified in this pass,,,,,46936,True,True,True,True,True,True,6,True,6,,
hsk-old-6-优胜劣汰,6,优胜劣汰,優勝劣汰,yōu shèng liè tài,survival of the fittest,no lexical issue identified in this pass,,,,,46951,True,True,True,True,True,True,6,True,6,,
hsk-old-6-优越,6,优越,優越,yōu yuè,superior,no lexical issue identified in this pass,,,,,46966,True,True,True,True,True,True,6,True,6,,
hsk-old-6-会晤,6,会晤,會晤,huì wù,meet,no lexical issue identified in this pass,,,,,46983,True,True,True,True,True,True,6,True,6,,
hsk-old-6-传单,6,传单,傳單,chuán dān,leaflet,no lexical issue identified in this pass,,,,,47001,True,True,True,True,True,True,6,True,6,,
hsk-old-6-传授,6,传授,傳授,chuán shòu,impart,no lexical issue identified in this pass,,,,,47016,True,True,True,True,True,True,6,True,6,,
hsk-old-6-传记,6,传记,傳記,zhuàn jì,biography,no lexical issue identified in this pass,,,,,47032,True,True,True,True,True,True,6,True,6,,
hsk-old-6-传达,6,传达,傳達,chuán dá,convey,no lexical issue identified in this pass,,,,,47047,True,True,True,True,True,True,6,True,6,,
hsk-old-6-伤脑筋,6,伤脑筋,傷腦筋,shāng nǎo jīn,troublesome,no lexical issue identified in this pass,,,,,47067,True,True,True,True,True,True,6,True,6,,
hsk-old-6-伪造,6,伪造,偽造,wěi zào,forge,no lexical issue identified in this pass,,,,,47084,True,True,True,True,True,True,6,True,6,,
hsk-old-6-伯母,6,伯母,伯母,bó mǔ,aunt,no lexical issue identified in this pass,,,,,47102,True,True,True,True,True,True,6,True,6,,
hsk-old-6-伴侣,6,伴侣,伴侶,bàn lǚ,companion,no lexical issue identified in this pass,,,,,47119,True,True,True,True,True,True,6,True,6,,
hsk-old-6-伴随,6,伴随,伴隨,bàn suí,accompany,no lexical issue identified in this pass,,,,,47136,True,True,True,True,True,True,6,True,6,,
hsk-old-6-伶俐,6,伶俐,伶俐,líng lì,clever,no lexical issue identified in this pass,,,,,47154,True,True,True,True,True,True,6,True,6,,
hsk-old-6-伺候,6,伺候,伺候,cì hou,serve,no lexical issue identified in this pass,,,,,47171,True,True,True,True,True,True,6,True,6,,
hsk-old-6-位于,6,位于,位於,wèi yú,be located at,no lexical issue identified in this pass,,,,,47186,True,True,True,True,True,True,6,True,5,,
hsk-old-6-住宅,6,住宅,住宅,zhù zhái,residence,no lexical issue identified in this pass,,,,,47203,True,True,True,True,True,True,6,True,6,,
hsk-old-6-体系,6,体系,體系,tǐ xì,system,no lexical issue identified in this pass,,,,,47218,True,True,True,True,True,True,6,True,6,,
hsk-old-6-体谅,6,体谅,體諒,tǐ liàng,empathize,no lexical issue identified in this pass,,,,,47234,True,True,True,True,True,True,6,True,6,,
hsk-old-6-体面,6,体面,體面,tǐ miàn,dignity,no lexical issue identified in this pass,,,,,47252,True,True,True,True,True,True,6,True,6,,
hsk-old-6-作废,6,作废,作廢,zuò fèi,cancellation,no lexical issue identified in this pass,,,,,47271,True,True,True,True,True,True,6,True,6,,
hsk-old-6-作弊,6,作弊,作弊,zuò bì,practice fraud,no lexical issue identified in this pass,,,,,47289,True,True,True,True,True,True,6,True,6,,
hsk-old-6-作息,6,作息,作息,zuò xī,work and rest,no lexical issue identified in this pass,,,,,47307,True,True,True,True,True,True,6,True,6,,
hsk-old-6-作风,6,作风,作風,zuò fēng,work style,no lexical issue identified in this pass,,,,,47323,True,True,True,True,True,True,6,True,6,,
hsk-old-6-佳肴,6,佳肴,佳餚,jiā yáo,delicacy,no lexical issue identified in this pass,,,,,47340,True,True,True,True,True,True,6,True,6,,
hsk-old-6-使命,6,使命,使命,shǐ mìng,a (diplomatic or other) mission,no lexical issue identified in this pass,,,,,47357,True,True,True,True,True,True,6,True,6,,
hsk-old-6-例外,6,例外,例外,lì wài,(make an) exception,no lexical issue identified in this pass,,,,,47374,True,True,True,True,True,True,6,True,6,,
hsk-old-6-供不应求,6,供不应求,供不應求,gōng bù yìng qiú,(saying) demand outstrips supply,no lexical issue identified in this pass,,,,,47391,True,True,True,True,True,True,6,True,6,,
hsk-old-6-供给,6,供给,供給,gōng jǐ,to furnish,no lexical issue identified in this pass,,,,,47406,True,True,True,True,True,True,6,True,6,,
hsk-old-6-依托,6,依托,依託,yī tuō,rely on,no lexical issue identified in this pass,,,,,47424,True,True,True,True,True,True,6,True,6,,
hsk-old-6-依据,6,依据,依據,yī jù,according to,no lexical issue identified in this pass,,,,,47442,True,True,True,True,True,True,6,True,6,,
hsk-old-6-依旧,6,依旧,依舊,yī jiù,as before,no lexical issue identified in this pass,,,,,47461,True,True,True,True,True,True,6,True,6,,
hsk-old-6-依次,6,依次,依次,yī cì,in order,no lexical issue identified in this pass,,,,,47478,True,True,True,True,True,True,6,False,,,
hsk-old-6-依赖,6,依赖,依賴,yī lài,depend on,no lexical issue identified in this pass,,,,,47494,True,True,True,True,True,True,6,True,6,,
hsk-old-6-依靠,6,依靠,依靠,yī kào,rely on,no lexical issue identified in this pass,,,,,47511,True,True,True,True,True,True,6,True,6,,
hsk-old-6-侦探,6,侦探,偵探,zhēn tàn,detective,no lexical issue identified in this pass,,,,,47528,True,True,True,True,True,True,6,True,6,,
hsk-old-6-侧面,6,侧面,側面,cè miàn,side,no lexical issue identified in this pass,,,,,47545,True,True,True,True,True,True,6,True,6,,
hsk-old-6-侮辱,6,侮辱,侮辱,wǔ rǔ,to insult,no lexical issue identified in this pass,,,,,47563,True,True,True,True,True,True,6,True,6,,
hsk-old-6-侵犯,6,侵犯,侵犯,qīn fàn,encroach on,no lexical issue identified in this pass,,,,,47581,True,True,True,True,True,True,6,True,6,,
hsk-old-6-便于,6,便于,便於,biàn yú,be easy,no lexical issue identified in this pass,,,,,47600,True,True,True,True,True,True,6,True,6,,
hsk-old-6-便利,6,便利,便利,biàn lì,convenient,no lexical issue identified in this pass,,,,,47615,True,True,True,True,True,True,6,True,6,,
hsk-old-6-便条,6,便条,便條,biàn tiáo,informal note,no lexical issue identified in this pass,,,,,47635,True,True,True,True,True,True,6,True,6,,
hsk-old-6-俗话,6,俗话,俗話,sú huà,common saying,no lexical issue identified in this pass,,,,,47650,True,True,True,True,True,True,6,True,6,,
hsk-old-6-俘虏,6,俘虏,俘虜,fú lǔ,captive,no lexical issue identified in this pass,,,,,47666,True,True,True,True,True,True,6,True,6,,
hsk-old-6-保养,6,保养,保養,bǎo yǎng,take good care of (or conserve) one's health,no lexical issue identified in this pass,,,,,47682,True,True,True,True,True,True,6,True,6,,
hsk-old-6-保卫,6,保卫,保衛,bǎo wèi,defend,no lexical issue identified in this pass,,,,,47701,True,True,True,True,True,True,6,True,6,,
hsk-old-6-保姆,6,保姆,保姆,bǎo mǔ,nanny,no lexical issue identified in this pass,,,,,47718,True,True,True,True,True,True,6,True,6,,
hsk-old-6-保守,6,保守,保守,bǎo shǒu,"conservative (ideas, estimates, politically, etc.)",no lexical issue identified in this pass,,,,,47734,True,True,True,True,True,True,6,True,6,,
hsk-old-6-保密,6,保密,保密,bǎo mì,keep secret/confidential,no lexical issue identified in this pass,,,,,47753,True,True,True,True,True,True,6,True,6,,
hsk-old-6-保管,6,保管,保管,bǎo guǎn,assure,finding,P2,definition,to keep safe; to take care of,Assure is a contextual secondary use and a poor sole gloss.,47770,True,True,True,True,True,True,6,True,6,,
hsk-old-6-保重,6,保重,保重,bǎo zhòng,take care (of oneself),no lexical issue identified in this pass,,,,,47792,True,True,True,True,True,True,6,True,6,,
hsk-old-6-保障,6,保障,保障,bǎo zhàng,ensure,no lexical issue identified in this pass,,,,,47807,True,True,True,True,True,True,6,True,6,,
hsk-old-6-信仰,6,信仰,信仰,xìn yǎng,firm belief,no lexical issue identified in this pass,,,,,47825,True,True,True,True,True,True,6,True,6,,
hsk-old-6-信念,6,信念,信念,xìn niàn,faith,no lexical issue identified in this pass,,,,,47844,True,True,True,True,True,True,6,True,6,,
hsk-old-6-信誉,6,信誉,信譽,xìn yù,reputation,no lexical issue identified in this pass,,,,,47861,True,True,True,True,True,True,6,True,6,,
hsk-old-6-信赖,6,信赖,信賴,xìn lài,trust,no lexical issue identified in this pass,,,,,47879,True,True,True,True,True,True,6,True,6,,
hsk-old-6-修复,6,修复,修復,xiū fù,restoration,no lexical issue identified in this pass,,,,,47898,True,True,True,True,True,True,6,True,6,,
hsk-old-6-修建,6,修建,修建,xiū jiàn,to build,no lexical issue identified in this pass,,,,,47915,True,True,True,True,True,True,6,True,6,,
hsk-old-6-修理,6,修理,修理,xiū lǐ,to repair,no lexical issue identified in this pass,,,,,47932,True,True,True,True,True,True,6,True,4,,
hsk-old-6-俯仰,6,俯仰,俯仰,fǔ yǎng,lowering and raising of the head,no lexical issue identified in this pass,,,,,47953,True,True,True,True,True,True,6,False,,no part-of-speech metadata; allowed by the current data contract,
hsk-old-6-倒闭,6,倒闭,倒閉,dǎo bì,go bankrupt,no lexical issue identified in this pass,,,,,47968,True,True,True,True,True,True,6,True,6,,
hsk-old-6-倘若,6,倘若,倘若,tǎng ruò,provided that,no lexical issue identified in this pass,,,,,47985,True,True,True,True,True,True,6,True,6,,
hsk-old-6-候选,6,候选,候選,hòu xuǎn,candidate,no lexical issue identified in this pass,,,,,48000,True,True,True,True,True,True,6,True,6,,
hsk-old-6-借助,6,借助,借助,jiè zhù,get help from,no lexical issue identified in this pass,,,,,48016,True,True,True,True,True,True,6,True,6,,
hsk-old-6-借鉴,6,借鉴,借鑒,jiè jiàn,take example by,no lexical issue identified in this pass,,,,,48032,True,True,True,True,True,True,6,True,6,,
hsk-old-6-倡导,6,倡导,倡導,chàng dǎo,to advocate,no lexical issue identified in this pass,,,,,48050,True,True,True,True,True,True,6,True,6,,
hsk-old-6-倡议,6,倡议,倡議,chàng yì,suggest,no lexical issue identified in this pass,,,,,48068,True,True,True,True,True,True,6,True,6,,
hsk-old-6-债券,6,债券,債券,zhài quàn,bond,no lexical issue identified in this pass,,,,,48087,True,True,True,True,True,True,6,True,6,,
hsk-old-6-值班,6,值班,值班,zhí bān,be on duty,no lexical issue identified in this pass,,,,,48103,True,True,True,True,True,True,6,True,6,,
hsk-old-6-倾向,6,倾向,傾向,qīng xiàng,trend,no lexical issue identified in this pass,,,,,48120,True,True,True,True,True,True,6,True,6,,
hsk-old-6-倾听,6,倾听,傾聽,qīng tīng,listen attentively,no lexical issue identified in this pass,,,,,48138,True,True,True,True,True,True,6,True,6,,
hsk-old-6-倾斜,6,倾斜,傾斜,qīng xié,incline,no lexical issue identified in this pass,,,,,48153,True,True,True,True,True,True,6,True,6,,
hsk-old-6-假使,6,假使,假使,jiǎ shǐ,if,no lexical issue identified in this pass,,,,,48173,True,True,True,True,True,True,6,False,,,
hsk-old-6-假设,6,假设,假設,jiǎ shè,suppose that,no lexical issue identified in this pass,,,,,48191,True,True,True,True,True,True,6,True,5,,
hsk-old-6-偏偏,6,偏偏,偏偏,piān piān,unexpectedly,no lexical issue identified in this pass,,,,,48213,True,True,True,True,True,True,6,True,6,,
hsk-old-6-偏僻,6,偏僻,偏僻,piān pì,remote and isolated,no lexical issue identified in this pass,,,,,48235,True,True,True,True,True,True,6,True,6,,
hsk-old-6-偏差,6,偏差,偏差,piān chā,bias,no lexical issue identified in this pass,,,,,48252,True,True,True,True,True,True,6,True,6,,
hsk-old-6-偏见,6,偏见,偏見,piān jiàn,prejudice,no lexical issue identified in this pass,,,,,48268,True,True,True,True,True,True,6,True,6,,
hsk-old-6-做东,6,做东,做東,zuò dōng,to act as host,no lexical issue identified in this pass,,,,,48284,True,True,True,True,True,True,6,False,,,
hsk-old-6-做主,6,做主,做主,zuò zhǔ,decide,no lexical issue identified in this pass,,,,,48299,True,True,True,True,True,True,6,True,6,,
hsk-old-6-停泊,6,停泊,停泊,tíng bó,anchor,no lexical issue identified in this pass,,,,,48314,True,True,True,True,True,True,6,True,6,,
hsk-old-6-停滞,6,停滞,停滯,tíng zhì,stagnation,no lexical issue identified in this pass,,,,,48331,True,True,True,True,True,True,6,True,6,,
hsk-old-6-停顿,6,停顿,停頓,tíng dùn,pause,no lexical issue identified in this pass,,,,,48349,True,True,True,True,True,True,6,True,6,,
hsk-old-6-健全,6,健全,健全,jiàn quán,Perfect,no lexical issue identified in this pass,,,,,48367,True,True,True,True,True,True,6,True,6,,
hsk-old-6-偿还,6,偿还,償還,cháng huán,repay,no lexical issue identified in this pass,,,,,48384,True,True,True,True,True,True,6,True,6,,
hsk-old-6-储备,6,储备,儲備,chǔ bèi,reserves,no lexical issue identified in this pass,,,,,48401,True,True,True,True,True,True,6,True,6,,
hsk-old-6-储存,6,储存,儲存,chǔ cún,stockpile,no lexical issue identified in this pass,,,,,48419,True,True,True,True,True,True,6,True,6,,
hsk-old-6-储蓄,6,储蓄,儲蓄,chǔ xù,to save,no lexical issue identified in this pass,,,,,48438,True,True,True,True,True,True,6,True,6,,
hsk-old-6-僵硬,6,僵硬,僵硬,jiāng yìng,stiff,no lexical issue identified in this pass,,,,,48457,True,True,True,True,True,True,6,True,6,,
hsk-old-6-元宵节,6,元宵节,元宵節,Yuán xiāo jié,the Lantern Festival,no lexical issue identified in this pass,,,,,48473,True,True,True,True,True,True,6,True,6,no part-of-speech metadata; allowed by the current data contract,
hsk-old-6-元素,6,元素,元素,yuán sù,element,no lexical issue identified in this pass,,,,,48486,True,True,True,True,True,True,6,True,6,,
hsk-old-6-元首,6,元首,元首,yuán shǒu,head of state,no lexical issue identified in this pass,,,,,48503,True,True,True,True,True,True,6,True,6,,
hsk-old-6-充实,6,充实,充實,chōng shí,substantial,no lexical issue identified in this pass,,,,,48518,True,True,True,True,True,True,6,True,6,,
hsk-old-6-充当,6,充当,充當,chōng dāng,serve as,no lexical issue identified in this pass,,,,,48539,True,True,True,True,True,True,6,True,6,,
hsk-old-6-充沛,6,充沛,充沛,chōng pèi,abundant,no lexical issue identified in this pass,,,,,48556,True,True,True,True,True,True,6,True,6,,
hsk-old-6-充足,6,充足,充足,chōng zú,adequate,no lexical issue identified in this pass,,,,,48573,True,True,True,True,True,True,6,True,6,,
hsk-old-6-先前,6,先前,先前,xiān qián,before,no lexical issue identified in this pass,,,,,48590,True,True,True,True,True,True,6,True,6,,
hsk-old-6-先进,6,先进,先進,xiān jìn,advanced (technology),no lexical issue identified in this pass,,,,,48605,True,True,True,True,True,True,6,True,6,,
hsk-old-6-光彩,6,光彩,光彩,guāng cǎi,splendor,no lexical issue identified in this pass,,,,,48622,True,True,True,True,True,True,6,True,6,,
hsk-old-6-光芒,6,光芒,光芒,guāng máng,rays of light,no lexical issue identified in this pass,,,,,48641,True,True,True,True,True,True,6,True,6,,
hsk-old-6-光辉,6,光辉,光輝,guāng huī,radiance,no lexical issue identified in this pass,,,,,48658,True,True,True,True,True,True,6,True,6,,
hsk-old-6-免得,6,免得,免得,miǎn de,so as not to,no lexical issue identified in this pass,,,,,48677,True,True,True,True,True,True,6,True,6,,
hsk-old-6-免疫,6,免疫,免疫,miǎn yì,immune,no lexical issue identified in this pass,,,,,48692,True,True,True,True,True,True,6,True,6,,
hsk-old-6-兑换,6,兑换,兌換,duì huàn,to exchange,no lexical issue identified in this pass,,,,,48709,True,True,True,True,True,True,6,True,5,,
hsk-old-6-兑现,6,兑现,兌現,duì xiàn,cash a check,no lexical issue identified in this pass,,,,,48726,True,True,True,True,True,True,6,True,6,,
hsk-old-6-党,6,党,黨,dǎng,party,no lexical issue identified in this pass,,,,,48743,True,True,True,True,True,True,6,True,6,,
hsk-old-6-兜,6,兜,兜,dōu,pocket,no lexical issue identified in this pass,,,,,48761,True,True,True,True,True,True,6,True,6,,
hsk-old-6-兢兢业业,6,兢兢业业,兢兢業業,jīng jīng yè yè,cautious and conscientious,no lexical issue identified in this pass,,,,,48785,True,True,True,True,True,True,6,True,6,,
hsk-old-6-全力以赴,6,全力以赴,全力以赴,quán lì yǐ fù,do at all costs,finding,P2,idiom,to devote all one's effort,Do at all costs adds a willingness to pay any price that the idiom does not require.,48801,True,True,True,True,True,True,6,True,6,,
hsk-old-6-全局,6,全局,全局,quán jú,overall situation,no lexical issue identified in this pass,,,,,48817,True,True,True,True,True,True,6,True,6,,
hsk-old-6-公关,6,公关,公關,gōng guān,public relations,no lexical issue identified in this pass,,,,,48832,True,True,True,True,True,True,6,True,6,,
hsk-old-6-公务,6,公务,公務,gōng wù,public affairs,no lexical issue identified in this pass,,,,,48847,True,True,True,True,True,True,6,True,6,,
hsk-old-6-公告,6,公告,公告,gōng gào,post,finding,P2,definition,public announcement; to announce publicly,Post is too vague to distinguish the official-notice meaning.,48862,True,True,True,True,True,True,6,True,6,,
hsk-old-6-公婆,6,公婆,公婆,gōng pó,husband's parents,no lexical issue identified in this pass,,,,,48879,True,True,True,True,True,True,6,False,,,
hsk-old-6-公安局,6,公安局,公安局,gōng ān jú,public security bureau,no lexical issue identified in this pass,,,,,48895,True,True,True,True,True,True,6,True,6,,
hsk-old-6-公式,6,公式,公式,gōng shì,formula,no lexical issue identified in this pass,,,,,48910,True,True,True,True,True,True,6,True,6,,
hsk-old-6-公正,6,公正,公正,gōng zhèng,just,no lexical issue identified in this pass,,,,,48925,True,True,True,True,True,True,6,True,6,,
hsk-old-6-公民,6,公民,公民,gōng mín,citizen,no lexical issue identified in this pass,,,,,48942,True,True,True,True,True,True,6,True,6,,
hsk-old-6-公然,6,公然,公然,gōng rán,(do something) openly,no lexical issue identified in this pass,,,,,48957,True,True,True,True,True,True,6,True,6,,
hsk-old-6-公认,6,公认,公認,gōng rèn,publicly know (to be),finding,P2,definition,widely recognized; generally accepted,Publicly know is ungrammatical and obscures recognition.,48974,True,True,True,True,True,True,6,True,6,,
hsk-old-6-公证,6,公证,公證,gōng zhèng,notarization,no lexical issue identified in this pass,,,,,48990,True,True,True,True,True,True,6,True,6,,
hsk-old-6-公道,6,公道,公道,gōng dao,fair,no lexical issue identified in this pass,,,,,49009,True,True,True,True,True,True,6,True,6,,
hsk-old-6-共和国,6,共和国,共和國,gòng hé guó,republic,no lexical issue identified in this pass,,,,,49026,True,True,True,True,True,True,6,True,6,,
hsk-old-6-共计,6,共计,共計,gòng jì,sum up,no lexical issue identified in this pass,,,,,49041,True,True,True,True,True,True,6,True,6,,
hsk-old-6-共鸣,6,共鸣,共鳴,gòng míng,physical resonance,no lexical issue identified in this pass,,,,,49057,True,True,True,True,True,True,6,True,6,,
hsk-old-6-关照,6,关照,關照,guān zhào,concern,no lexical issue identified in this pass,,,,,49074,True,True,True,True,True,True,6,True,6,,
hsk-old-6-兴旺,6,兴旺,興旺,xīng wàng,prosperous,no lexical issue identified in this pass,,,,,49094,True,True,True,True,True,True,6,True,6,,
hsk-old-6-兴致勃勃,6,兴致勃勃,興致勃勃,xìng zhì bó bó,in high spirits,no lexical issue identified in this pass,,,,,49113,True,True,True,True,True,True,6,True,6,,
hsk-old-6-兴隆,6,兴隆,興隆,xīng lóng,prosperous,no lexical issue identified in this pass,,,,,49129,True,True,True,True,True,True,6,True,6,,
hsk-old-6-兴高采烈,6,兴高采烈,興高采烈,xìng gāo cǎi liè,in high spirits,no lexical issue identified in this pass,,,,,49147,True,True,True,True,True,True,6,True,6,,
hsk-old-6-典型,6,典型,典型,diǎn xíng,typical case,no lexical issue identified in this pass,,,,,49164,True,True,True,True,True,True,6,True,6,,
hsk-old-6-典礼,6,典礼,典禮,diǎn lǐ,celebration,no lexical issue identified in this pass,,,,,49184,True,True,True,True,True,True,6,True,6,,
hsk-old-6-兼职,6,兼职,兼職,jiān zhí,part time,no lexical issue identified in this pass,,,,,49200,True,True,True,True,True,True,6,True,5,,
hsk-old-6-内在,6,内在,內在,nèi zài,intrinsic,no lexical issue identified in this pass,,,,,49218,True,True,True,True,True,True,6,True,6,,
hsk-old-6-内幕,6,内幕,內幕,nèi mù,inside story,no lexical issue identified in this pass,,,,,49236,True,True,True,True,True,True,6,True,6,,
hsk-old-6-内涵,6,内涵,內涵,nèi hán,connotation,no lexical issue identified in this pass,,,,,49254,True,True,True,True,True,True,6,True,6,,
hsk-old-6-再接再厉,6,再接再厉,再接再厲,zài jiē zài lì,continue the struggle,no lexical issue identified in this pass,,,,,49272,True,True,True,True,True,True,6,True,6,,
hsk-old-6-冒充,6,冒充,冒充,mào chōng,pretend to be (somebody or something else),no lexical issue identified in this pass,,,,,49288,True,True,True,True,True,True,6,True,6,,
hsk-old-6-写作,6,写作,寫作,xiě zuò,writing,no lexical issue identified in this pass,,,,,49305,True,True,True,True,True,True,6,True,5,,
hsk-old-6-军队,6,军队,軍隊,jūn duì,army troops,no lexical issue identified in this pass,,,,,49324,True,True,True,True,True,True,6,True,6,,
hsk-old-6-农历,6,农历,農曆,nóng lì,agricultural calendar,finding,P2,definition,traditional Chinese lunar calendar,Agricultural calendar is literal and unclear to learners.,49339,True,True,True,True,True,True,6,True,6,,
hsk-old-6-冤枉,6,冤枉,冤枉,yuān wang,to wrong,no lexical issue identified in this pass,,,,,49355,True,True,True,True,True,True,6,True,6,,
hsk-old-6-冰雹,6,冰雹,冰雹,bīng báo,hail,no lexical issue identified in this pass,,,,,49375,True,True,True,True,True,True,6,True,6,,
hsk-old-6-冲击,6,冲击,衝擊,chōng jī,attack,no lexical issue identified in this pass,,,,,49391,True,True,True,True,True,True,6,True,6,,
hsk-old-6-冲动,6,冲动,衝動,chōng dòng,impulsive,no lexical issue identified in this pass,,,,,49411,True,True,True,True,True,True,6,True,6,,
hsk-old-6-冲突,6,冲突,衝突,chōng tū,conflict,no lexical issue identified in this pass,,,,,49430,True,True,True,True,True,True,6,True,6,,
hsk-old-6-决策,6,决策,決策,jué cè,Make policy,no lexical issue identified in this pass,,,,,49450,True,True,True,True,True,True,6,True,6,,
hsk-old-6-况且,6,况且,況且,kuàng qiě,moreover,no lexical issue identified in this pass,,,,,49470,True,True,True,True,True,True,6,True,6,,
hsk-old-6-冷却,6,冷却,冷卻,lěng què,cooling,no lexical issue identified in this pass,,,,,49488,True,True,True,True,True,True,6,True,6,,
hsk-old-6-冷淡,6,冷淡,冷淡,lěng dàn,cold,no lexical issue identified in this pass,,,,,49504,True,True,True,True,True,True,6,True,5,,
hsk-old-6-冷酷,6,冷酷,冷酷,lěng kù,grim,no lexical issue identified in this pass,,,,,49521,True,True,True,True,True,True,6,True,6,,
hsk-old-6-冻结,6,冻结,凍結,dòng jié,"(loan, wage, price) freeze",no lexical issue identified in this pass,,,,,49537,True,True,True,True,True,True,6,True,6,,
hsk-old-6-凄凉,6,凄凉,淒涼,qī liáng,desolate,no lexical issue identified in this pass,,,,,49554,True,True,True,True,True,True,6,True,6,,
hsk-old-6-准则,6,准则,準則,zhǔn zé,principle,no lexical issue identified in this pass,,,,,49570,True,True,True,True,True,True,6,True,6,,
hsk-old-6-凌晨,6,凌晨,凌晨,líng chén,early in the morning,no lexical issue identified in this pass,,,,,49587,True,True,True,True,True,True,6,True,6,,
hsk-old-6-凑合,6,凑合,湊合,còu he,bring together,finding,P2,definition,to make do; to get by,Bring together is valid but omits the frequent colloquial meaning.,49603,True,True,True,True,True,True,6,True,6,,
hsk-old-6-凝固,6,凝固,凝固,níng gù,curdle,no lexical issue identified in this pass,,,,,49623,True,True,True,True,True,True,6,True,6,,
hsk-old-6-凝聚,6,凝聚,凝聚,níng jù,agglomeration,no lexical issue identified in this pass,,,,,49642,True,True,True,True,True,True,6,True,6,,
hsk-old-6-凝视,6,凝视,凝視,níng shì,gaze,no lexical issue identified in this pass,,,,,49662,True,True,True,True,True,True,6,True,6,,
hsk-old-6-凶恶,6,凶恶,兇惡,xiōng è,fierce,no lexical issue identified in this pass,,,,,49678,True,True,True,True,True,True,6,True,6,,
hsk-old-6-凶手,6,凶手,兇手,xiōng shǒu,murderer,no lexical issue identified in this pass,,,,,49696,True,True,True,True,True,True,6,True,6,,
hsk-old-6-凹凸,6,凹凸,凹凸,āo tū,(of a surface) uneven,no lexical issue identified in this pass,,,,,49712,True,True,True,True,True,True,6,True,6,,
hsk-old-6-出卖,6,出卖,出賣,chū mài,sell,no lexical issue identified in this pass,,,,,49730,True,True,True,True,True,True,6,True,6,,
hsk-old-6-出息,6,出息,出息,chū xi,future prospects,no lexical issue identified in this pass,,,,,49747,True,True,True,True,True,True,6,True,6,,
hsk-old-6-出洋相,6,出洋相,出洋相,chū yáng xiàng,to make a fool of oneself,no lexical issue identified in this pass,,,,,49765,True,True,True,True,True,True,6,False,,,
hsk-old-6-出神,6,出神,出神,chū shén,be lost in thought,no lexical issue identified in this pass,,,,,49780,True,True,True,True,True,True,6,True,6,,
hsk-old-6-出路,6,出路,出路,chū lù,a way out,no lexical issue identified in this pass,,,,,49797,True,True,True,True,True,True,6,True,6,,
hsk-old-6-出身,6,出身,出身,chū shēn,family background,no lexical issue identified in this pass,,,,,49815,True,True,True,True,True,True,6,True,6,,
hsk-old-6-分寸,6,分寸,分寸,fēn cun,propriety,no lexical issue identified in this pass,,,,,49834,True,True,True,True,True,True,6,True,6,,
hsk-old-6-分手,6,分手,分手,fēn shǒu,part company,no lexical issue identified in this pass,,,,,49852,True,True,True,True,True,True,6,True,5,,
hsk-old-6-分散,6,分散,分散,fēn sàn,to scatter,no lexical issue identified in this pass,,,,,49870,True,True,True,True,True,True,6,True,6,,
hsk-old-6-分明,6,分明,分明,fēn míng,clear,no lexical issue identified in this pass,,,,,49889,True,True,True,True,True,True,6,True,6,,
hsk-old-6-分歧,6,分歧,分歧,fēn qí,difference (of opinion/position）,finding,P2,wording,difference of opinion; disagreement,The English gloss mixes ASCII and fullwidth parentheses.,49908,True,True,True,True,True,True,6,True,6,,
hsk-old-6-分泌,6,分泌,分泌,fēn mì,secrete,no lexical issue identified in this pass,,,,,49925,True,True,True,True,True,True,6,True,6,,
hsk-old-6-分红,6,分红,分紅,fēn hóng,a bonus,no lexical issue identified in this pass,,,,,49942,True,True,True,True,True,True,6,True,6,,
hsk-old-6-分裂,6,分裂,分裂,fēn liè,split up,no lexical issue identified in this pass,,,,,49960,True,True,True,True,True,True,6,True,6,,
hsk-old-6-分解,6,分解,分解,fēn jiě,to decompose,no lexical issue identified in this pass,,,,,49980,True,True,True,True,True,True,6,True,6,,
hsk-old-6-分辨,6,分辨,分辨,fēn biàn,distinguish,no lexical issue identified in this pass,,,,,49998,True,True,True,True,True,True,6,True,6,,
hsk-old-6-分量,6,分量,分量,fèn liang,weight,no lexical issue identified in this pass,,,,,50015,True,True,True,True,True,True,6,True,6,,
hsk-old-6-切实,6,切实,切實,qiè shí,realistic,no lexical issue identified in this pass,,,,,50032,True,True,True,True,True,True,6,True,6,,
hsk-old-6-刊物,6,刊物,刊物,kān wù,publication,no lexical issue identified in this pass,,,,,50052,True,True,True,True,True,True,6,True,6,,
hsk-old-6-刊登,6,刊登,刊登,kān dēng,publish in a newspaper,no lexical issue identified in this pass,,,,,50067,True,True,True,True,True,True,6,True,6,,
hsk-old-6-刑事,6,刑事,刑事,xíng shì,criminal,no lexical issue identified in this pass,,,,,50083,True,True,True,True,True,True,6,True,6,,
hsk-old-6-划分,6,划分,劃分,huà fēn,divide up,no lexical issue identified in this pass,,,,,50099,True,True,True,True,True,True,6,True,6,,
hsk-old-6-列举,6,列举,列舉,liè jǔ,make a list,no lexical issue identified in this pass,,,,,50117,True,True,True,True,True,True,6,True,6,,
hsk-old-6-创业,6,创业,創業,chuàng yè,begin an undertaking,no lexical issue identified in this pass,,,,,50134,True,True,True,True,True,True,6,True,6,,
hsk-old-6-创作,6,创作,創作,chuàng zuò,create,no lexical issue identified in this pass,,,,,50155,True,True,True,True,True,True,6,True,6,,
hsk-old-6-创新,6,创新,創新,chuàng xīn,innovate,no lexical issue identified in this pass,,,,,50176,True,True,True,True,True,True,6,True,6,,
hsk-old-6-创立,6,创立,創立,chuàng lì,to found,no lexical issue identified in this pass,,,,,50193,True,True,True,True,True,True,6,True,6,,
hsk-old-6-初步,6,初步,初步,chū bù,initial,no lexical issue identified in this pass,,,,,50211,True,True,True,True,True,True,6,True,6,,
hsk-old-6-判决,6,判决,判決,pàn jué,judgment (by a court of law),no lexical issue identified in this pass,,,,,50229,True,True,True,True,True,True,6,True,6,,
hsk-old-6-利害,6,利害,利害,lì hai,serious,no lexical issue identified in this pass,,,,,50247,True,True,True,True,True,True,6,True,6,,
hsk-old-6-利率,6,利率,利率,lì lǜ,interest rates,no lexical issue identified in this pass,,,,,50270,True,True,True,True,True,True,6,False,,,
hsk-old-6-别墅,6,别墅,別墅,bié shù,villa,no lexical issue identified in this pass,,,,,50285,True,True,True,True,True,True,6,True,6,,
hsk-old-6-别扭,6,别扭,彆扭,biè niu,awkward,no lexical issue identified in this pass,,,,,50300,True,True,True,True,True,True,6,True,6,,
hsk-old-6-别致,6,别致,別緻,bié zhì,unique,no lexical issue identified in this pass,,,,,50321,True,True,True,True,True,True,6,True,6,,
hsk-old-6-制服,6,制服,制服,zhì fú,uniform,no lexical issue identified in this pass,,,,,50336,True,True,True,True,True,True,6,True,6,,
hsk-old-6-制止,6,制止,制止,zhì zhǐ,to curb,no lexical issue identified in this pass,,,,,50357,True,True,True,True,True,True,6,True,6,,
hsk-old-6-制约,6,制约,制約,zhì yuē,restrict,no lexical issue identified in this pass,,,,,50377,True,True,True,True,True,True,6,True,6,,
hsk-old-6-制裁,6,制裁,制裁,zhì cái,punish,no lexical issue identified in this pass,,,,,50394,True,True,True,True,True,True,6,True,6,,
hsk-old-6-制订,6,制订,制訂,zhì dìng,to work out,no lexical issue identified in this pass,,,,,50412,True,True,True,True,True,True,6,False,,,
hsk-old-6-刹车,6,刹车,剎車,shā chē,brake (when driving),no lexical issue identified in this pass,,,,,50429,True,True,True,True,True,True,6,True,6,,
hsk-old-6-刹那,6,刹那,剎那,chà nà,an instant (Sanskrit: ksana),no lexical issue identified in this pass,,,,,50450,True,True,True,True,True,True,6,True,6,,
hsk-old-6-刺,6,刺,刺,cì,thorn,no lexical issue identified in this pass,,,,,50465,True,True,True,True,True,True,6,True,6,,
hsk-old-6-刻不容缓,6,刻不容缓,刻不容緩,kè bù róng huǎn,demand immediate action,no lexical issue identified in this pass,,,,,50488,True,True,True,True,True,True,6,True,6,,
hsk-old-6-削弱,6,削弱,削弱,xuē ruò,weaken,no lexical issue identified in this pass,,,,,50504,True,True,True,True,True,True,6,True,6,,
hsk-old-6-前提,6,前提,前提,qián tí,premise,no lexical issue identified in this pass,,,,,50521,True,True,True,True,True,True,6,True,6,,
hsk-old-6-前景,6,前景,前景,qián jǐng,outlook,no lexical issue identified in this pass,,,,,50538,True,True,True,True,True,True,6,True,6,,
hsk-old-6-剥削,6,剥削,剝削,bō xuē,to exploit,no lexical issue identified in this pass,,,,,50556,True,True,True,True,True,True,6,True,6,,
hsk-old-6-剧本,6,剧本,劇本,jù běn,script for a play,no lexical issue identified in this pass,,,,,50573,True,True,True,True,True,True,6,True,6,,
hsk-old-6-剧烈,6,剧烈,劇烈,jù liè,acute,no lexical issue identified in this pass,,,,,50590,True,True,True,True,True,True,6,True,6,,
hsk-old-6-剪彩,6,剪彩,剪彩,jiǎn cǎi,cut the ribbon at an opening ceremony,no lexical issue identified in this pass,,,,,50607,True,True,True,True,True,True,6,True,6,,
hsk-old-6-副,6,副,副,fù,vice-,no lexical issue identified in this pass,,,,,50623,True,True,True,True,True,True,6,True,6,,
hsk-old-6-副作用,6,副作用,副作用,fù zuò yòng,side effect,no lexical issue identified in this pass,,,,,50645,True,True,True,True,True,True,6,False,,,
hsk-old-6-割,6,割,割,gē,to cut (apart/off),no lexical issue identified in this pass,,,,,50660,True,True,True,True,True,True,6,True,6,,
hsk-old-6-劈,6,劈,劈,pī,split in two,no lexical issue identified in this pass,,,,,50676,True,True,True,True,True,True,6,True,6,,
hsk-old-6-力争,6,力争,力爭,lì zhēng,work hard,no lexical issue identified in this pass,,,,,50694,True,True,True,True,True,True,6,True,6,,
hsk-old-6-力图,6,力图,力圖,lì tú,to try hard to,no lexical issue identified in this pass,,,,,50711,True,True,True,True,True,True,6,False,,,
hsk-old-6-力所能及,6,力所能及,力所能及,lì suǒ néng jí,within one's power,no lexical issue identified in this pass,,,,,50727,True,True,True,True,True,True,6,True,6,,
hsk-old-6-功劳,6,功劳,功勞,gōng láo,contribution,no lexical issue identified in this pass,,,,,50743,True,True,True,True,True,True,6,True,6,,
hsk-old-6-功效,6,功效,功效,gōng xiào,efficiency,no lexical issue identified in this pass,,,,,50760,True,True,True,True,True,True,6,True,6,,
hsk-old-6-功课,6,功课,功課,gōng kè,homework,no lexical issue identified in this pass,,,,,50775,True,True,True,True,True,True,6,False,,,
hsk-old-6-加剧,6,加剧,加劇,jiā jù,aggravate,no lexical issue identified in this pass,,,,,50795,True,True,True,True,True,True,6,True,6,,
hsk-old-6-加工,6,加工,加工,jiā gōng,to process,no lexical issue identified in this pass,,,,,50811,True,True,True,True,True,True,6,True,6,,
hsk-old-6-务实,6,务实,務實,wù shí,pragmatic,no lexical issue identified in this pass,,,,,50829,True,True,True,True,True,True,6,False,,,
hsk-old-6-务必,6,务必,務必,wù bì,must,no lexical issue identified in this pass,,,,,50846,True,True,True,True,True,True,6,True,6,,
hsk-old-6-动力,6,动力,動力,dòng lì,power,no lexical issue identified in this pass,,,,,50863,True,True,True,True,True,True,6,True,6,,
hsk-old-6-动员,6,动员,動員,dòng yuán,mobilize,no lexical issue identified in this pass,,,,,50881,True,True,True,True,True,True,6,True,6,,
hsk-old-6-动态,6,动态,動態,dòng tài,development,no lexical issue identified in this pass,,,,,50898,True,True,True,True,True,True,6,True,6,,
hsk-old-6-动手,6,动手,動手,dòng shǒu,get to work,no lexical issue identified in this pass,,,,,50917,True,True,True,True,True,True,6,True,6,,
hsk-old-6-动机,6,动机,動機,dòng jī,motive,no lexical issue identified in this pass,,,,,50936,True,True,True,True,True,True,6,True,6,,
hsk-old-6-动脉,6,动脉,動脈,dòng mài,artery,no lexical issue identified in this pass,,,,,50951,True,True,True,True,True,True,6,True,6,,
hsk-old-6-动荡,6,动荡,動蕩,dòng dàng,(social or political) turmoil,no lexical issue identified in this pass,,,,,50966,True,True,True,True,True,True,6,True,6,,
hsk-old-6-动身,6,动身,動身,dòng shēn,go on a journey,no lexical issue identified in this pass,,,,,50985,True,True,True,True,True,True,6,True,6,,
hsk-old-6-动静,6,动静,動靜,dòng jìng,sound of activity,no lexical issue identified in this pass,,,,,51001,True,True,True,True,True,True,6,True,6,,
hsk-old-6-助手,6,助手,助手,zhù shǒu,assistant,no lexical issue identified in this pass,,,,,51018,True,True,True,True,True,True,6,True,6,,
hsk-old-6-助理,6,助理,助理,zhù lǐ,assistant,no lexical issue identified in this pass,,,,,51033,True,True,True,True,True,True,6,True,6,,
hsk-old-6-劲头,6,劲头,勁頭,jìn tóu,enthusiasm,no lexical issue identified in this pass,,,,,51048,True,True,True,True,True,True,6,False,,,
hsk-old-6-势力,6,势力,勢力,shì li,power,no lexical issue identified in this pass,,,,,51066,True,True,True,True,True,True,6,True,6,,
hsk-old-6-势必,6,势必,勢必,shì bì,is bound to (happen),no lexical issue identified in this pass,,,,,51083,True,True,True,True,True,True,6,True,6,,
hsk-old-6-勇于,6,勇于,勇於,yǒng yú,have the courage to,no lexical issue identified in this pass,,,,,51099,True,True,True,True,True,True,6,True,6,,
hsk-old-6-勉励,6,勉励,勉勵,miǎn lì,encourage,no lexical issue identified in this pass,,,,,51115,True,True,True,True,True,True,6,True,6,,
hsk-old-6-勉强,6,勉强,勉強,miǎn qiǎng,reluctantly,no lexical issue identified in this pass,,,,,51130,True,True,True,True,True,True,6,True,6,,
hsk-old-6-勘探,6,勘探,勘探,kān tàn,exploration,no lexical issue identified in this pass,,,,,51150,True,True,True,True,True,True,6,True,6,,
hsk-old-6-勤俭,6,勤俭,勤儉,qín jiǎn,hardworking and thrifty,no lexical issue identified in this pass,,,,,51169,True,True,True,True,True,True,6,True,6,,
hsk-old-6-勤恳,6,勤恳,勤懇,qín kěn,diligent and attentive,no lexical issue identified in this pass,,,,,51184,True,True,True,True,True,True,6,False,,,
hsk-old-6-勾结,6,勾结,勾結,gōu jié,collude with,no lexical issue identified in this pass,,,,,51201,True,True,True,True,True,True,6,True,6,,
hsk-old-6-勿,6,勿,勿,wù,not,no lexical issue identified in this pass,,,,,51218,True,True,True,True,True,True,6,True,5,,
hsk-old-6-包围,6,包围,包圍,bāo wéi,surround,no lexical issue identified in this pass,,,,,51233,True,True,True,True,True,True,6,True,6,,
hsk-old-6-包庇,6,包庇,包庇,bāo bì,to shield,no lexical issue identified in this pass,,,,,51251,True,True,True,True,True,True,6,True,6,,
hsk-old-6-包袱,6,包袱,包袱,bāo fu,bundle wrapped in cloth,no lexical issue identified in this pass,,,,,51269,True,True,True,True,True,True,6,True,6,,
hsk-old-6-包装,6,包装,包裝,bāo zhuāng,to pack,no lexical issue identified in this pass,,,,,51290,True,True,True,True,True,True,6,True,6,,
hsk-old-6-化妆,6,化妆,化妝,huà zhuāng,put on make-up,no lexical issue identified in this pass,,,,,51310,True,True,True,True,True,True,6,True,6,,
hsk-old-6-化石,6,化石,化石,huà shí,fossil,no lexical issue identified in this pass,,,,,51326,True,True,True,True,True,True,6,True,6,,
hsk-old-6-化肥,6,化肥,化肥,huà féi,chemical fertilizer,no lexical issue identified in this pass,,,,,51341,True,True,True,True,True,True,6,True,6,,
hsk-old-6-化验,6,化验,化驗,huà yàn,laboratory test,no lexical issue identified in this pass,,,,,51356,True,True,True,True,True,True,6,True,6,,
hsk-old-6-北极,6,北极,北極,běi jí,the North Pole,no lexical issue identified in this pass,,,,,51373,True,True,True,True,True,True,6,True,6,,
hsk-old-6-匪徒,6,匪徒,匪徒,fěi tú,gangster,no lexical issue identified in this pass,,,,,51390,True,True,True,True,True,True,6,False,,,
hsk-old-6-区分,6,区分,區分,qū fēn,differentiate,no lexical issue identified in this pass,,,,,51406,True,True,True,True,True,True,6,True,6,,
hsk-old-6-区域,6,区域,區域,qū yù,area,no lexical issue identified in this pass,,,,,51424,True,True,True,True,True,True,6,True,6,,
hsk-old-6-十足,6,十足,十足,shí zú,full of,no lexical issue identified in this pass,,,,,51441,True,True,True,True,True,True,6,True,6,,
hsk-old-6-千方百计,6,千方百计,千方百計,qiān fāng bǎi jì,by every possible means,no lexical issue identified in this pass,,,,,51460,True,True,True,True,True,True,6,True,6,,
hsk-old-6-半途而废,6,半途而废,半途而廢,bàn tú ér fèi,give up halfway,no lexical issue identified in this pass,,,,,51475,True,True,True,True,True,True,6,True,6,,
hsk-old-6-华丽,6,华丽,華麗,huá lì,gorgeous,no lexical issue identified in this pass,,,,,51490,True,True,True,True,True,True,6,True,6,,
hsk-old-6-华侨,6,华侨,華僑,huá qiáo,overseas Chinese,no lexical issue identified in this pass,,,,,51505,True,True,True,True,True,True,6,True,6,,
hsk-old-6-协会,6,协会,協會,xié huì,an association,no lexical issue identified in this pass,,,,,51521,True,True,True,True,True,True,6,True,6,,
hsk-old-6-协助,6,协助,協助,xié zhù,assist,no lexical issue identified in this pass,,,,,51537,True,True,True,True,True,True,6,True,6,,
hsk-old-6-协商,6,协商,協商,xié shāng,consult with,no lexical issue identified in this pass,,,,,51554,True,True,True,True,True,True,6,True,6,,
hsk-old-6-协议,6,协议,協議,xié yì,agreement,no lexical issue identified in this pass,,,,,51572,True,True,True,True,True,True,6,True,6,,
hsk-old-6-卑鄙,6,卑鄙,卑鄙,bēi bǐ,base,no lexical issue identified in this pass,,,,,51590,True,True,True,True,True,True,6,True,6,,
hsk-old-6-卓越,6,卓越,卓越,zhuó yuè,distinction,no lexical issue identified in this pass,,,,,51608,True,True,True,True,True,True,6,True,6,,
hsk-old-6-博大精深,6,博大精深,博大精深,bó dà jīng shēn,broad and profound,no lexical issue identified in this pass,,,,,51627,True,True,True,True,True,True,6,True,6,,
hsk-old-6-博览会,6,博览会,博覽會,bó lǎn huì,(international) exhibition,no lexical issue identified in this pass,,,,,51643,True,True,True,True,True,True,6,True,6,,
hsk-old-6-占据,6,占据,佔據,zhàn jù,occupy,no lexical issue identified in this pass,,,,,51659,True,True,True,True,True,True,6,True,6,,
hsk-old-6-占有,6,占有,佔有,zhàn yǒu,to have,no lexical issue identified in this pass,,,,,51675,True,True,True,True,True,True,6,False,,,
hsk-old-6-占领,6,占领,佔領,zhàn lǐng,occupy (a territory),no lexical issue identified in this pass,,,,,51696,True,True,True,True,True,True,6,True,6,,
hsk-old-6-卡通,6,卡通,卡通,kǎ tōng,cartoon,no lexical issue identified in this pass,,,,,51712,True,True,True,True,True,True,6,True,6,,
hsk-old-6-卫星,6,卫星,衛星,wèi xīng,satellite,no lexical issue identified in this pass,,,,,51727,True,True,True,True,True,True,6,True,6,,
hsk-old-6-印刷,6,印刷,印刷,yìn shuā,print,no lexical issue identified in this pass,,,,,51743,True,True,True,True,True,True,6,True,5,,
hsk-old-6-危机,6,危机,危機,wēi jī,crisis,no lexical issue identified in this pass,,,,,51760,True,True,True,True,True,True,6,True,6,,
hsk-old-6-即便,6,即便,即便,jí biàn,even if,no lexical issue identified in this pass,,,,,51775,True,True,True,True,True,True,6,True,6,,
hsk-old-6-即将,6,即将,即將,jí jiāng,will shortly,no lexical issue identified in this pass,,,,,51793,True,True,True,True,True,True,6,True,6,,
hsk-old-6-历代,6,历代,歷代,lì dài,successive dynasties,no lexical issue identified in this pass,,,,,51810,True,True,True,True,True,True,6,True,6,,
hsk-old-6-历来,6,历来,歷來,lì lái,always,no lexical issue identified in this pass,,,,,51827,True,True,True,True,True,True,6,True,6,,
hsk-old-6-压制,6,压制,壓制,yā zhì,suppress,no lexical issue identified in this pass,,,,,51844,True,True,True,True,True,True,6,True,6,no part-of-speech metadata; allowed by the current data contract,
hsk-old-6-压岁钱,6,压岁钱,壓歲錢,yā suì qián,gifts of money given to children during the Spring Festival,no lexical issue identified in this pass,,,,,51859,True,True,True,True,True,True,6,True,6,,
hsk-old-6-压抑,6,压抑,壓抑,yā yì,constrain or repress one's emotions,no lexical issue identified in this pass,,,,,51874,True,True,True,True,True,True,6,True,6,,
hsk-old-6-压榨,6,压榨,壓榨,yā zhà,to press,no lexical issue identified in this pass,,,,,51896,True,True,True,True,True,True,6,True,6,,
hsk-old-6-压缩,6,压缩,壓縮,yā suō,to compress,no lexical issue identified in this pass,,,,,51914,True,True,True,True,True,True,6,True,6,,
hsk-old-6-压迫,6,压迫,壓迫,yā pò,oppress,no lexical issue identified in this pass,,,,,51930,True,True,True,True,True,True,6,True,6,,
hsk-old-6-厌恶,6,厌恶,厭惡,yàn wù,loathe,no lexical issue identified in this pass,,,,,51950,True,True,True,True,True,True,6,True,6,,
hsk-old-6-原先,6,原先,原先,yuán xiān,former,no lexical issue identified in this pass,,,,,51968,True,True,True,True,True,True,6,True,6,,
hsk-old-6-原告,6,原告,原告,yuán gào,plaintiff,no lexical issue identified in this pass,,,,,51986,True,True,True,True,True,True,6,True,6,,
hsk-old-6-原始,6,原始,原始,yuán shǐ,first,no lexical issue identified in this pass,,,,,52002,True,True,True,True,True,True,6,True,6,,
hsk-old-6-原理,6,原理,原理,yuán lǐ,principle,no lexical issue identified in this pass,,,,,52020,True,True,True,True,True,True,6,True,6,,
hsk-old-6-参照,6,参照,參照,cān zhào,consult a reference,no lexical issue identified in this pass,,,,,52036,True,True,True,True,True,True,6,True,6,,
hsk-old-6-参谋,6,参谋,參謀,cān móu,advisor,no lexical issue identified in this pass,,,,,52053,True,True,True,True,True,True,6,True,6,,
hsk-old-6-及早,6,及早,及早,jí zǎo,as soon as possible,no lexical issue identified in this pass,,,,,52069,True,True,True,True,True,True,6,True,6,,
hsk-old-6-双胞胎,6,双胞胎,雙胞胎,shuāng bāo tāi,twins,no lexical issue identified in this pass,,,,,52084,True,True,True,True,True,True,6,True,6,,
hsk-old-6-反之,6,反之,反之,fǎn zhī,whereas...,no lexical issue identified in this pass,,,,,52099,True,True,True,True,True,True,6,True,6,,
hsk-old-6-反倒,6,反倒,反倒,fǎn dào,but on the contrary,no lexical issue identified in this pass,,,,,52115,True,True,True,True,True,True,6,False,,,
hsk-old-6-反动,6,反动,反動,fǎn dòng,reaction,finding,P2,definition,reactionary; politically regressive,Reaction alone suggests a different ordinary response term.,52131,True,True,True,True,True,True,6,False,,,
hsk-old-6-反射,6,反射,反射,fǎn shè,reflex,no lexical issue identified in this pass,,,,,52147,True,True,True,True,True,True,6,True,6,,
hsk-old-6-反常,6,反常,反常,fǎn cháng,abnormal,no lexical issue identified in this pass,,,,,52165,True,True,True,True,True,True,6,True,6,,
hsk-old-6-反思,6,反思,反思,fǎn sī,think back over something that happened,no lexical issue identified in this pass,,,,,52181,True,True,True,True,True,True,6,True,6,,
hsk-old-6-反感,6,反感,反感,fǎn gǎn,(strongly) dislike,no lexical issue identified in this pass,,,,,52202,True,True,True,True,True,True,6,True,6,,
hsk-old-6-反抗,6,反抗,反抗,fǎn kàng,resist,no lexical issue identified in this pass,,,,,52221,True,True,True,True,True,True,6,True,6,,
hsk-old-6-反问,6,反问,反問,fǎn wèn,ask a rhetorical question,no lexical issue identified in this pass,,,,,52238,True,True,True,True,True,True,6,True,6,,
hsk-old-6-反面,6,反面,反面,fǎn miàn,the reverse side of sth.,no lexical issue identified in this pass,,,,,52255,True,True,True,True,True,True,6,True,6,,
hsk-old-6-反馈,6,反馈,反饋,fǎn kuì,feedback,no lexical issue identified in this pass,,,,,52275,True,True,True,True,True,True,6,True,6,,
hsk-old-6-反驳,6,反驳,反駁,fǎn bó,retort,no lexical issue identified in this pass,,,,,52292,True,True,True,True,True,True,6,True,6,,
hsk-old-6-发动,6,发动,發動,fā dòng,to start,no lexical issue identified in this pass,,,,,52309,True,True,True,True,True,True,6,True,6,,
hsk-old-6-发呆,6,发呆,發呆,fā dāi,stare blankly,no lexical issue identified in this pass,,,,,52328,True,True,True,True,True,True,6,True,6,,
hsk-old-6-发射,6,发射,發射,fā shè,to launch,no lexical issue identified in this pass,,,,,52345,True,True,True,True,True,True,6,True,6,,
hsk-old-6-发布,6,发布,發布,fā bù,issue,no lexical issue identified in this pass,,,,,52367,True,True,True,True,True,True,6,True,6,,
hsk-old-6-发扬,6,发扬,發揚,fā yáng,develop,no lexical issue identified in this pass,,,,,52386,True,True,True,True,True,True,6,True,6,,
hsk-old-6-发火,6,发火,發火,fā huǒ,to catch fire,finding,P2,definition,to lose one's temper; to catch fire,The primary gloss hides the very common anger sense.,52402,True,True,True,True,True,True,6,False,,,
hsk-old-6-发炎,6,发炎,發炎,fā yán,become inflamed from infection or injury,no lexical issue identified in this pass,,,,,52420,True,True,True,True,True,True,6,True,6,,
hsk-old-6-发育,6,发育,發育,fā yù,develop,no lexical issue identified in this pass,,,,,52436,True,True,True,True,True,True,6,True,6,,
hsk-old-6-发行,6,发行,發行,fā xíng,publish,no lexical issue identified in this pass,,,,,52456,True,True,True,True,True,True,6,True,6,,
hsk-old-6-发觉,6,发觉,發覺,fā jué,discover,no lexical issue identified in this pass,,,,,52475,True,True,True,True,True,True,6,True,6,,
hsk-old-6-发誓,6,发誓,發誓,fā shì,to vow,no lexical issue identified in this pass,,,,,52493,True,True,True,True,True,True,6,True,6,,
hsk-old-6-发财,6,发财,發財,fā cái,get rich,no lexical issue identified in this pass,,,,,52510,True,True,True,True,True,True,6,True,6,,
hsk-old-6-取缔,6,取缔,取締,qǔ dì,to ban,no lexical issue identified in this pass,,,,,52526,True,True,True,True,True,True,6,True,6,,
hsk-old-6-受罪,6,受罪,受罪,shòu zuì,endure hardships,no lexical issue identified in this pass,,,,,52541,True,True,True,True,True,True,6,True,6,,
hsk-old-6-变故,6,变故,變故,biàn gù,unforeseen event,no lexical issue identified in this pass,,,,,52562,True,True,True,True,True,True,6,True,6,,
hsk-old-6-变质,6,变质,變質,biàn zhì,go bad,no lexical issue identified in this pass,,,,,52579,True,True,True,True,True,True,6,True,6,,
hsk-old-6-变迁,6,变迁,變遷,biàn qiān,changes,no lexical issue identified in this pass,,,,,52597,True,True,True,True,True,True,6,True,6,,
hsk-old-6-口头,6,口头,口頭,kǒu tóu,oral,no lexical issue identified in this pass,,,,,52614,True,True,True,True,True,True,6,True,6,,
hsk-old-6-口气,6,口气,口氣,kǒu qì,tone of voice,no lexical issue identified in this pass,,,,,52631,True,True,True,True,True,True,6,True,6,,
hsk-old-6-口腔,6,口腔,口腔,kǒu qiāng,space inside mouth (oral cavity),no lexical issue identified in this pass,,,,,52649,True,True,True,True,True,True,6,True,6,,
hsk-old-6-口音,6,口音,口音,kǒu yīn,accent,no lexical issue identified in this pass,,,,,52664,True,True,True,True,True,True,6,True,6,,
hsk-old-6-古怪,6,古怪,古怪,gǔ guài,eccentric,no lexical issue identified in this pass,,,,,52679,True,True,True,True,True,True,6,True,6,,
hsk-old-6-古董,6,古董,古董,gǔ dǒng,antique,no lexical issue identified in this pass,,,,,52697,True,True,True,True,True,True,6,True,6,,
hsk-old-6-叮嘱,6,叮嘱,叮囑,dīng zhǔ,urge again and again,no lexical issue identified in this pass,,,,,52713,True,True,True,True,True,True,6,True,6,,
hsk-old-6-可口,6,可口,可口,kě kǒu,tasty,no lexical issue identified in this pass,,,,,52731,True,True,True,True,True,True,6,True,6,,
hsk-old-6-可恶,6,可恶,可惡,kě wù,hateful,no lexical issue identified in this pass,,,,,52746,True,True,True,True,True,True,6,True,6,,
hsk-old-6-可笑,6,可笑,可笑,kě xiào,funny,no lexical issue identified in this pass,,,,,52764,True,True,True,True,True,True,6,False,,,
hsk-old-6-可行,6,可行,可行,kě xíng,feasible,no lexical issue identified in this pass,,,,,52781,True,True,True,True,True,True,6,True,6,,
hsk-old-6-可观,6,可观,可觀,kě guān,considerable,no lexical issue identified in this pass,,,,,52796,True,True,True,True,True,True,6,True,6,,
hsk-old-6-台风,6,台风,臺風,tái fēng,typhoon,no lexical issue identified in this pass,,,,,52813,True,True,True,True,True,True,6,True,6,,
hsk-old-6-号召,6,号召,號召,hào zhào,call upon,no lexical issue identified in this pass,,,,,52828,True,True,True,True,True,True,6,True,6,,
hsk-old-6-司令,6,司令,司令,sī lìng,commanding officer,no lexical issue identified in this pass,,,,,52845,True,True,True,True,True,True,6,True,6,,
hsk-old-6-司法,6,司法,司法,sī fǎ,judicial,no lexical issue identified in this pass,,,,,52860,True,True,True,True,True,True,6,True,6,,
hsk-old-6-叹气,6,叹气,嘆氣,tàn qì,to sigh,no lexical issue identified in this pass,,,,,52876,True,True,True,True,True,True,6,True,6,,
hsk-old-6-叼,6,叼,叼,diāo,hold sth. in the mouth,no lexical issue identified in this pass,,,,,52892,True,True,True,True,True,True,6,True,6,,
hsk-old-6-吃力,6,吃力,吃力,chī lì,strenuous,no lexical issue identified in this pass,,,,,52907,True,True,True,True,True,True,6,True,6,,
hsk-old-6-吃苦,6,吃苦,吃苦,chī kǔ,bear hardships,no lexical issue identified in this pass,,,,,52926,True,True,True,True,True,True,6,True,6,,
hsk-old-6-各抒己见,6,各抒己见,各抒己見,gè shū jǐ jiàn,everyone gives their own view,no lexical issue identified in this pass,,,,,52942,True,True,True,True,True,True,6,True,6,,
hsk-old-6-合乎,6,合乎,合乎,hé hū,to accord with,no lexical issue identified in this pass,,,,,52957,True,True,True,True,True,True,6,False,,,
hsk-old-6-合伙,6,合伙,合伙,hé huǒ,to make a partnership,finding,P3,traditional variant,Compare 合夥 with the bundled 合伙,The current dictionary gives a different traditional spelling; spelling policy needs an explicit choice.,52972,True,True,True,True,False,True,6,True,6,,
hsk-old-6-合并,6,合并,合併,hé bìng,merge,no lexical issue identified in this pass,,,,,52989,True,True,True,True,True,True,6,True,6,,
hsk-old-6-合成,6,合成,合成,hé chéng,compound,no lexical issue identified in this pass,,,,,53006,True,True,True,True,True,True,6,True,6,,
hsk-old-6-合算,6,合算,合算,hé suàn,worthwhile,no lexical issue identified in this pass,,,,,53027,True,True,True,True,True,True,6,True,6,,
hsk-old-6-合身,6,合身,合身,hé shēn,well-fitting (of clothes),no lexical issue identified in this pass,,,,,53046,True,True,True,True,True,True,6,False,,,
hsk-old-6-吉祥,6,吉祥,吉祥,jí xiáng,lucky,no lexical issue identified in this pass,,,,,53061,True,True,True,True,True,True,6,True,6,,
hsk-old-6-吊,6,吊,吊,diào,hang,no lexical issue identified in this pass,,,,,53078,True,True,True,True,True,True,6,True,6,,
hsk-old-6-同志,6,同志,同志,tóng zhì,comrade,no lexical issue identified in this pass,,,,,53096,True,True,True,True,True,True,6,True,6,,
hsk-old-6-同胞,6,同胞,同胞,tóng bāo,compatriot,no lexical issue identified in this pass,,,,,53112,True,True,True,True,True,True,6,True,6,,
hsk-old-6-名副其实,6,名副其实,名副其實,míng fù qí shí,not just in name only,no lexical issue identified in this pass,,,,,53130,True,True,True,True,True,True,6,True,6,,
hsk-old-6-名次,6,名次,名次,míng cì,position in a ranking of names,no lexical issue identified in this pass,,,,,53147,True,True,True,True,True,True,6,True,6,,
hsk-old-6-名誉,6,名誉,名譽,míng yù,fame,no lexical issue identified in this pass,,,,,53164,True,True,True,True,True,True,6,True,6,,
hsk-old-6-名额,6,名额,名額,míng é,particular number of people,no lexical issue identified in this pass,,,,,53183,True,True,True,True,True,True,6,True,6,,
hsk-old-6-后代,6,后代,後代,hòu dài,posterity,no lexical issue identified in this pass,,,,,53200,True,True,True,True,True,True,6,True,6,,
hsk-old-6-后勤,6,后勤,後勤,hòu qín,logistics,no lexical issue identified in this pass,,,,,53219,True,True,True,True,True,True,6,True,6,,
hsk-old-6-后顾之忧,6,后顾之忧,後顧之憂,hòu gù zhī yōu,fears of trouble in the rear (idiom),no lexical issue identified in this pass,,,,,53234,True,True,True,True,True,True,6,True,6,,
hsk-old-6-向导,6,向导,嚮導,xiàng dǎo,guide,no lexical issue identified in this pass,,,,,53251,True,True,True,True,True,True,6,True,6,,
hsk-old-6-向往,6,向往,嚮往,xiàng wǎng,yearn for,no lexical issue identified in this pass,,,,,53266,True,True,True,True,True,True,6,True,6,,
hsk-old-6-向来,6,向来,向來,xiàng lái,always,no lexical issue identified in this pass,,,,,53283,True,True,True,True,True,True,6,True,6,,
hsk-old-6-吝啬,6,吝啬,吝嗇,lìn sè,stingy,no lexical issue identified in this pass,,,,,53298,True,True,True,True,True,True,6,True,6,,
hsk-old-6-吞咽,6,吞咽,吞嚥,tūn yàn,to swallow,no lexical issue identified in this pass,,,,,53313,True,True,True,True,True,True,6,False,,,
hsk-old-6-否决,6,否决,否決,fǒu jué,veto,no lexical issue identified in this pass,,,,,53329,True,True,True,True,True,True,6,True,6,,
hsk-old-6-吩咐,6,吩咐,吩咐,fēn fù,instruct,finding,P3,reading variant,Review fēn fu as the common current reading,Current CC-CEDICT uses a neutral final syllable; both bundled sources retain fourth tone.,53346,True,True,True,False,False,True,6,True,6,,
hsk-old-6-含义,6,含义,含義,hán yì,implied meaning,no lexical issue identified in this pass,,,,,53364,True,True,True,True,True,True,6,True,6,,
hsk-old-6-含糊,6,含糊,含糊,hán hu,unclear,no lexical issue identified in this pass,,,,,53383,True,True,True,True,True,True,6,True,6,,
hsk-old-6-启事,6,启事,啟事,qǐ shì,announcement,no lexical issue identified in this pass,,,,,53402,True,True,True,True,True,True,6,True,6,,
hsk-old-6-启示,6,启示,啟示,qǐ shì,enlightenment,no lexical issue identified in this pass,,,,,53419,True,True,True,True,True,True,6,True,6,,
hsk-old-6-启程,6,启程,啟程,qǐ chéng,set out on a journey,no lexical issue identified in this pass,,,,,53441,True,True,True,True,True,True,6,True,6,,
hsk-old-6-吸取,6,吸取,吸取,xī qǔ,absorb,no lexical issue identified in this pass,,,,,53456,True,True,True,True,True,True,6,True,5,,
hsk-old-6-吹捧,6,吹捧,吹捧,chuī pěng,flatter sb.,no lexical issue identified in this pass,,,,,53473,True,True,True,True,True,True,6,True,6,,
hsk-old-6-吹牛,6,吹牛,吹牛,chuī niú,to brag,no lexical issue identified in this pass,,,,,53491,True,True,True,True,True,True,6,True,6,,
hsk-old-6-吼,6,吼,吼,hǒu,roar,no lexical issue identified in this pass,,,,,53508,True,True,True,True,True,True,6,True,6,,
hsk-old-6-呈现,6,呈现,呈現,chéng xiàn,appear,no lexical issue identified in this pass,,,,,53527,True,True,True,True,True,True,6,True,6,,
hsk-old-6-告诫,6,告诫,告誡,gào jiè,warn,no lexical issue identified in this pass,,,,,53545,True,True,True,True,True,True,6,True,6,,
hsk-old-6-告辞,6,告辞,告辭,gào cí,take leave,no lexical issue identified in this pass,,,,,53562,True,True,True,True,True,True,6,True,6,,
hsk-old-6-呕吐,6,呕吐,嘔吐,ǒu tù,to vomit,no lexical issue identified in this pass,,,,,53578,True,True,True,True,True,True,6,True,6,,
hsk-old-6-周密,6,周密,周密,zhōu mì,meticulous,no lexical issue identified in this pass,,,,,53594,True,True,True,True,True,True,6,True,6,,
hsk-old-6-周年,6,周年,週年,zhōu nián,anniversary,no lexical issue identified in this pass,,,,,53614,True,True,True,True,True,True,6,True,6,,
hsk-old-6-周折,6,周折,周折,zhōu zhé,setback,no lexical issue identified in this pass,,,,,53630,True,True,True,True,True,True,6,True,6,,
hsk-old-6-周期,6,周期,週期,zhōu qī,period,no lexical issue identified in this pass,,,,,53649,True,True,True,True,True,True,6,True,6,,
hsk-old-6-周转,6,周转,周轉,zhōu zhuǎn,turnover (in cash or personnel),no lexical issue identified in this pass,,,,,53665,True,True,True,True,True,True,6,True,6,,
hsk-old-6-周边,6,周边,周邊,zhōu biān,surrounding,no lexical issue identified in this pass,,,,,53685,True,True,True,True,True,True,6,True,6,personal-name POS appears on a common-word reading; review sense-specific tags,
hsk-old-6-呵,6,呵,呵,hē,breathe out,no lexical issue identified in this pass,,,,,53707,True,True,True,True,True,True,6,True,6,,
hsk-old-6-呻吟,6,呻吟,呻吟,shēn yín,to moan,no lexical issue identified in this pass,,,,,53725,True,True,True,True,True,True,6,True,6,,
hsk-old-6-呼吁,6,呼吁,呼籲,hū yù,call on (someone to do something),no lexical issue identified in this pass,,,,,53742,True,True,True,True,True,True,6,True,6,,
hsk-old-6-呼啸,6,呼啸,呼嘯,hū xiào,whistle,no lexical issue identified in this pass,,,,,53760,True,True,True,True,True,True,6,True,6,,
hsk-old-6-命名,6,命名,命名,mìng míng,give a name,no lexical issue identified in this pass,,,,,53775,True,True,True,True,True,True,6,True,6,,
hsk-old-6-咀嚼,6,咀嚼,咀嚼,jǔ jué,to chew,no lexical issue identified in this pass,,,,,53796,True,True,True,True,True,True,6,True,6,,
hsk-old-6-咋,6,咋,咋,zǎ,how/why (contraction of 怎么),no lexical issue identified in this pass,,,,,53812,True,True,True,True,True,True,6,True,6,,
hsk-old-6-和气,6,和气,和氣,hé qi,friendly,no lexical issue identified in this pass,,,,,53827,True,True,True,True,True,True,6,True,6,,
hsk-old-6-和睦,6,和睦,和睦,hé mù,peaceful relations,no lexical issue identified in this pass,,,,,53846,True,True,True,True,True,True,6,True,6,,
hsk-old-6-和蔼,6,和蔼,和藹,hé ǎi,kindly,no lexical issue identified in this pass,,,,,53864,True,True,True,True,True,True,6,True,6,,
hsk-old-6-和解,6,和解,和解,hé jiě,settlement,no lexical issue identified in this pass,,,,,53881,True,True,True,True,True,True,6,True,6,,
hsk-old-6-和谐,6,和谐,和諧,hé xié,harmonious,no lexical issue identified in this pass,,,,,53901,True,True,True,True,True,True,6,True,6,,
hsk-old-6-咬牙切齿,6,咬牙切齿,咬牙切齒,yǎo yá qiè chǐ,(idiom) to gnash one's teeth,no lexical issue identified in this pass,,,,,53920,True,True,True,True,True,True,6,False,,,
hsk-old-6-品尝,6,品尝,品嘗,pǐn cháng,try,no lexical issue identified in this pass,,,,,53935,True,True,True,True,True,True,6,True,6,,
hsk-old-6-品德,6,品德,品德,pǐn dé,moral character,no lexical issue identified in this pass,,,,,53951,True,True,True,True,True,True,6,True,6,,
hsk-old-6-品行,6,品行,品行,pǐn xíng,behavior,no lexical issue identified in this pass,,,,,53966,True,True,True,True,True,True,6,False,,,
hsk-old-6-品质,6,品质,品質,pǐn zhì,quality,no lexical issue identified in this pass,,,,,53982,True,True,True,True,True,True,6,True,6,,
hsk-old-6-哄,6,哄,哄,hǒng,fool,no lexical issue identified in this pass,,,,,53999,True,True,True,True,True,True,6,True,6,,
hsk-old-6-哆嗦,6,哆嗦,哆嗦,duō suo,tremble,no lexical issue identified in this pass,,,,,54017,True,True,True,True,True,True,6,True,6,,
hsk-old-6-哇,6,哇,哇,wa,wow,finding,P1,reading/sense,"wā for the exclamation wow, or explain wa as a sentence-final particle",The neutral-tone dictionary form is a particle; the exclamation uses first tone.,54034,True,True,True,True,True,True,6,True,6,,
hsk-old-6-响亮,6,响亮,響亮,xiǎng liàng,loud and clear,no lexical issue identified in this pass,,,,,54050,True,True,True,True,True,True,6,True,6,,
hsk-old-6-响应,6,响应,響應,xiǎng yìng,respond to,no lexical issue identified in this pass,,,,,54067,True,True,True,True,True,True,6,True,6,,
hsk-old-6-哎哟,6,哎哟,哎喲,āi yō,hey,finding,P2,definition,ouch; oh dear,Hey does not clearly convey the pain or surprise exclamation.,54084,True,True,True,True,True,True,6,False,,,
hsk-old-6-哦,6,哦,哦,ò,oh (indicates understanding),no lexical issue identified in this pass,,,,,54102,True,True,True,True,True,True,6,True,6,,
hsk-old-6-哨,6,哨,哨,shào,a whistle,no lexical issue identified in this pass,,,,,54118,True,True,True,True,True,True,6,True,6,,
hsk-old-6-哺乳,6,哺乳,哺乳,bǔ rǔ,breast-feeding,no lexical issue identified in this pass,,,,,54134,True,True,True,True,True,True,6,True,6,,
hsk-old-6-哼,6,哼,哼,hēng,groan,no lexical issue identified in this pass,,,,,54151,True,True,True,True,True,True,6,True,6,,
hsk-old-6-唠叨,6,唠叨,嘮叨,láo dao,be talkative (especially about trivial matters),no lexical issue identified in this pass,,,,,54171,True,True,True,True,True,True,6,True,6,,
hsk-old-6-唯独,6,唯独,唯獨,wéi dú,only,no lexical issue identified in this pass,,,,,54191,True,True,True,True,True,True,6,True,6,,
hsk-old-6-唾沫,6,唾沫,唾沫,tuò mo,spittle,no lexical issue identified in this pass,,,,,54209,True,True,True,True,True,True,6,False,,,
hsk-old-6-啃,6,啃,啃,kěn,gnaw,no lexical issue identified in this pass,,,,,54225,True,True,True,True,True,True,6,True,6,,
hsk-old-6-商标,6,商标,商標,shāng biāo,trademark,no lexical issue identified in this pass,,,,,54242,True,True,True,True,True,True,6,True,6,,
hsk-old-6-啥,6,啥,啥,shá,(spoken) what,no lexical issue identified in this pass,,,,,54258,True,True,True,True,True,True,6,True,6,,
hsk-old-6-啦,6,啦,啦,la,sentence-final particle: a contraction of 了 (le) and 啊 (a),no lexical issue identified in this pass,,,,,54274,True,True,True,True,True,True,6,True,6,,
hsk-old-6-啰唆,6,啰唆,囉唆,luō suo,long-winded,no lexical issue identified in this pass,,,,,54290,True,True,True,True,True,True,6,True,6,no part-of-speech metadata; allowed by the current data contract,
hsk-old-6-喇叭,6,喇叭,喇叭,lǎ ba,horn,no lexical issue identified in this pass,,,,,54303,True,True,True,True,True,True,6,True,6,,
hsk-old-6-喉咙,6,喉咙,喉嚨,hóu lóng,throat,no lexical issue identified in this pass,,,,,54322,True,True,True,True,True,True,6,True,6,,
hsk-old-6-喘气,6,喘气,喘氣,chuǎn qì,to pant,no lexical issue identified in this pass,,,,,54337,True,True,True,True,True,True,6,True,6,,
hsk-old-6-喜悦,6,喜悦,喜悅,xǐ yuè,happy,no lexical issue identified in this pass,,,,,54353,True,True,True,True,True,True,6,True,6,,
hsk-old-6-喜闻乐见,6,喜闻乐见,喜聞樂見,xǐ wén lè jiàn,a delight to see (idiom),no lexical issue identified in this pass,,,,,54370,True,True,True,True,True,True,6,True,6,,
hsk-old-6-嗅觉,6,嗅觉,嗅覺,xiù jué,sense of smell,no lexical issue identified in this pass,,,,,54387,True,True,True,True,True,True,6,True,6,,
hsk-old-6-嗨,6,嗨,嗨,hāi,hey/hi (loanword),no lexical issue identified in this pass,,,,,54402,True,True,True,True,True,True,6,True,6,,
hsk-old-6-嗯,6,嗯,嗯,en,"interjection expressing what?, huh? hmm? why? ok, etc.",no lexical issue identified in this pass,,,,,54420,True,True,True,True,True,True,6,True,5,,
hsk-old-6-嘈杂,6,嘈杂,嘈雜,cáo zá,noisy,no lexical issue identified in this pass,,,,,54435,True,True,True,True,True,True,6,True,6,,
hsk-old-6-嘛,6,嘛,嘛,ma,used to persuade somebody to do something,no lexical issue identified in this pass,,,,,54452,True,True,True,True,True,True,6,True,6,,
hsk-old-6-嘲笑,6,嘲笑,嘲笑,cháo xiào,jeer,no lexical issue identified in this pass,,,,,54468,True,True,True,True,True,True,6,True,6,,
hsk-old-6-嘴唇,6,嘴唇,嘴唇,zuǐ chún,lip,no lexical issue identified in this pass,,,,,54488,True,True,True,True,True,True,6,True,6,,
hsk-old-6-嘿,6,嘿,嘿,hēi,hey,no lexical issue identified in this pass,,,,,54503,True,True,True,True,True,True,6,True,6,,
hsk-old-6-器官,6,器官,器官,qì guān,organ,no lexical issue identified in this pass,,,,,54518,True,True,True,True,True,True,6,True,6,,
hsk-old-6-器材,6,器材,器材,qì cái,equipment,no lexical issue identified in this pass,,,,,54533,True,True,True,True,True,True,6,True,6,,
hsk-old-6-噪音,6,噪音,噪音,zào yīn,uproar,no lexical issue identified in this pass,,,,,54549,True,True,True,True,True,True,6,True,6,,
hsk-old-6-四肢,6,四肢,四肢,sì zhī,arms and legs,no lexical issue identified in this pass,,,,,54566,True,True,True,True,True,True,6,True,6,,
hsk-old-6-回报,6,回报,回報,huí bào,repayment,no lexical issue identified in this pass,,,,,54581,True,True,True,True,True,True,6,True,6,,
hsk-old-6-回收,6,回收,回收,huí shōu,recycle,no lexical issue identified in this pass,,,,,54602,True,True,True,True,True,True,6,True,6,,
hsk-old-6-回避,6,回避,迴避,huí bì,avoid,no lexical issue identified in this pass,,,,,54622,True,True,True,True,True,True,6,True,6,,
hsk-old-6-回顾,6,回顾,回顧,huí gù,look back,no lexical issue identified in this pass,,,,,54644,True,True,True,True,True,True,6,True,6,,
hsk-old-6-团体,6,团体,團體,tuán tǐ,group,no lexical issue identified in this pass,,,,,54661,True,True,True,True,True,True,6,True,6,,
hsk-old-6-团圆,6,团圆,團圓,tuán yuán,have a reunion,no lexical issue identified in this pass,,,,,54678,True,True,True,True,True,True,6,True,6,,
hsk-old-6-团结,6,团结,團結,tuán jié,unite,no lexical issue identified in this pass,,,,,54694,True,True,True,True,True,True,6,True,6,,
hsk-old-6-园林,6,园林,園林,yuán lín,gardens,no lexical issue identified in this pass,,,,,54714,True,True,True,True,True,True,6,True,6,,
hsk-old-6-固执,6,固执,固執,gù zhí,persistent,finding,P2,definition,stubborn; obstinate,Persistent loses the usual negative evaluation.,54729,True,True,True,True,True,True,6,True,6,,
hsk-old-6-固有,6,固有,固有,gù yǒu,intrinsic/inherent to something,no lexical issue identified in this pass,,,,,54749,True,True,True,True,True,True,6,True,6,,
hsk-old-6-固然,6,固然,固然,gù rán,admittedly,no lexical issue identified in this pass,,,,,54766,True,True,True,True,True,True,6,True,6,,
hsk-old-6-国务院,6,国务院,國務院,guó wù yuàn,State Council (PRC),no lexical issue identified in this pass,,,,,54781,True,True,True,True,True,True,6,True,6,,
hsk-old-6-国防,6,国防,國防,guó fáng,national defense,no lexical issue identified in this pass,,,,,54797,True,True,True,True,True,True,6,True,6,,
hsk-old-6-图案,6,图案,圖案,tú àn,design,no lexical issue identified in this pass,,,,,54812,True,True,True,True,True,True,6,True,6,,
hsk-old-6-圆满,6,圆满,圓滿,yuán mǎn,satisfactory,no lexical issue identified in this pass,,,,,54827,True,True,True,True,True,True,6,True,6,,
hsk-old-6-圈套,6,圈套,圈套,quān tào,trap,no lexical issue identified in this pass,,,,,54845,True,True,True,True,True,True,6,True,6,,
hsk-old-6-土壤,6,土壤,土壤,tǔ rǎng,soil,no lexical issue identified in this pass,,,,,54860,True,True,True,True,True,True,6,True,6,,
hsk-old-6-在乎,6,在乎,在乎,zài hu,care about,no lexical issue identified in this pass,,,,,54875,True,True,True,True,True,True,6,True,5,,
hsk-old-6-在意,6,在意,在意,zài yì,care about,no lexical issue identified in this pass,,,,,54891,True,True,True,True,True,True,6,True,6,,
hsk-old-6-地势,6,地势,地勢,dì shì,terrain,no lexical issue identified in this pass,,,,,54907,True,True,True,True,True,True,6,True,6,,
hsk-old-6-地步,6,地步,地步,dì bù,condition,no lexical issue identified in this pass,,,,,54923,True,True,True,True,True,True,6,True,6,,
hsk-old-6-地质,6,地质,地質,dì zhì,geology,no lexical issue identified in this pass,,,,,54941,True,True,True,True,True,True,6,True,6,,
hsk-old-6-场合,6,场合,場合,chǎng hé,occasion,no lexical issue identified in this pass,,,,,54956,True,True,True,True,True,True,6,True,6,,
hsk-old-6-场所,6,场所,場所,chǎng suǒ,location,no lexical issue identified in this pass,,,,,54976,True,True,True,True,True,True,6,True,6,,
hsk-old-6-场面,6,场面,場面,chǎng miàn,scene,no lexical issue identified in this pass,,,,,54992,True,True,True,True,True,True,6,True,6,,
hsk-old-6-坑,6,坑,坑,kēng,pit,no lexical issue identified in this pass,,,,,55010,True,True,True,True,True,True,6,True,6,,
hsk-old-6-坚固,6,坚固,堅固,jiān gù,firm,no lexical issue identified in this pass,,,,,55029,True,True,True,True,True,True,6,True,6,,
hsk-old-6-坚定,6,坚定,堅定,jiān dìng,firm,no lexical issue identified in this pass,,,,,55047,True,True,True,True,True,True,6,True,6,,
hsk-old-6-坚实,6,坚实,堅實,jiān shí,firm and substantial,no lexical issue identified in this pass,,,,,55067,True,True,True,True,True,True,6,True,6,,
hsk-old-6-坚硬,6,坚硬,堅硬,jiān yìng,hard,no lexical issue identified in this pass,,,,,55083,True,True,True,True,True,True,6,True,6,,
hsk-old-6-坚韧,6,坚韧,堅韌,jiān rèn,tough and durable,no lexical issue identified in this pass,,,,,55099,True,True,True,True,True,True,6,True,6,,
hsk-old-6-坟墓,6,坟墓,墳墓,fén mù,tomb,no lexical issue identified in this pass,,,,,55117,True,True,True,True,True,True,6,True,6,,
hsk-old-6-坡,6,坡,坡,pō,slope,no lexical issue identified in this pass,,,,,55133,True,True,True,True,True,True,6,True,6,,
hsk-old-6-坦白,6,坦白,坦白,tǎn bái,honest,no lexical issue identified in this pass,,,,,55150,True,True,True,True,True,True,6,True,6,,
hsk-old-6-垂直,6,垂直,垂直,chuí zhí,perpendicular,no lexical issue identified in this pass,,,,,55168,True,True,True,True,True,True,6,True,6,,
hsk-old-6-垄断,6,垄断,壟斷,lǒng duàn,monopoly,no lexical issue identified in this pass,,,,,55184,True,True,True,True,True,True,6,True,6,,
hsk-old-6-垫,6,垫,墊,diàn,cushion,no lexical issue identified in this pass,,,,,55200,True,True,True,True,True,True,6,True,6,,
hsk-old-6-埋伏,6,埋伏,埋伏,mái fú,ambush,no lexical issue identified in this pass,,,,,55221,True,True,True,True,True,True,6,True,6,,
hsk-old-6-埋怨,6,埋怨,埋怨,mán yuàn,complain,no lexical issue identified in this pass,,,,,55240,True,True,True,True,True,True,6,True,6,,
hsk-old-6-埋没,6,埋没,埋沒,mái mò,oblivion,no lexical issue identified in this pass,,,,,55259,True,True,True,True,True,True,6,True,6,,
hsk-old-6-埋葬,6,埋葬,埋葬,mái zàng,bury,no lexical issue identified in this pass,,,,,55279,True,True,True,True,True,True,6,True,6,,
hsk-old-6-城堡,6,城堡,城堡,chéng bǎo,castle,no lexical issue identified in this pass,,,,,55294,True,True,True,True,True,True,6,True,6,,
hsk-old-6-培育,6,培育,培育,péi yù,to train,no lexical issue identified in this pass,,,,,55310,True,True,True,True,True,True,6,True,6,,
hsk-old-6-培训,6,培训,培訓,péi xùn,cultivate,no lexical issue identified in this pass,,,,,55326,True,True,True,True,True,True,6,True,5,,
hsk-old-6-基因,6,基因,基因,jī yīn,gene,no lexical issue identified in this pass,,,,,55345,True,True,True,True,True,True,6,True,6,,
hsk-old-6-基地,6,基地,基地,jī dì,base (of operations),no lexical issue identified in this pass,,,,,55360,True,True,True,True,True,True,6,True,6,,
hsk-old-6-基金,6,基金,基金,jī jīn,fund,no lexical issue identified in this pass,,,,,55377,True,True,True,True,True,True,6,True,6,,
hsk-old-6-堆积,6,堆积,堆積,duī jī,pile up,no lexical issue identified in this pass,,,,,55392,True,True,True,True,True,True,6,True,6,,
hsk-old-6-堕落,6,堕落,墮落,duò luò,morally degenerate,no lexical issue identified in this pass,,,,,55410,True,True,True,True,True,True,6,True,6,,
hsk-old-6-堤坝,6,堤坝,堤壩,dī bà,dam,no lexical issue identified in this pass,,,,,55430,True,True,True,True,True,True,6,True,6,,
hsk-old-6-堵塞,6,堵塞,堵塞,dǔ sè,block,no lexical issue identified in this pass,,,,,55446,True,True,True,True,True,True,6,True,6,,
hsk-old-6-塌,6,塌,塌,tā,collapse,no lexical issue identified in this pass,,,,,55463,True,True,True,True,True,True,6,True,6,,
hsk-old-6-塑造,6,塑造,塑造,sù zào,to shape,no lexical issue identified in this pass,,,,,55480,True,True,True,True,True,True,6,True,6,,
hsk-old-6-境界,6,境界,境界,jìng jiè,boundary,no lexical issue identified in this pass,,,,,55499,True,True,True,True,True,True,6,True,6,,
hsk-old-6-增添,6,增添,增添,zēng tiān,add to,no lexical issue identified in this pass,,,,,55516,True,True,True,True,True,True,6,True,6,,
hsk-old-6-墨水儿,6,墨水儿,墨水兒,mò shuǐ r,ink,no lexical issue identified in this pass,,,,,55532,True,True,True,True,True,True,6,True,6,no part-of-speech metadata; allowed by the current data contract,
hsk-old-6-壮丽,6,壮丽,壯麗,zhuàng lì,magnificence,no lexical issue identified in this pass,,,,,55546,True,True,True,True,True,True,6,True,6,,
hsk-old-6-壮烈,6,壮烈,壯烈,zhuàng liè,brave and honorable,no lexical issue identified in this pass,,,,,55565,True,True,True,True,True,True,6,True,6,,
hsk-old-6-壮观,6,壮观,壯觀,zhuàng guān,spectacular,no lexical issue identified in this pass,,,,,55582,True,True,True,True,True,True,6,True,6,,
hsk-old-6-声势,6,声势,聲勢,shēng shì,momentum,no lexical issue identified in this pass,,,,,55599,True,True,True,True,True,True,6,True,6,,
hsk-old-6-声明,6,声明,聲明,shēng míng,statement,no lexical issue identified in this pass,,,,,55618,True,True,True,True,True,True,6,True,6,,
hsk-old-6-声誉,6,声誉,聲譽,shēng yù,reputation,no lexical issue identified in this pass,,,,,55637,True,True,True,True,True,True,6,True,6,,
hsk-old-6-处分,6,处分,處分,chǔ fèn,punish,no lexical issue identified in this pass,,,,,55653,True,True,True,True,True,True,6,True,6,,
hsk-old-6-处境,6,处境,處境,chǔ jìng,plight,no lexical issue identified in this pass,,,,,55673,True,True,True,True,True,True,6,True,6,,
hsk-old-6-处置,6,处置,處置,chǔ zhì,to handle,no lexical issue identified in this pass,,,,,55688,True,True,True,True,True,True,6,True,6,,
hsk-old-6-备份,6,备份,備份,bèi fèn,to back up,no lexical issue identified in this pass,,,,,55706,True,True,True,True,True,True,6,True,6,,
hsk-old-6-备忘录,6,备忘录,備忘錄,bèi wàng lù,memorandum,no lexical issue identified in this pass,,,,,55721,True,True,True,True,True,True,6,True,6,,
hsk-old-6-复兴,6,复兴,復興,fù xīng,revive,no lexical issue identified in this pass,,,,,55738,True,True,True,True,True,True,6,True,6,,
hsk-old-6-复活,6,复活,復活,fù huó,resurrection,no lexical issue identified in this pass,,,,,55755,True,True,True,True,True,True,6,True,6,,
hsk-old-6-夏令营,6,夏令营,夏令營,xià lìng yíng,summer camp,no lexical issue identified in this pass,,,,,55773,True,True,True,True,True,True,6,True,5,,
hsk-old-6-夕阳,6,夕阳,夕陽,xī yáng,setting sun,no lexical issue identified in this pass,,,,,55788,True,True,True,True,True,True,6,True,6,,
hsk-old-6-外向,6,外向,外向,wài xiàng,extroverted,no lexical issue identified in this pass,,,,,55804,True,True,True,True,True,True,6,True,6,,
hsk-old-6-外界,6,外界,外界,wài jiè,the outside world,no lexical issue identified in this pass,,,,,55821,True,True,True,True,True,True,6,True,6,,
hsk-old-6-外行,6,外行,外行,wài háng,layman,no lexical issue identified in this pass,,,,,55837,True,True,True,True,True,True,6,True,6,,
hsk-old-6-外表,6,外表,外表,wài biǎo,outward appearance,no lexical issue identified in this pass,,,,,55854,True,True,True,True,True,True,6,True,6,,
hsk-old-6-多元化,6,多元化,多元化,duō yuán huà,diversify,no lexical issue identified in this pass,,,,,55871,True,True,True,True,True,True,6,True,6,,
hsk-old-6-大不了,6,大不了,大不了,dà bù liǎo,at the worst,finding,P3,reading variant,Review dà bu liǎo as the common current reading,Current CC-CEDICT and the glossary use neutral bu; the HSK list and app retain bù.,55889,True,True,True,False,False,True,6,True,6,,
hsk-old-6-大伙儿,6,大伙儿,大伙兒,dà huǒ r,everyone,no lexical issue identified in this pass,,,,,55906,True,True,True,True,True,True,6,True,6,,
hsk-old-6-大体,6,大体,大體,dà tǐ,in general,no lexical issue identified in this pass,,,,,55923,True,True,True,True,True,True,6,True,6,,
hsk-old-6-大厦,6,大厦,大廈,dà shà,large building,no lexical issue identified in this pass,,,,,55941,True,True,True,True,True,True,6,True,5,,
hsk-old-6-大意,6,大意,大意,dà yi,main idea,finding,P1,reading/sense,"dà yi; careless, or dà yì; main idea",The neutral-tone form means careless; the study gloss is from the fourth-tone form.,55956,True,True,True,True,True,True,6,True,6,,
hsk-old-6-大肆,6,大肆,大肆,dà sì,wantonly,no lexical issue identified in this pass,,,,,55972,True,True,True,True,True,True,6,True,6,,
hsk-old-6-大臣,6,大臣,大臣,dà chén,chancellor,no lexical issue identified in this pass,,,,,55989,True,True,True,True,True,True,6,True,6,,
hsk-old-6-大致,6,大致,大致,dà zhì,more or less,no lexical issue identified in this pass,,,,,56005,True,True,True,True,True,True,6,True,6,,
hsk-old-6-天伦之乐,6,天伦之乐,天倫之樂,tiān lún zhī lè,family happiness,no lexical issue identified in this pass,,,,,56021,True,True,True,True,True,True,6,True,6,,
hsk-old-6-天堂,6,天堂,天堂,tiān táng,paradise,no lexical issue identified in this pass,,,,,56037,True,True,True,True,True,True,6,True,6,,
hsk-old-6-天才,6,天才,天才,tiān cái,talent,no lexical issue identified in this pass,,,,,56053,True,True,True,True,True,True,6,True,6,personal-name POS appears on a common-word reading; review sense-specific tags,
hsk-old-6-天文,6,天文,天文,tiān wén,astronomy,no lexical issue identified in this pass,,,,,56073,True,True,True,True,True,True,6,True,6,,
hsk-old-6-天然气,6,天然气,天然氣,tiān rán qì,natural gas,no lexical issue identified in this pass,,,,,56088,True,True,True,True,True,True,6,True,6,,
hsk-old-6-天生,6,天生,天生,tiān shēng,innate,no lexical issue identified in this pass,,,,,56103,True,True,True,True,True,True,6,True,6,,
hsk-old-6-太空,6,太空,太空,tài kōng,outer space,no lexical issue identified in this pass,,,,,56122,True,True,True,True,True,True,6,True,6,,
hsk-old-6-夫人,6,夫人,夫人,fū ren,lady,no lexical issue identified in this pass,,,,,56137,True,True,True,True,True,True,6,True,6,,
hsk-old-6-夫妇,6,夫妇,夫婦,fū fù,married couple,no lexical issue identified in this pass,,,,,56154,True,True,True,True,True,True,6,True,6,,
hsk-old-6-失误,6,失误,失誤,shī wù,mistake,no lexical issue identified in this pass,,,,,56170,True,True,True,True,True,True,6,True,6,,
hsk-old-6-失踪,6,失踪,失蹤,shī zōng,be missing,no lexical issue identified in this pass,,,,,56190,True,True,True,True,True,True,6,True,6,,
hsk-old-6-夹杂,6,夹杂,夾雜,jiā zá,mix together,no lexical issue identified in this pass,,,,,56208,True,True,True,True,True,True,6,True,6,,
hsk-old-6-奇妙,6,奇妙,奇妙,qí miào,wonderful,no lexical issue identified in this pass,,,,,56226,True,True,True,True,True,True,6,True,6,,
hsk-old-6-奉献,6,奉献,奉獻,fèng xiàn,consecrate,no lexical issue identified in this pass,,,,,56242,True,True,True,True,True,True,6,True,6,,
hsk-old-6-奔波,6,奔波,奔波,bēn bō,rush about,no lexical issue identified in this pass,,,,,56262,True,True,True,True,True,True,6,True,6,,
hsk-old-6-奔驰,6,奔驰,奔馳,bēn chí,run quickly,no lexical issue identified in this pass,,,,,56278,True,True,True,True,True,True,6,True,6,,
hsk-old-6-奖励,6,奖励,獎勵,jiǎng lì,to reward (as encouragement),no lexical issue identified in this pass,,,,,56297,True,True,True,True,True,True,6,True,6,,
hsk-old-6-奖赏,6,奖赏,獎賞,jiǎng shǎng,to reward,no lexical issue identified in this pass,,,,,56314,True,True,True,True,True,True,6,True,6,,
hsk-old-6-奠定,6,奠定,奠定,diàn dìng,establish,no lexical issue identified in this pass,,,,,56331,True,True,True,True,True,True,6,True,6,,
hsk-old-6-奢侈,6,奢侈,奢侈,shē chǐ,luxury,no lexical issue identified in this pass,,,,,56348,True,True,True,True,True,True,6,True,6,,
hsk-old-6-奥秘,6,奥秘,奧祕,ào mì,mystery,no lexical issue identified in this pass,,,,,56365,True,True,True,True,True,True,6,True,6,,
hsk-old-6-奴隶,6,奴隶,奴隸,nú lì,slave,no lexical issue identified in this pass,,,,,56381,True,True,True,True,True,True,6,True,6,,
hsk-old-6-好客,6,好客,好客,hào kè,hospitable,no lexical issue identified in this pass,,,,,56396,True,True,True,True,True,True,6,True,5,,
hsk-old-6-妄想,6,妄想,妄想,wàng xiǎng,vainly hope,no lexical issue identified in this pass,,,,,56416,True,True,True,True,True,True,6,True,6,,
hsk-old-6-妥协,6,妥协,妥協,tuǒ xié,to compromise,no lexical issue identified in this pass,,,,,56434,True,True,True,True,True,True,6,True,6,,
hsk-old-6-妥善,6,妥善,妥善,tuǒ shàn,appropriate,no lexical issue identified in this pass,,,,,56452,True,True,True,True,True,True,6,True,6,,
hsk-old-6-妥当,6,妥当,妥當,tuǒ dang,appropriate,no lexical issue identified in this pass,,,,,56468,True,True,True,True,True,True,6,True,6,,
hsk-old-6-姑且,6,姑且,姑且,gū qiě,temporarily,no lexical issue identified in this pass,,,,,56485,True,True,True,True,True,True,6,True,6,,
hsk-old-6-委员,6,委员,委員,wěi yuán,committee member,no lexical issue identified in this pass,,,,,56501,True,True,True,True,True,True,6,True,6,,
hsk-old-6-姿态,6,姿态,姿態,zī tài,attitude,no lexical issue identified in this pass,,,,,56516,True,True,True,True,True,True,6,True,6,,
hsk-old-6-威信,6,威信,威信,wēi xìn,prestige,no lexical issue identified in this pass,,,,,56533,True,True,True,True,True,True,6,True,6,,
hsk-old-6-威力,6,威力,威力,wēi lì,might,no lexical issue identified in this pass,,,,,56551,True,True,True,True,True,True,6,True,6,,
hsk-old-6-威望,6,威望,威望,wēi wàng,prestige,no lexical issue identified in this pass,,,,,56567,True,True,True,True,True,True,6,True,6,,
hsk-old-6-威风,6,威风,威風,wēi fēng,awe-inspiring authority,no lexical issue identified in this pass,,,,,56582,True,True,True,True,True,True,6,True,6,,
hsk-old-6-娃娃,6,娃娃,娃娃,wá wa,baby,no lexical issue identified in this pass,,,,,56601,True,True,True,True,True,True,6,True,6,,
hsk-old-6-娇气,6,娇气,嬌氣,jiāo qì,delicate,no lexical issue identified in this pass,,,,,56618,True,True,True,True,True,True,6,True,6,,
hsk-old-6-婴儿,6,婴儿,嬰兒,yīng ér,baby infant,no lexical issue identified in this pass,,,,,56636,True,True,True,True,True,True,6,True,6,,
hsk-old-6-媒介,6,媒介,媒介,méi jiè,media,no lexical issue identified in this pass,,,,,56653,True,True,True,True,True,True,6,True,6,,
hsk-old-6-媒体,6,媒体,媒體,méi tǐ,(news) media,no lexical issue identified in this pass,,,,,56672,True,True,True,True,True,True,6,True,5,,
hsk-old-6-媳妇,6,媳妇,媳婦,xí fù,daughter-in-law,no lexical issue identified in this pass,,,,,56687,True,True,True,True,True,True,6,True,6,,
hsk-old-6-嫂子,6,嫂子,嫂子,sǎo zi,(informal) elder brother's wife,no lexical issue identified in this pass,,,,,56705,True,True,True,True,True,True,6,True,6,,
hsk-old-6-嫉妒,6,嫉妒,嫉妒,jí dù,to be jealous,no lexical issue identified in this pass,,,,,56720,True,True,True,True,True,True,6,True,6,,
hsk-old-6-嫌,6,嫌,嫌,xián,to dislike,finding,P2,raw cross-reference,Restore the complete dictionary cross-reference to 嫌犯.,A raw dictionary definition has a truncated Hanzi reference; this reaches the Dictionary detail list.,56735,True,True,True,True,True,True,6,True,6,,suspicion
hsk-old-6-嫌疑,6,嫌疑,嫌疑,xián yí,suspicion,no lexical issue identified in this pass,,,,,56755,True,True,True,True,True,True,6,True,6,,
hsk-old-6-子弹,6,子弹,子彈,zǐ dàn,bullet,no lexical issue identified in this pass,,,,,56771,True,True,True,True,True,True,6,True,6,,
hsk-old-6-孔,6,孔,孔,kǒng,hole,no lexical issue identified in this pass,,,,,56786,True,True,True,True,True,True,6,True,6,personal-name POS appears on a common-word reading; review sense-specific tags,
hsk-old-6-孕育,6,孕育,孕育,yùn yù,be pregnant,no lexical issue identified in this pass,,,,,56804,True,True,True,True,True,True,6,True,6,,
hsk-old-6-字母,6,字母,字母,zì mǔ,letter (of the alphabet),no lexical issue identified in this pass,,,,,56823,True,True,True,True,True,True,6,True,5,,
hsk-old-6-季军,6,季军,季軍,jì jūn,third in a race,no lexical issue identified in this pass,,,,,56838,True,True,True,True,True,True,6,True,6,,
hsk-old-6-季度,6,季度,季度,jì dù,(financial) quarter,no lexical issue identified in this pass,,,,,56854,True,True,True,True,True,True,6,True,6,,
hsk-old-6-孤独,6,孤独,孤獨,gū dú,lonely,no lexical issue identified in this pass,,,,,56870,True,True,True,True,True,True,6,True,6,,
hsk-old-6-孤立,6,孤立,孤立,gū lì,isolate,no lexical issue identified in this pass,,,,,56887,True,True,True,True,True,True,6,True,6,,
hsk-old-6-学位,6,学位,學位,xué wèi,academic degree,no lexical issue identified in this pass,,,,,56906,True,True,True,True,True,True,6,True,6,,
hsk-old-6-学历,6,学历,學歷,xué lì,educational background,no lexical issue identified in this pass,,,,,56922,True,True,True,True,True,True,6,True,5,,
hsk-old-6-学说,6,学说,學說,xué shuō,theory,no lexical issue identified in this pass,,,,,56938,True,True,True,True,True,True,6,True,6,,
hsk-old-6-宁愿,6,宁愿,寧願,nìng yuàn,would rather,no lexical issue identified in this pass,,,,,56954,True,True,True,True,True,True,6,True,6,,
hsk-old-6-宁肯,6,宁肯,寧肯,nìng kěn,would rather ...,no lexical issue identified in this pass,,,,,56971,True,True,True,True,True,True,6,True,6,,
hsk-old-6-守护,6,守护,守護,shǒu hù,guard,no lexical issue identified in this pass,,,,,56989,True,True,True,True,True,True,6,True,6,,
hsk-old-6-安宁,6,安宁,安寧,ān níng,peaceful,no lexical issue identified in this pass,,,,,57006,True,True,True,True,True,True,6,True,6,,
hsk-old-6-安居乐业,6,安居乐业,安居樂業,ān jū lè yè,to live in peace and work happily (idiom),no lexical issue identified in this pass,,,,,57026,True,True,True,True,True,True,6,False,,,
hsk-old-6-安置,6,安置,安置,ān zhì,find a place for,no lexical issue identified in this pass,,,,,57041,True,True,True,True,True,True,6,True,6,,
hsk-old-6-安详,6,安详,安詳,ān xiáng,serene,no lexical issue identified in this pass,,,,,57061,True,True,True,True,True,True,6,True,6,,
hsk-old-6-完备,6,完备,完備,wán bèi,complete,no lexical issue identified in this pass,,,,,57077,True,True,True,True,True,True,6,True,6,,
hsk-old-6-完毕,6,完毕,完畢,wán bì,finish,no lexical issue identified in this pass,,,,,57097,True,True,True,True,True,True,6,True,6,,complete
hsk-old-6-宏伟,6,宏伟,宏偉,hóng wěi,grand,no lexical issue identified in this pass,,,,,57114,True,True,True,True,True,True,6,True,6,,
hsk-old-6-宏观,6,宏观,宏觀,hóng guān,macro-,no lexical issue identified in this pass,,,,,57131,True,True,True,True,True,True,6,True,6,,
hsk-old-6-宗旨,6,宗旨,宗旨,zōng zhǐ,purpose,no lexical issue identified in this pass,,,,,57148,True,True,True,True,True,True,6,True,6,,
hsk-old-6-官方,6,官方,官方,guān fāng,official,no lexical issue identified in this pass,,,,,57165,True,True,True,True,True,True,6,True,6,,
hsk-old-6-定义,6,定义,定義,dìng yì,definition,no lexical issue identified in this pass,,,,,57181,True,True,True,True,True,True,6,True,6,,
hsk-old-6-定期,6,定期,定期,dìng qī,regularly,no lexical issue identified in this pass,,,,,57198,True,True,True,True,True,True,6,True,6,,
hsk-old-6-实事求是,6,实事求是,實事求是,shí shì qiú shì,be practical and realistic,no lexical issue identified in this pass,,,,,57218,True,True,True,True,True,True,6,True,6,,
hsk-old-6-实力,6,实力,實力,shí lì,strength,no lexical issue identified in this pass,,,,,57234,True,True,True,True,True,True,6,True,6,,
hsk-old-6-实惠,6,实惠,實惠,shí huì,substantial material benefit,no lexical issue identified in this pass,,,,,57249,True,True,True,True,True,True,6,True,6,,
hsk-old-6-实施,6,实施,實施,shí shī,to implement,no lexical issue identified in this pass,,,,,57270,True,True,True,True,True,True,6,True,6,,
hsk-old-6-实质,6,实质,實質,shí zhì,substance,no lexical issue identified in this pass,,,,,57287,True,True,True,True,True,True,6,True,6,,
hsk-old-6-审判,6,审判,審判,shěn pàn,put (someone) to trial,no lexical issue identified in this pass,,,,,57303,True,True,True,True,True,True,6,True,6,,
hsk-old-6-审查,6,审查,審查,shěn chá,examine,no lexical issue identified in this pass,,,,,57320,True,True,True,True,True,True,6,True,6,,
hsk-old-6-审理,6,审理,審理,shěn lǐ,hear (a case),no lexical issue identified in this pass,,,,,57339,True,True,True,True,True,True,6,True,6,,
hsk-old-6-审美,6,审美,審美,shěn měi,aesthetic sense,no lexical issue identified in this pass,,,,,57355,True,True,True,True,True,True,6,True,6,,
hsk-old-6-客户,6,客户,客戶,kè hù,customer,no lexical issue identified in this pass,,,,,57372,True,True,True,True,True,True,6,True,6,,
hsk-old-6-宣扬,6,宣扬,宣揚,xuān yáng,publicize,no lexical issue identified in this pass,,,,,57388,True,True,True,True,True,True,6,True,6,,
hsk-old-6-宣誓,6,宣誓,宣誓,xuān shì,swear an oath (of office),no lexical issue identified in this pass,,,,,57403,True,True,True,True,True,True,6,True,6,,
hsk-old-6-宪法,6,宪法,憲法,xiàn fǎ,constitution,no lexical issue identified in this pass,,,,,57420,True,True,True,True,True,True,6,True,6,,
hsk-old-6-宫殿,6,宫殿,宮殿,gōng diàn,palace,no lexical issue identified in this pass,,,,,57435,True,True,True,True,True,True,6,True,6,,
hsk-old-6-宰,6,宰,宰,zǎi,slaughter,no lexical issue identified in this pass,,,,,57450,True,True,True,True,True,True,6,True,6,,
hsk-old-6-家伙,6,家伙,家伙,jiā huo,guy,no lexical issue identified in this pass,,,,,57468,True,True,True,True,True,True,6,True,6,,
hsk-old-6-家喻户晓,6,家喻户晓,家喻戶曉,jiā yù hù xiǎo,become a household name,no lexical issue identified in this pass,,,,,57487,True,True,True,True,True,True,6,True,6,,
hsk-old-6-家属,6,家属,家屬,jiā shǔ,family member,no lexical issue identified in this pass,,,,,57503,True,True,True,True,True,True,6,True,6,,
hsk-old-6-家常,6,家常,家常,jiā cháng,the daily life of a family,no lexical issue identified in this pass,,,,,57519,True,True,True,True,True,True,6,True,6,,
hsk-old-6-容器,6,容器,容器,róng qì,container,no lexical issue identified in this pass,,,,,57534,True,True,True,True,True,True,6,True,6,,
hsk-old-6-容忍,6,容忍,容忍,róng rěn,put up with,no lexical issue identified in this pass,,,,,57551,True,True,True,True,True,True,6,True,6,,
hsk-old-6-容纳,6,容纳,容納,róng nà,contain,no lexical issue identified in this pass,,,,,57568,True,True,True,True,True,True,6,True,6,,
hsk-old-6-容貌,6,容貌,容貌,róng mào,facial features,no lexical issue identified in this pass,,,,,57586,True,True,True,True,True,True,6,True,6,,
hsk-old-6-宽敞,6,宽敞,寬敞,kuān chang,spacious,no lexical issue identified in this pass,,,,,57604,True,True,True,True,True,True,6,True,6,,
hsk-old-6-寂静,6,寂静,寂靜,jì jìng,quiet,no lexical issue identified in this pass,,,,,57620,True,True,True,True,True,True,6,True,6,,
hsk-old-6-寄托,6,寄托,寄託,jì tuō,entrust somebody someone's care,no lexical issue identified in this pass,,,,,57636,True,True,True,True,True,True,6,True,6,,
hsk-old-6-密封,6,密封,密封,mì fēng,seal up,no lexical issue identified in this pass,,,,,57654,True,True,True,True,True,True,6,True,6,,
hsk-old-6-密度,6,密度,密度,mì dù,density,no lexical issue identified in this pass,,,,,57670,True,True,True,True,True,True,6,True,6,,
hsk-old-6-富裕,6,富裕,富裕,fù yù,rich,no lexical issue identified in this pass,,,,,57686,True,True,True,True,True,True,6,True,6,,
hsk-old-6-寒暄,6,寒暄,寒暄,hán xuān,exchanging conventional greetings,no lexical issue identified in this pass,,,,,57704,True,True,True,True,True,True,6,True,6,,
hsk-old-6-寓言,6,寓言,寓言,yù yán,fable,no lexical issue identified in this pass,,,,,57720,True,True,True,True,True,True,6,True,6,,
hsk-old-6-对付,6,对付,對付,duì fu,to handle,no lexical issue identified in this pass,,,,,57735,True,True,True,True,True,True,6,True,6,,
hsk-old-6-对应,6,对应,對應,duì yìng,corresponding,no lexical issue identified in this pass,,,,,57752,True,True,True,True,True,True,6,True,6,,
hsk-old-6-对抗,6,对抗,對抗,duì kàng,withstand,no lexical issue identified in this pass,,,,,57768,True,True,True,True,True,True,6,True,6,,
hsk-old-6-对照,6,对照,對照,duì zhào,contrast,no lexical issue identified in this pass,,,,,57788,True,True,True,True,True,True,6,True,6,,
hsk-old-6-对称,6,对称,對稱,duì chèn,symmetry,no lexical issue identified in this pass,,,,,57807,True,True,True,True,True,True,6,True,6,,
hsk-old-6-对立,6,对立,對立,duì lì,oppose,no lexical issue identified in this pass,,,,,57824,True,True,True,True,True,True,6,True,6,,
hsk-old-6-对策,6,对策,對策,duì cè,countermeasure for dealing with a situation,no lexical issue identified in this pass,,,,,57846,True,True,True,True,True,True,6,True,6,,
hsk-old-6-对联,6,对联,對聯,duì lián,rhyming couplet,no lexical issue identified in this pass,,,,,57861,True,True,True,True,True,True,6,True,6,,
hsk-old-6-寻觅,6,寻觅,尋覓,xún mì,to seek,no lexical issue identified in this pass,,,,,57877,True,True,True,True,True,True,6,True,6,,
hsk-old-6-导向,6,导向,導向,dǎo xiàng,guidance,no lexical issue identified in this pass,,,,,57892,True,True,True,True,True,True,6,True,6,,
hsk-old-6-导弹,6,导弹,導彈,dǎo dàn,guided missile,no lexical issue identified in this pass,,,,,57908,True,True,True,True,True,True,6,True,6,,
hsk-old-6-导航,6,导航,導航,dǎo háng,navigation,no lexical issue identified in this pass,,,,,57923,True,True,True,True,True,True,6,True,6,,
hsk-old-6-封建,6,封建,封建,fēng jiàn,feudal,no lexical issue identified in this pass,,,,,57939,True,True,True,True,True,True,6,True,6,,
hsk-old-6-封锁,6,封锁,封鎖,fēng suǒ,to blockade,no lexical issue identified in this pass,,,,,57957,True,True,True,True,True,True,6,True,6,,
hsk-old-6-封闭,6,封闭,封閉,fēng bì,to seal,no lexical issue identified in this pass,,,,,57975,True,True,True,True,True,True,6,True,6,,
hsk-old-6-将军,6,将军,將軍,jiāng jūn,a general (military officer),no lexical issue identified in this pass,,,,,57993,True,True,True,True,True,True,6,True,6,,
hsk-old-6-将近,6,将近,將近,jiāng jìn,almost,no lexical issue identified in this pass,,,,,58013,True,True,True,True,True,True,6,True,6,,
hsk-old-6-尊严,6,尊严,尊嚴,zūn yán,dignity,no lexical issue identified in this pass,,,,,58030,True,True,True,True,True,True,6,True,6,,
hsk-old-6-小心翼翼,6,小心翼翼,小心翼翼,xiǎo xīn yì yì,carefully,no lexical issue identified in this pass,,,,,58048,True,True,True,True,True,True,6,True,6,,
hsk-old-6-尖端,6,尖端,尖端,jiān duān,highest peak,no lexical issue identified in this pass,,,,,58065,True,True,True,True,True,True,6,True,6,,
hsk-old-6-尝试,6,尝试,嘗試,cháng shì,to try,no lexical issue identified in this pass,,,,,58087,True,True,True,True,True,True,6,True,6,,
hsk-old-6-就业,6,就业,就業,jiù yè,employment,no lexical issue identified in this pass,,,,,58103,True,True,True,True,True,True,6,True,6,,
hsk-old-6-就职,6,就职,就職,jiù zhí,take office,no lexical issue identified in this pass,,,,,58120,True,True,True,True,True,True,6,True,6,,
hsk-old-6-就近,6,就近,就近,jiù jìn,nearby,no lexical issue identified in this pass,,,,,58136,True,True,True,True,True,True,6,True,6,,
hsk-old-6-尴尬,6,尴尬,尷尬,gān gà,awkward,no lexical issue identified in this pass,,,,,58154,True,True,True,True,True,True,6,True,6,,
hsk-old-6-尸体,6,尸体,屍體,shī tǐ,dead body,no lexical issue identified in this pass,,,,,58171,True,True,True,True,True,True,6,True,6,,
hsk-old-6-尽快,6,尽快,儘快,jǐn kuài,as quickly as possible,no lexical issue identified in this pass,,,,,58188,True,True,True,True,True,True,6,True,5,,
hsk-old-6-局势,6,局势,局勢,jú shì,situation,no lexical issue identified in this pass,,,,,58203,True,True,True,True,True,True,6,True,6,,
hsk-old-6-局部,6,局部,局部,jú bù,part,no lexical issue identified in this pass,,,,,58219,True,True,True,True,True,True,6,True,6,,
hsk-old-6-局限,6,局限,局限,jú xiàn,to limit,no lexical issue identified in this pass,,,,,58235,True,True,True,True,True,True,6,True,6,,
hsk-old-6-局面,6,局面,局面,jú miàn,aspect,no lexical issue identified in this pass,,,,,58253,True,True,True,True,True,True,6,True,6,,
hsk-old-6-屁股,6,屁股,屁股,pì gu,butt,no lexical issue identified in this pass,,,,,58270,True,True,True,True,True,True,6,True,6,,
hsk-old-6-层出不穷,6,层出不穷,層出不窮,céng chū bù qióng,(idiom) emerge more and more,no lexical issue identified in this pass,,,,,58288,True,True,True,True,True,True,6,True,6,,
hsk-old-6-层次,6,层次,層次,céng cì,level,no lexical issue identified in this pass,,,,,58305,True,True,True,True,True,True,6,True,6,,
hsk-old-6-居住,6,居住,居住,jū zhù,reside,no lexical issue identified in this pass,,,,,58324,True,True,True,True,True,True,6,True,6,,
hsk-old-6-屈服,6,屈服,屈服,qū fú,yield,no lexical issue identified in this pass,,,,,58343,True,True,True,True,True,True,6,True,6,,
hsk-old-6-屏障,6,屏障,屏障,píng zhàng,wall,no lexical issue identified in this pass,,,,,58362,True,True,True,True,True,True,6,True,6,,
hsk-old-6-屑,6,屑,屑,xiè,crumbs,no lexical issue identified in this pass,,,,,58377,True,True,True,True,True,True,6,True,6,,
hsk-old-6-展望,6,展望,展望,zhǎn wàng,outlook,no lexical issue identified in this pass,,,,,58399,True,True,True,True,True,True,6,True,6,,
hsk-old-6-展现,6,展现,展現,zhǎn xiàn,come out,no lexical issue identified in this pass,,,,,58418,True,True,True,True,True,True,6,True,6,,
hsk-old-6-展示,6,展示,展示,zhǎn shì,open up,no lexical issue identified in this pass,,,,,58433,True,True,True,True,True,True,6,True,6,,
hsk-old-6-屡次,6,屡次,屢次,lǚ cì,repeatedly,no lexical issue identified in this pass,,,,,58449,True,True,True,True,True,True,6,True,6,,
hsk-old-6-履行,6,履行,履行,lǚ xíng,fulfill (one's obligations),no lexical issue identified in this pass,,,,,58465,True,True,True,True,True,True,6,True,6,,
hsk-old-6-山脉,6,山脉,山脈,shān mài,mountain range,no lexical issue identified in this pass,,,,,58484,True,True,True,True,True,True,6,True,6,,
hsk-old-6-岁月,6,岁月,歲月,suì yuè,the years of a person's life,no lexical issue identified in this pass,,,,,58499,True,True,True,True,True,True,6,True,6,,
hsk-old-6-岂有此理,6,岂有此理,豈有此理,qǐ yǒu cǐ lǐ,outrageous,no lexical issue identified in this pass,,,,,58515,True,True,True,True,True,True,6,True,6,no part-of-speech metadata; allowed by the current data contract,
hsk-old-6-岔,6,岔,岔,chà,fork in the road,no lexical issue identified in this pass,,,,,58530,True,True,True,True,True,True,6,True,6,,
hsk-old-6-岗位,6,岗位,崗位,gǎng wèi,a post,no lexical issue identified in this pass,,,,,58554,True,True,True,True,True,True,6,True,6,,
hsk-old-6-岛屿,6,岛屿,島嶼,dǎo yǔ,islands,no lexical issue identified in this pass,,,,,58569,True,True,True,True,True,True,6,True,5,,
hsk-old-6-岩石,6,岩石,岩石,yán shí,rock,no lexical issue identified in this pass,,,,,58584,True,True,True,True,True,True,6,True,6,,
hsk-old-6-岳父,6,岳父,岳父,yuè fù,"wife's father, father-in-law",no lexical issue identified in this pass,,,,,58599,True,True,True,True,True,True,6,False,,,
hsk-old-6-峡谷,6,峡谷,峽谷,xiá gǔ,canyon,no lexical issue identified in this pass,,,,,58614,True,True,True,True,True,True,6,True,6,,
hsk-old-6-崇拜,6,崇拜,崇拜,chóng bài,worship,no lexical issue identified in this pass,,,,,58631,True,True,True,True,True,True,6,True,6,,
hsk-old-6-崇敬,6,崇敬,崇敬,chóng jìng,revere,no lexical issue identified in this pass,,,,,58648,True,True,True,True,True,True,6,True,6,,
hsk-old-6-崇高,6,崇高,崇高,chóng gāo,lofty,no lexical issue identified in this pass,,,,,58666,True,True,True,True,True,True,6,True,6,,
hsk-old-6-崩溃,6,崩溃,崩潰,bēng kuì,collapse,no lexical issue identified in this pass,,,,,58682,True,True,True,True,True,True,6,True,6,,
hsk-old-6-崭新,6,崭新,嶄新,zhǎn xīn,brand new,no lexical issue identified in this pass,,,,,58698,True,True,True,True,True,True,6,True,6,,
hsk-old-6-川流不息,6,川流不息,川流不息,chuān liú bù xī,(saying) flowing of an endless stream,no lexical issue identified in this pass,,,,,58713,True,True,True,True,True,True,6,True,6,,
hsk-old-6-州,6,州,州,zhōu,province,no lexical issue identified in this pass,,,,,58728,True,True,True,True,True,True,6,True,6,,
hsk-old-6-巡逻,6,巡逻,巡邏,xún luó,"to patrol (police, army or navy)",no lexical issue identified in this pass,,,,,58748,True,True,True,True,True,True,6,True,6,,
hsk-old-6-工夫,6,工夫,工夫,gōng fu,"period of time (may be months, or mere seconds)",no lexical issue identified in this pass,,,,,58764,True,True,True,True,True,True,6,False,,,
hsk-old-6-工艺品,6,工艺品,工藝品,gōng yì pǐn,handicraft,no lexical issue identified in this pass,,,,,58783,True,True,True,True,True,True,6,True,6,,
hsk-old-6-左右,6,左右,左右,zuǒ yòu,about,no lexical issue identified in this pass,,,,,58799,True,True,True,True,True,True,6,True,4,,
hsk-old-6-巩固,6,巩固,鞏固,gǒng gù,consolidate,no lexical issue identified in this pass,,,,,58821,True,True,True,True,True,True,6,True,6,,
hsk-old-6-差距,6,差距,差距,chā jù,disparity,no lexical issue identified in this pass,,,,,58839,True,True,True,True,True,True,6,True,5,,
hsk-old-6-巴不得,6,巴不得,巴不得,bā bu de,eagerly look forward to,no lexical issue identified in this pass,,,,,58855,True,True,True,True,True,True,6,True,6,,
hsk-old-6-巴结,6,巴结,巴結,bā jie,to fawn on,no lexical issue identified in this pass,,,,,58872,True,True,True,True,True,True,6,True,6,,
hsk-old-6-巷,6,巷,巷,xiàng,lane,no lexical issue identified in this pass,,,,,58889,True,True,True,True,True,True,6,True,6,,
hsk-old-6-布告,6,布告,佈告,bù gào,notice,no lexical issue identified in this pass,,,,,58905,True,True,True,True,True,True,6,True,6,,
hsk-old-6-布局,6,布局,佈局,bù jú,arrangement,no lexical issue identified in this pass,,,,,58923,True,True,True,True,True,True,6,True,6,,
hsk-old-6-布置,6,布置,佈置,bù zhì,arrange,no lexical issue identified in this pass,,,,,58942,True,True,True,True,True,True,6,True,6,,
hsk-old-6-师范,6,师范,師範,shī fàn,teacher-training,no lexical issue identified in this pass,,,,,58962,True,True,True,True,True,True,6,True,6,no part-of-speech metadata; allowed by the current data contract,
hsk-old-6-帐篷,6,帐篷,帳篷,zhàng peng,tent,no lexical issue identified in this pass,,,,,58977,True,True,True,True,True,True,6,True,6,,
hsk-old-6-带领,6,带领,帶領,dài lǐng,to guide,no lexical issue identified in this pass,,,,,58992,True,True,True,True,True,True,6,True,6,,
hsk-old-6-常务,6,常务,常務,cháng wù,routine,finding,P2,definition,"executive; standing, for an organizational role",Routine is vague and hides titles such as 常务委员会.,59009,True,True,True,True,True,True,6,False,,,
hsk-old-6-常年,6,常年,常年,cháng nián,all year round,no lexical issue identified in this pass,,,,,59026,True,True,True,True,True,True,6,False,,,
hsk-old-6-幅度,6,幅度,幅度,fú dù,width,no lexical issue identified in this pass,,,,,59045,True,True,True,True,True,True,6,True,6,,
hsk-old-6-幢,6,幢,幢,zhuàng,"classifier for houses, buildings",no lexical issue identified in this pass,,,,,59063,True,True,True,True,True,True,6,True,6,,
hsk-old-6-干劲,6,干劲,幹勁,gàn jìn,enthusiasm,no lexical issue identified in this pass,,,,,59079,True,True,True,True,True,True,6,True,6,,
hsk-old-6-干扰,6,干扰,干擾,gān rǎo,interfere,no lexical issue identified in this pass,,,,,59094,True,True,True,True,True,True,6,True,6,,
hsk-old-6-干旱,6,干旱,乾旱,gān hàn,drought,no lexical issue identified in this pass,,,,,59113,True,True,True,True,True,True,6,True,6,,
hsk-old-6-干涉,6,干涉,干涉,gān shè,interfere,no lexical issue identified in this pass,,,,,59131,True,True,True,True,True,True,6,True,6,,meddle
hsk-old-6-干预,6,干预,干預,gān yù,meddle,no lexical issue identified in this pass,,,,,59149,True,True,True,True,True,True,6,True,6,,
hsk-old-6-平凡,6,平凡,平凡,píng fán,commonplace,no lexical issue identified in this pass,,,,,59167,True,True,True,True,True,True,6,True,6,,
hsk-old-6-平原,6,平原,平原,píng yuán,field,finding,P2,definition,plain; flat lowland,Field suggests a smaller cultivated plot.,59184,True,True,True,True,True,True,6,True,6,,
hsk-old-6-平坦,6,平坦,平坦,píng tǎn,flat,no lexical issue identified in this pass,,,,,59200,True,True,True,True,True,True,6,True,6,,
hsk-old-6-平行,6,平行,平行,píng xíng,parallel,no lexical issue identified in this pass,,,,,59218,True,True,True,True,True,True,6,True,6,,
hsk-old-6-平面,6,平面,平面,píng miàn,a plane (i.e. flat surface),no lexical issue identified in this pass,,,,,59236,True,True,True,True,True,True,6,True,6,,
hsk-old-6-年度,6,年度,年度,nián dù,"year (e.g. school year, fiscal year, etc.)",no lexical issue identified in this pass,,,,,59252,True,True,True,True,True,True,6,True,6,,
hsk-old-6-并列,6,并列,並列,bìng liè,stand side by side,no lexical issue identified in this pass,,,,,59268,True,True,True,True,True,True,6,True,6,,
hsk-old-6-并存,6,并存,並存,bìng cún,to exist at the same time,no lexical issue identified in this pass,,,,,59284,True,True,True,True,True,True,6,False,,,
hsk-old-6-并非,6,并非,並非,bìng fēi,really isn't,no lexical issue identified in this pass,,,,,59300,True,True,True,True,True,True,6,True,6,,
hsk-old-6-幸好,6,幸好,幸好,xìng hǎo,fortunately,no lexical issue identified in this pass,,,,,59316,True,True,True,True,True,True,6,False,,,
hsk-old-6-幼稚,6,幼稚,幼稚,yòu zhì,childish,no lexical issue identified in this pass,,,,,59331,True,True,True,True,True,True,6,True,6,,
hsk-old-6-广阔,6,广阔,廣闊,guǎng kuò,wide,no lexical issue identified in this pass,,,,,59349,True,True,True,True,True,True,6,True,6,,
hsk-old-6-庄严,6,庄严,莊嚴,zhuāng yán,stately,no lexical issue identified in this pass,,,,,59365,True,True,True,True,True,True,6,True,6,,
hsk-old-6-庄重,6,庄重,莊重,zhuāng zhòng,grave,no lexical issue identified in this pass,,,,,59381,True,True,True,True,True,True,6,True,6,,
hsk-old-6-床单,6,床单,床單,chuáng dān,bed sheet,no lexical issue identified in this pass,,,,,59399,True,True,True,True,True,True,6,True,6,,
hsk-old-6-序言,6,序言,序言,xù yán,"preface of a book, used to explain the book's objective",no lexical issue identified in this pass,,,,,59414,True,True,True,True,True,True,6,True,6,,
hsk-old-6-应邀,6,应邀,應邀,yìng yāo,at sb.'s invitation,no lexical issue identified in this pass,,,,,59432,True,True,True,True,True,True,6,True,6,,
hsk-old-6-应酬,6,应酬,應酬,yìng chou,socialize with,no lexical issue identified in this pass,,,,,59448,True,True,True,True,True,True,6,True,6,,
hsk-old-6-庞大,6,庞大,龐大,páng dà,enormous,no lexical issue identified in this pass,,,,,59465,True,True,True,True,True,True,6,True,6,,
hsk-old-6-废墟,6,废墟,廢墟,fèi xū,ruins,no lexical issue identified in this pass,,,,,59482,True,True,True,True,True,True,6,True,6,,
hsk-old-6-废除,6,废除,廢除,fèi chú,abolish,no lexical issue identified in this pass,,,,,59497,True,True,True,True,True,True,6,True,6,,
hsk-old-6-座右铭,6,座右铭,座右銘,zuò yòu míng,motto,no lexical issue identified in this pass,,,,,59515,True,True,True,True,True,True,6,True,6,,
hsk-old-6-庸俗,6,庸俗,庸俗,yōng sú,filthy,finding,P2,definition,vulgar; commonplace,Filthy is too strong and suggests dirt or obscenity.,59531,True,True,True,True,True,True,6,True,6,,
hsk-old-6-廉洁,6,廉洁,廉潔,lián jié,honest,no lexical issue identified in this pass,,,,,59548,True,True,True,True,True,True,6,True,6,,
hsk-old-6-延伸,6,延伸,延伸,yán shēn,extend,no lexical issue identified in this pass,,,,,59563,True,True,True,True,True,True,6,True,6,,
hsk-old-6-延期,6,延期,延期,yán qī,delay,no lexical issue identified in this pass,,,,,59580,True,True,True,True,True,True,6,True,6,,
hsk-old-6-延续,6,延续,延續,yán xù,continue,no lexical issue identified in this pass,,,,,59599,True,True,True,True,True,True,6,True,6,,
hsk-old-6-开展,6,开展,開展,kāi zhǎn,begin to develop,no lexical issue identified in this pass,,,,,59617,True,True,True,True,True,True,6,True,6,,
hsk-old-6-开拓,6,开拓,開拓,kāi tuò,break new ground (for agriculture),no lexical issue identified in this pass,,,,,59636,True,True,True,True,True,True,6,True,6,,
hsk-old-6-开支,6,开支,開支,kāi zhī,expenditures,no lexical issue identified in this pass,,,,,59654,True,True,True,True,True,True,6,True,6,,
hsk-old-6-开明,6,开明,開明,kāi míng,enlightened,no lexical issue identified in this pass,,,,,59673,True,True,True,True,True,True,6,True,6,,
hsk-old-6-开朗,6,开朗,開朗,kāi lǎng,outgoing and cheerful,no lexical issue identified in this pass,,,,,59690,True,True,True,True,True,True,6,True,6,,
hsk-old-6-开水,6,开水,開水,kāi shuǐ,boiled water,no lexical issue identified in this pass,,,,,59709,True,True,True,True,True,True,6,True,5,,
hsk-old-6-开辟,6,开辟,開闢,kāi pì,open up,no lexical issue identified in this pass,,,,,59725,True,True,True,True,True,True,6,True,6,,
hsk-old-6-开采,6,开采,開採,kāi cǎi,extract ore or some other natural resource from a mine,no lexical issue identified in this pass,,,,,59742,True,True,True,True,True,True,6,True,6,,
hsk-old-6-开阔,6,开阔,開闊,kāi kuò,wide,no lexical issue identified in this pass,,,,,59760,True,True,True,True,True,True,6,True,6,,
hsk-old-6-开除,6,开除,開除,kāi chú,expel,no lexical issue identified in this pass,,,,,59778,True,True,True,True,True,True,6,True,6,,
hsk-old-6-异常,6,异常,異常,yì cháng,exceptional,no lexical issue identified in this pass,,,,,59795,True,True,True,True,True,True,6,True,6,,
hsk-old-6-弊病,6,弊病,弊病,bì bìng,malady,no lexical issue identified in this pass,,,,,59813,True,True,True,True,True,True,6,True,6,,malpractice
hsk-old-6-弊端,6,弊端,弊端,bì duān,malpractice,no lexical issue identified in this pass,,,,,59832,True,True,True,True,True,True,6,True,6,,
hsk-old-6-引导,6,引导,引導,yǐn dǎo,to guide,no lexical issue identified in this pass,,,,,59847,True,True,True,True,True,True,6,True,6,,
hsk-old-6-引擎,6,引擎,引擎,yǐn qíng,engine,no lexical issue identified in this pass,,,,,59868,True,True,True,True,True,True,6,True,6,,
hsk-old-6-引用,6,引用,引用,yǐn yòng,quote,no lexical issue identified in this pass,,,,,59883,True,True,True,True,True,True,6,True,6,,
hsk-old-6-弥漫,6,弥漫,彌漫,mí màn,fill the air,no lexical issue identified in this pass,,,,,59903,True,True,True,True,True,True,6,True,6,,
hsk-old-6-弥补,6,弥补,彌補,mí bǔ,make up for a deficiency,no lexical issue identified in this pass,,,,,59925,True,True,True,True,True,True,6,True,6,,
hsk-old-6-弦,6,弦,弦,xián,bow string,no lexical issue identified in this pass,,,,,59942,True,True,True,True,True,True,6,True,6,,
hsk-old-6-弱点,6,弱点,弱點,ruò diǎn,weak point,no lexical issue identified in this pass,,,,,59961,True,True,True,True,True,True,6,True,6,,
hsk-old-6-弹性,6,弹性,彈性,tán xìng,flexibility,no lexical issue identified in this pass,,,,,59977,True,True,True,True,True,True,6,True,6,,
hsk-old-6-强制,6,强制,強制,qiáng zhì,enforce,no lexical issue identified in this pass,,,,,59993,True,True,True,True,True,True,6,True,6,,
hsk-old-6-强迫,6,强迫,強迫,qiǎng pò,compel,no lexical issue identified in this pass,,,,,60011,True,True,True,True,True,True,6,True,6,,
hsk-old-6-归根到底,6,归根到底,歸根到底,guī gēn dào dǐ,(saying) to sum it up ...,no lexical issue identified in this pass,,,,,60028,True,True,True,True,True,True,6,True,6,,
hsk-old-6-归纳,6,归纳,歸納,guī nà,conclude from the facts,no lexical issue identified in this pass,,,,,60045,True,True,True,True,True,True,6,True,5,,
hsk-old-6-归还,6,归还,歸還,guī huán,return something,no lexical issue identified in this pass,,,,,60064,True,True,True,True,True,True,6,True,6,,
hsk-old-6-当事人,6,当事人,當事人,dāng shì rén,persons involved or implicated,no lexical issue identified in this pass,,,,,60080,True,True,True,True,True,True,6,True,6,,
hsk-old-6-当初,6,当初,當初,dāng chū,at that time,no lexical issue identified in this pass,,,,,60095,True,True,True,True,True,True,6,True,6,,
hsk-old-6-当前,6,当前,當前,dāng qián,current,no lexical issue identified in this pass,,,,,60111,True,True,True,True,True,True,6,True,6,,
hsk-old-6-当务之急,6,当务之急,當務之急,dāng wù zhī jí,the most pressing matter of the moment,no lexical issue identified in this pass,,,,,60127,True,True,True,True,True,True,6,True,6,,
hsk-old-6-当场,6,当场,當場,dāng chǎng,at the scene,no lexical issue identified in this pass,,,,,60143,True,True,True,True,True,True,6,True,6,,
hsk-old-6-当心,6,当心,當心,dāng xīn,take care,no lexical issue identified in this pass,,,,,60159,True,True,True,True,True,True,6,True,5,,
hsk-old-6-当选,6,当选,當選,dāng xuǎn,be elected,no lexical issue identified in this pass,,,,,60175,True,True,True,True,True,True,6,True,6,,
hsk-old-6-当面,6,当面,當面,dāng miàn,to sb.'s face,no lexical issue identified in this pass,,,,,60192,True,True,True,True,True,True,6,True,6,,
hsk-old-6-形态,6,形态,形態,xíng tài,shape,no lexical issue identified in this pass,,,,,60208,True,True,True,True,True,True,6,True,6,,
hsk-old-6-彩票,6,彩票,彩票,cǎi piào,lottery,no lexical issue identified in this pass,,,,,60226,True,True,True,True,True,True,6,True,6,,
hsk-old-6-往事,6,往事,往事,wǎng shì,the past events,no lexical issue identified in this pass,,,,,60241,True,True,True,True,True,True,6,True,6,,
hsk-old-6-往常,6,往常,往常,wǎng cháng,habitually in the past,no lexical issue identified in this pass,,,,,60257,True,True,True,True,True,True,6,True,6,,
hsk-old-6-征收,6,征收,徵收,zhēng shōu,levy (fine),no lexical issue identified in this pass,,,,,60273,True,True,True,True,True,True,6,True,6,,
hsk-old-6-征服,6,征服,征服,zhēng fú,conquer,no lexical issue identified in this pass,,,,,60290,True,True,True,True,True,True,6,True,6,,
hsk-old-6-徒弟,6,徒弟,徒弟,tú dì,disciple,no lexical issue identified in this pass,,,,,60307,True,True,True,True,True,True,6,True,6,,
hsk-old-6-得不偿失,6,得不偿失,得不償失,dé bù cháng shī,the gains do not outweigh the losses,no lexical issue identified in this pass,,,,,60323,True,True,True,True,True,True,6,True,6,,
hsk-old-6-得力,6,得力,得力,dé lì,able,no lexical issue identified in this pass,,,,,60338,True,True,True,True,True,True,6,True,6,,
hsk-old-6-得天独厚,6,得天独厚,得天獨厚,dé tiān dú hòu,enjoy exceptional advantages,no lexical issue identified in this pass,,,,,60356,True,True,True,True,True,True,6,True,6,,
hsk-old-6-得罪,6,得罪,得罪,dé zuì,offend,finding,P2,raw cross-reference,Restore the complete dictionary cross-reference to 得罪 with its alternate pronunciation.,A raw dictionary definition has a truncated Hanzi reference; this reaches the Dictionary detail list. Also review dé zui for ordinary offending versus the selected formal dé zuì sense.,60373,True,True,True,True,True,True,6,True,6,,
hsk-old-6-徘徊,6,徘徊,徘徊,pái huái,pace back and forth,no lexical issue identified in this pass,,,,,60391,True,True,True,True,True,True,6,True,6,,
hsk-old-6-循序渐进,6,循序渐进,循序漸進,xún xù jiàn jìn,make steady progress incrementally,no lexical issue identified in this pass,,,,,60409,True,True,True,True,True,True,6,True,6,,
hsk-old-6-循环,6,循环,循環,xún huán,circular cycle,no lexical issue identified in this pass,,,,,60424,True,True,True,True,True,True,6,True,6,,
hsk-old-6-微不足道,6,微不足道,微不足道,wēi bù zú dào,negligible,no lexical issue identified in this pass,,,,,60443,True,True,True,True,True,True,6,True,6,,
hsk-old-6-微观,6,微观,微觀,wēi guān,microscopic,no lexical issue identified in this pass,,,,,60458,True,True,True,True,True,True,6,True,6,,
hsk-old-6-心得,6,心得,心得,xīn dé,knowledge gained,no lexical issue identified in this pass,,,,,60474,True,True,True,True,True,True,6,True,6,,
hsk-old-6-心态,6,心态,心態,xīn tài,pyschology,finding,P2,definition,mindset; mental attitude,Pyschology is misspelled and names a discipline rather than a mental attitude.,60493,True,True,True,True,True,True,6,True,6,,
hsk-old-6-心灵,6,心灵,心靈,xīn líng,heart,no lexical issue identified in this pass,,,,,60511,True,True,True,True,True,True,6,True,6,,
hsk-old-6-心疼,6,心疼,心疼,xīn téng,love dearly,no lexical issue identified in this pass,,,,,60531,True,True,True,True,True,True,6,True,6,,
hsk-old-6-心眼儿,6,心眼儿,心眼兒,xīn yǎn r,one's thoughts,no lexical issue identified in this pass,,,,,60550,True,True,True,True,True,True,6,True,6,no part-of-speech metadata; allowed by the current data contract,
hsk-old-6-心血,6,心血,心血,xīn xuè,heart and blood,finding,P2,definition,effort and dedication,Heart and blood is a literal image that misses the usual figurative meaning.,60567,True,True,True,True,True,True,6,True,6,,
hsk-old-6-必定,6,必定,必定,bì dìng,to be bound to,no lexical issue identified in this pass,,,,,60584,True,True,True,True,True,True,6,False,,,
hsk-old-6-忌讳,6,忌讳,忌諱,jì huì,avoid as a taboo,no lexical issue identified in this pass,,,,,60600,True,True,True,True,True,True,6,True,6,,
hsk-old-6-忍受,6,忍受,忍受,rěn shòu,to bear,no lexical issue identified in this pass,,,,,60618,True,True,True,True,True,True,6,True,6,,
hsk-old-6-忍耐,6,忍耐,忍耐,rěn nài,show restraint,no lexical issue identified in this pass,,,,,60635,True,True,True,True,True,True,6,True,6,,
hsk-old-6-志气,6,志气,志氣,zhì qì,ambition,no lexical issue identified in this pass,,,,,60656,True,True,True,True,True,True,6,True,6,,
hsk-old-6-忙碌,6,忙碌,忙碌,máng lù,be busy,no lexical issue identified in this pass,,,,,60675,True,True,True,True,True,True,6,True,6,,
hsk-old-6-忠实,6,忠实,忠實,zhōng shí,faithful,no lexical issue identified in this pass,,,,,60692,True,True,True,True,True,True,6,True,6,,
hsk-old-6-忠诚,6,忠诚,忠誠,zhōng chéng,honest,no lexical issue identified in this pass,,,,,60709,True,True,True,True,True,True,6,True,6,,
hsk-old-6-忧郁,6,忧郁,憂鬱,yōu yù,melancholy,no lexical issue identified in this pass,,,,,60730,True,True,True,True,True,True,6,True,6,,
hsk-old-6-快活,6,快活,快活,kuài huo,happy,no lexical issue identified in this pass,,,,,60746,True,True,True,True,True,True,6,True,6,,
hsk-old-6-忽略,6,忽略,忽略,hū lüè,ignore,no lexical issue identified in this pass,,,,,60762,True,True,True,True,True,True,6,True,6,,
hsk-old-6-怀孕,6,怀孕,懷孕,huái yùn,become pregnant,no lexical issue identified in this pass,,,,,60777,True,True,True,True,True,True,6,True,5,,
hsk-old-6-思念,6,思念,思念,sī niàn,think of,no lexical issue identified in this pass,,,,,60796,True,True,True,True,True,True,6,True,6,,
hsk-old-6-思索,6,思索,思索,sī suǒ,think deeply,no lexical issue identified in this pass,,,,,60814,True,True,True,True,True,True,6,True,6,,
hsk-old-6-思绪,6,思绪,思緒,sī xù,train of thought,no lexical issue identified in this pass,,,,,60831,True,True,True,True,True,True,6,False,,,
hsk-old-6-思维,6,思维,思維,sī wéi,(line) of thought,no lexical issue identified in this pass,,,,,60849,True,True,True,True,True,True,6,True,6,,
hsk-old-6-怠慢,6,怠慢,怠慢,dài màn,to slight,no lexical issue identified in this pass,,,,,60865,True,True,True,True,True,True,6,True,6,,
hsk-old-6-急于求成,6,急于求成,急於求成,jí yú qiú chéng,impatient for success,no lexical issue identified in this pass,,,,,60881,True,True,True,True,True,True,6,True,6,,
hsk-old-6-急切,6,急切,急切,jí qiè,eager,no lexical issue identified in this pass,,,,,60898,True,True,True,True,True,True,6,True,6,,
hsk-old-6-急剧,6,急剧,急劇,jí jù,rapid,no lexical issue identified in this pass,,,,,60915,True,True,True,True,True,True,6,True,6,,
hsk-old-6-急功近利,6,急功近利,急功近利,jí gōng jìn lì,eager for success and profit,no lexical issue identified in this pass,,,,,60931,True,True,True,True,True,True,6,True,6,,
hsk-old-6-急躁,6,急躁,急躁,jí zào,irritable,no lexical issue identified in this pass,,,,,60946,True,True,True,True,True,True,6,True,6,,
hsk-old-6-性命,6,性命,性命,xìng mìng,life,no lexical issue identified in this pass,,,,,60962,True,True,True,True,True,True,6,True,6,,
hsk-old-6-性情,6,性情,性情,xìng qíng,nature,no lexical issue identified in this pass,,,,,60977,True,True,True,True,True,True,6,False,,,
hsk-old-6-性感,6,性感,性感,xìng gǎn,sex appeal,no lexical issue identified in this pass,,,,,60993,True,True,True,True,True,True,6,True,6,,
hsk-old-6-性能,6,性能,性能,xìng néng,function,no lexical issue identified in this pass,,,,,61012,True,True,True,True,True,True,6,True,6,,
hsk-old-6-总和,6,总和,總和,zǒng hé,sum,no lexical issue identified in this pass,,,,,61027,True,True,True,True,True,True,6,True,6,,
hsk-old-6-总而言之,6,总而言之,總而言之,zǒng ér yán zhī,in short,no lexical issue identified in this pass,,,,,61042,True,True,True,True,True,True,6,True,6,,
hsk-old-6-恍然大悟,6,恍然大悟,恍然大悟,huǎng rán dà wù,suddenly see the light,no lexical issue identified in this pass,,,,,61059,True,True,True,True,True,True,6,True,6,,
hsk-old-6-恐吓,6,恐吓,恐嚇,kǒng hè,to threaten,no lexical issue identified in this pass,,,,,61075,True,True,True,True,True,True,6,True,6,,
hsk-old-6-恐惧,6,恐惧,恐懼,kǒng jù,fear,no lexical issue identified in this pass,,,,,61092,True,True,True,True,True,True,6,True,6,,
hsk-old-6-恨不得,6,恨不得,恨不得,hèn bu de,cannot bear not,no lexical issue identified in this pass,,,,,61110,True,True,True,True,True,True,6,True,6,,
hsk-old-6-恩怨,6,恩怨,恩怨,ēn yuàn,grievance,no lexical issue identified in this pass,,,,,61125,True,True,True,True,True,True,6,True,6,,
hsk-old-6-恭敬,6,恭敬,恭敬,gōng jìng,dutiful,no lexical issue identified in this pass,,,,,61143,True,True,True,True,True,True,6,True,6,,
hsk-old-6-恰到好处,6,恰到好处,恰到好處,qià dào hǎo chù,just right,no lexical issue identified in this pass,,,,,61160,True,True,True,True,True,True,6,True,6,,
hsk-old-6-恰巧,6,恰巧,恰巧,qià qiǎo,happen by chance,no lexical issue identified in this pass,,,,,61176,True,True,True,True,True,True,6,True,6,,
hsk-old-6-恰当,6,恰当,恰當,qià dàng,appropriate,no lexical issue identified in this pass,,,,,61191,True,True,True,True,True,True,6,True,6,,
hsk-old-6-恳切,6,恳切,懇切,kěn qiè,earnest,no lexical issue identified in this pass,,,,,61208,True,True,True,True,True,True,6,True,6,,
hsk-old-6-恶化,6,恶化,惡化,è huà,worsen,no lexical issue identified in this pass,,,,,61224,True,True,True,True,True,True,6,True,6,,
hsk-old-6-恶心,6,恶心,惡心,ě xīn,disgusting,no lexical issue identified in this pass,,,,,61240,True,True,True,True,True,True,6,True,6,,
hsk-old-6-恼火,6,恼火,惱火,nǎo huǒ,get angry,no lexical issue identified in this pass,,,,,61260,True,True,True,True,True,True,6,True,6,,
hsk-old-6-悔恨,6,悔恨,悔恨,huǐ hèn,remorse,no lexical issue identified in this pass,,,,,61276,True,True,True,True,True,True,6,True,6,,
hsk-old-6-患者,6,患者,患者,huàn zhě,sufferer,no lexical issue identified in this pass,,,,,61293,True,True,True,True,True,True,6,True,6,,
hsk-old-6-悬崖峭壁,6,悬崖峭壁,懸崖峭壁,xuán yá qiào bì,cliffside,no lexical issue identified in this pass,,,,,61308,True,True,True,True,True,True,6,True,6,,
hsk-old-6-悬念,6,悬念,懸念,xuán niàn,reader's involvement,no lexical issue identified in this pass,,,,,61323,True,True,True,True,True,True,6,True,6,,
hsk-old-6-悬挂,6,悬挂,懸掛,xuán guà,suspend,no lexical issue identified in this pass,,,,,61340,True,True,True,True,True,True,6,True,6,,
hsk-old-6-悲哀,6,悲哀,悲哀,bēi āi,grieved,no lexical issue identified in this pass,,,,,61357,True,True,True,True,True,True,6,True,6,,
hsk-old-6-悲惨,6,悲惨,悲慘,bēi cǎn,miserable,no lexical issue identified in this pass,,,,,61374,True,True,True,True,True,True,6,True,6,,
hsk-old-6-情形,6,情形,情形,qíng xing,circumstances,no lexical issue identified in this pass,,,,,61390,True,True,True,True,True,True,6,True,6,,
hsk-old-6-情报,6,情报,情報,qíng bào,intelligence,no lexical issue identified in this pass,,,,,61406,True,True,True,True,True,True,6,True,6,,
hsk-old-6-情理,6,情理,情理,qíng lǐ,reason,no lexical issue identified in this pass,,,,,61422,True,True,True,True,True,True,6,True,6,,
hsk-old-6-情节,6,情节,情節,qíng jié,plot,no lexical issue identified in this pass,,,,,61438,True,True,True,True,True,True,6,True,6,,
hsk-old-6-惊动,6,惊动,驚動,jīng dòng,alarm,no lexical issue identified in this pass,,,,,61454,True,True,True,True,True,True,6,True,6,,
hsk-old-6-惊奇,6,惊奇,驚奇,jīng qí,amaze,no lexical issue identified in this pass,,,,,61471,True,True,True,True,True,True,6,True,6,,
hsk-old-6-惊讶,6,惊讶,驚訝,jīng yà,surprised,no lexical issue identified in this pass,,,,,61489,True,True,True,True,True,True,6,True,6,,
hsk-old-6-惋惜,6,惋惜,惋惜,wǎn xī,feel sorry for a person,no lexical issue identified in this pass,,,,,61513,True,True,True,True,True,True,6,True,6,,
hsk-old-6-惦记,6,惦记,惦記,diàn jì,to remember with concern,no lexical issue identified in this pass,,,,,61531,True,True,True,True,True,True,6,True,6,,
hsk-old-6-惩罚,6,惩罚,懲罰,chéng fá,penalty,no lexical issue identified in this pass,,,,,61548,True,True,True,True,True,True,6,True,6,,
hsk-old-6-惯例,6,惯例,慣例,guàn lì,conventional,no lexical issue identified in this pass,,,,,61566,True,True,True,True,True,True,6,True,6,,
hsk-old-6-想方设法,6,想方设法,想方設法,xiǎng fāng shè fǎ,(saying) think of or try every possible method,no lexical issue identified in this pass,,,,,61582,True,True,True,True,True,True,6,True,6,,
hsk-old-6-惹祸,6,惹祸,惹禍,rě huò,stir up troubles,no lexical issue identified in this pass,,,,,61598,True,True,True,True,True,True,6,True,6,,
hsk-old-6-愈,6,愈,愈,yù,recover,no lexical issue identified in this pass,,,,,61614,True,True,True,True,True,True,6,True,6,,
hsk-old-6-意向,6,意向,意向,yì xiàng,will,no lexical issue identified in this pass,,,,,61633,True,True,True,True,True,True,6,True,6,,
hsk-old-6-意味着,6,意味着,意味著,yì wèi zhe,signify,no lexical issue identified in this pass,,,,,61652,True,True,True,True,True,True,6,True,6,,
hsk-old-6-意图,6,意图,意圖,yì tú,intent,no lexical issue identified in this pass,,,,,61669,True,True,True,True,True,True,6,True,6,,
hsk-old-6-意志,6,意志,意志,yì zhì,will,no lexical issue identified in this pass,,,,,61687,True,True,True,True,True,True,6,True,6,,
hsk-old-6-意料,6,意料,意料,yì liào,expectation,no lexical issue identified in this pass,,,,,61702,True,True,True,True,True,True,6,True,6,,
hsk-old-6-意识,6,意识,意識,yì shí,realize,no lexical issue identified in this pass,,,,,61719,True,True,True,True,True,True,6,True,6,,
hsk-old-6-愚昧,6,愚昧,愚昧,yú mèi,ignorant,no lexical issue identified in this pass,,,,,61738,True,True,True,True,True,True,6,True,6,,
hsk-old-6-愚蠢,6,愚蠢,愚蠢,yú chǔn,silly,no lexical issue identified in this pass,,,,,61755,True,True,True,True,True,True,6,True,6,,
hsk-old-6-感慨,6,感慨,感慨,gǎn kǎi,lament,no lexical issue identified in this pass,,,,,61772,True,True,True,True,True,True,6,True,6,,
hsk-old-6-感染,6,感染,感染,gǎn rǎn,infection,no lexical issue identified in this pass,,,,,61791,True,True,True,True,True,True,6,True,6,,
hsk-old-6-愣,6,愣,愣,lèng,dumbfounded,no lexical issue identified in this pass,,,,,61808,True,True,True,True,True,True,6,True,6,,
hsk-old-6-慈祥,6,慈祥,慈祥,cí xiáng,a kindly person,no lexical issue identified in this pass,,,,,61830,True,True,True,True,True,True,6,True,6,,
hsk-old-6-慌忙,6,慌忙,慌忙,huāng máng,in a great rush,no lexical issue identified in this pass,,,,,61846,True,True,True,True,True,True,6,False,,,
hsk-old-6-慎重,6,慎重,慎重,shèn zhòng,cautious,no lexical issue identified in this pass,,,,,61862,True,True,True,True,True,True,6,True,6,,
hsk-old-6-慢性,6,慢性,慢性,màn xìng,slow and patient,finding,P2,definition,chronic; slow-acting,Slow and patient is valid but poorly represents the usual medical adjective.,61880,True,True,True,True,True,True,6,True,6,,
hsk-old-6-慰问,6,慰问,慰問,wèi wèn,to express sympathy,no lexical issue identified in this pass,,,,,61897,True,True,True,True,True,True,6,True,6,,
hsk-old-6-慷慨,6,慷慨,慷慨,kāng kǎi,vehement,finding,P2,definition,generous; impassioned,Vehement is valid but omits the common generosity sense.,61913,True,True,True,True,True,True,6,True,6,,
hsk-old-6-憋,6,憋,憋,biē,hold in (urine),no lexical issue identified in this pass,,,,,61930,True,True,True,True,True,True,6,True,6,,
hsk-old-6-懒惰,6,懒惰,懶惰,lǎn duò,lazy,no lexical issue identified in this pass,,,,,61950,True,True,True,True,True,True,6,True,6,,
hsk-old-6-成交,6,成交,成交,chéng jiāo,complete a contract,no lexical issue identified in this pass,,,,,61966,True,True,True,True,True,True,6,True,6,,
hsk-old-6-成员,6,成员,成員,chéng yuán,member,no lexical issue identified in this pass,,,,,61983,True,True,True,True,True,True,6,True,6,,
hsk-old-6-成天,6,成天,成天,chéng tiān,all day long,no lexical issue identified in this pass,,,,,61998,True,True,True,True,True,True,6,True,6,,
hsk-old-6-成心,6,成心,成心,chéng xīn,intentional,no lexical issue identified in this pass,,,,,62014,True,True,True,True,True,True,6,True,6,,
hsk-old-6-成效,6,成效,成效,chéng xiào,effect,no lexical issue identified in this pass,,,,,62031,True,True,True,True,True,True,6,True,6,,
hsk-old-6-成本,6,成本,成本,chéng běn,"cost (manufacturing, production, etc.)",no lexical issue identified in this pass,,,,,62047,True,True,True,True,True,True,6,True,6,,
hsk-old-6-戒备,6,戒备,戒備,jiè bèi,take precautions,no lexical issue identified in this pass,,,,,62062,True,True,True,True,True,True,6,True,6,,
hsk-old-6-或许,6,或许,或許,huò xǔ,perhaps,no lexical issue identified in this pass,,,,,62079,True,True,True,True,True,True,6,True,5,,
hsk-old-6-战役,6,战役,戰役,zhàn yì,military campaign,no lexical issue identified in this pass,,,,,62094,True,True,True,True,True,True,6,True,6,,
hsk-old-6-战斗,6,战斗,戰鬥,zhàn dòu,to fight,no lexical issue identified in this pass,,,,,62109,True,True,True,True,True,True,6,True,6,,
hsk-old-6-战术,6,战术,戰術,zhàn shù,(military) tactics,no lexical issue identified in this pass,,,,,62128,True,True,True,True,True,True,6,True,6,,
hsk-old-6-战略,6,战略,戰略,zhàn lüè,strategy,no lexical issue identified in this pass,,,,,62143,True,True,True,True,True,True,6,True,6,,
hsk-old-6-截至,6,截至,截至,jié zhì,up until,no lexical issue identified in this pass,,,,,62158,True,True,True,True,True,True,6,True,6,,
hsk-old-6-扁,6,扁,扁,biǎn,flat,no lexical issue identified in this pass,,,,,62174,True,True,True,True,True,True,6,True,6,,
hsk-old-6-手势,6,手势,手勢,shǒu shì,gesture,no lexical issue identified in this pass,,,,,62191,True,True,True,True,True,True,6,True,6,,
hsk-old-6-手法,6,手法,手法,shǒu fǎ,technique,no lexical issue identified in this pass,,,,,62208,True,True,True,True,True,True,6,True,6,,
hsk-old-6-手艺,6,手艺,手藝,shǒu yì,craft,no lexical issue identified in this pass,,,,,62225,True,True,True,True,True,True,6,True,6,,
hsk-old-6-才干,6,才干,才幹,cái gàn,ability,no lexical issue identified in this pass,,,,,62243,True,True,True,True,True,True,6,True,6,,
hsk-old-6-扎,6,扎,紮,zhā,to prick,no lexical issue identified in this pass,,,,,62259,True,True,True,True,True,True,6,True,6,,
hsk-old-6-扎实,6,扎实,扎實,zhā shi,strong,no lexical issue identified in this pass,,,,,62275,True,True,True,True,True,True,6,True,6,,
hsk-old-6-扑,6,扑,撲,pū,to assault,no lexical issue identified in this pass,,,,,62294,True,True,True,True,True,True,6,True,6,,
hsk-old-6-扒,6,扒,扒,bā,dig up,no lexical issue identified in this pass,,,,,62317,True,True,True,True,True,True,6,True,6,,
hsk-old-6-打仗,6,打仗,打仗,dǎ zhàng,fight,no lexical issue identified in this pass,,,,,62337,True,True,True,True,True,True,6,True,6,,
hsk-old-6-打击,6,打击,打擊,dǎ jī,to strike,no lexical issue identified in this pass,,,,,62353,True,True,True,True,True,True,6,True,6,,
hsk-old-6-打包,6,打包,打包,dǎ bāo,get a doggy bag (at a restaurant),no lexical issue identified in this pass,,,,,62375,True,True,True,True,True,True,6,True,6,,
hsk-old-6-打官司,6,打官司,打官司,dǎ guān si,go to court,no lexical issue identified in this pass,,,,,62393,True,True,True,True,True,True,6,True,6,,
hsk-old-6-打架,6,打架,打架,dǎ jià,to fight,no lexical issue identified in this pass,,,,,62410,True,True,True,True,True,True,6,True,6,,
hsk-old-6-打猎,6,打猎,打獵,dǎ liè,hunt,no lexical issue identified in this pass,,,,,62428,True,True,True,True,True,True,6,True,6,,
hsk-old-6-打量,6,打量,打量,dǎ liang,take measure of,no lexical issue identified in this pass,,,,,62443,True,True,True,True,True,True,6,True,6,,
hsk-old-6-托运,6,托运,托運,tuō yùn,check in (baggage),no lexical issue identified in this pass,,,,,62462,True,True,True,True,True,True,6,True,6,,
hsk-old-6-扛,6,扛,扛,káng,to carry on one's shoulder,no lexical issue identified in this pass,,,,,62479,True,True,True,True,True,True,6,True,6,,
hsk-old-6-扩充,6,扩充,擴充,kuò chōng,expand,no lexical issue identified in this pass,,,,,62495,True,True,True,True,True,True,6,True,6,,
hsk-old-6-扩张,6,扩张,擴張,kuò zhāng,expansion,no lexical issue identified in this pass,,,,,62510,True,True,True,True,True,True,6,True,6,,
hsk-old-6-扩散,6,扩散,擴散,kuò sàn,spread,no lexical issue identified in this pass,,,,,62529,True,True,True,True,True,True,6,True,6,,
hsk-old-6-扭转,6,扭转,扭轉,niǔ zhuǎn,to reverse,no lexical issue identified in this pass,,,,,62545,True,True,True,True,True,True,6,True,6,,
hsk-old-6-扮演,6,扮演,扮演,bàn yǎn,play the part of,no lexical issue identified in this pass,,,,,62563,True,True,True,True,True,True,6,True,6,,
hsk-old-6-扰乱,6,扰乱,擾亂,rǎo luàn,disturb,no lexical issue identified in this pass,,,,,62579,True,True,True,True,True,True,6,True,6,,
hsk-old-6-批判,6,批判,批判,pī pàn,criticize,no lexical issue identified in this pass,,,,,62596,True,True,True,True,True,True,6,True,6,,
hsk-old-6-批发,6,批发,批發,pī fā,wholesale,no lexical issue identified in this pass,,,,,62613,True,True,True,True,True,True,6,True,6,,
hsk-old-6-承办,6,承办,承辦,chéng bàn,undertake,no lexical issue identified in this pass,,,,,62631,True,True,True,True,True,True,6,True,6,,
hsk-old-6-承包,6,承包,承包,chéng bāo,to contract (to undertake a job),no lexical issue identified in this pass,,,,,62648,True,True,True,True,True,True,6,True,6,,
hsk-old-6-承诺,6,承诺,承諾,chéng nuò,to promise,no lexical issue identified in this pass,,,,,62665,True,True,True,True,True,True,6,True,6,,
hsk-old-6-技巧,6,技巧,技巧,jì qiǎo,skill,no lexical issue identified in this pass,,,,,62683,True,True,True,True,True,True,6,True,6,,
hsk-old-6-技能,6,技能,技能,jì néng,technical ability,no lexical issue identified in this pass,,,,,62699,True,True,True,True,True,True,6,False,,,
hsk-old-6-把关,6,把关,把關,bǎ guān,guard a pass,no lexical issue identified in this pass,,,,,62715,True,True,True,True,True,True,6,True,6,,
hsk-old-6-把戏,6,把戏,把戲,bǎ xì,acrobatics,no lexical issue identified in this pass,,,,,62731,True,True,True,True,True,True,6,False,,,
hsk-old-6-把手,6,把手,把手,bǎ shou,knob,no lexical issue identified in this pass,,,,,62747,True,True,True,True,True,True,6,True,6,,
hsk-old-6-抑制,6,抑制,抑制,yì zhì,to inhibit,no lexical issue identified in this pass,,,,,62764,True,True,True,True,True,True,6,False,,,
hsk-old-6-投掷,6,投掷,投擲,tóu zhì,throw something a long distance,no lexical issue identified in this pass,,,,,62782,True,True,True,True,True,True,6,True,6,,
hsk-old-6-投机,6,投机,投機,tóu jī,speculate (on financial markets),no lexical issue identified in this pass,,,,,62801,True,True,True,True,True,True,6,True,6,,
hsk-old-6-投票,6,投票,投票,tóu piào,vote,no lexical issue identified in this pass,,,,,62821,True,True,True,True,True,True,6,True,6,,
hsk-old-6-投降,6,投降,投降,tóu xiáng,to surrender,no lexical issue identified in this pass,,,,,62838,True,True,True,True,True,True,6,True,6,,
hsk-old-6-折,6,折,折,zhé,to break,no lexical issue identified in this pass,,,,,62855,True,True,True,True,True,True,6,True,6,,
hsk-old-6-折磨,6,折磨,折磨,zhé mó,persecute,no lexical issue identified in this pass,,,,,62886,True,True,True,True,True,True,6,True,6,,
hsk-old-6-折腾,6,折腾,折騰,zhē teng,toss from side to side (e.g. sleeplessly),no lexical issue identified in this pass,,,,,62903,True,True,True,True,True,True,6,True,6,,
hsk-old-6-抚养,6,抚养,撫養,fǔ yǎng,foster,no lexical issue identified in this pass,,,,,62923,True,True,True,True,True,True,6,True,6,,
hsk-old-6-抛弃,6,抛弃,拋棄,pāo qì,discard,no lexical issue identified in this pass,,,,,62941,True,True,True,True,True,True,6,True,6,,
hsk-old-6-抢劫,6,抢劫,搶劫,qiǎng jié,rob,no lexical issue identified in this pass,,,,,62960,True,True,True,True,True,True,6,True,6,,
hsk-old-6-抢救,6,抢救,搶救,qiǎng jiù,rescue,no lexical issue identified in this pass,,,,,62977,True,True,True,True,True,True,6,True,6,,
hsk-old-6-报仇,6,报仇,報仇,bào chóu,retaliate,no lexical issue identified in this pass,,,,,62993,True,True,True,True,True,True,6,True,6,,
hsk-old-6-报到,6,报到,報到,bào dào,report for duty,no lexical issue identified in this pass,,,,,63010,True,True,True,True,True,True,6,True,5,,
hsk-old-6-报复,6,报复,報復,bào fù,retaliate,no lexical issue identified in this pass,,,,,63028,True,True,True,True,True,True,6,True,6,,
hsk-old-6-报社,6,报社,報社,bào shè,newspaper office,no lexical issue identified in this pass,,,,,63045,True,True,True,True,True,True,6,True,5,,
hsk-old-6-报答,6,报答,報答,bào dá,repay,no lexical issue identified in this pass,,,,,63060,True,True,True,True,True,True,6,True,6,,
hsk-old-6-报酬,6,报酬,報酬,bào chou,reward,no lexical issue identified in this pass,,,,,63077,True,True,True,True,True,True,6,True,6,,
hsk-old-6-报销,6,报销,報銷,bào xiāo,submit an expense account,no lexical issue identified in this pass,,,,,63093,True,True,True,True,True,True,6,True,6,,
hsk-old-6-抱怨,6,抱怨,抱怨,bào yuàn,complain,no lexical issue identified in this pass,,,,,63112,True,True,True,True,True,True,6,True,5,,
hsk-old-6-抱负,6,抱负,抱負,bào fù,aspiration,no lexical issue identified in this pass,,,,,63131,True,True,True,True,True,True,6,True,6,,
hsk-old-6-抵制,6,抵制,抵制,dǐ zhì,resistance,no lexical issue identified in this pass,,,,,63147,True,True,True,True,True,True,6,True,6,,
hsk-old-6-抵抗,6,抵抗,抵抗,dǐ kàng,resist,no lexical issue identified in this pass,,,,,63168,True,True,True,True,True,True,6,True,6,,
hsk-old-6-抵达,6,抵达,抵達,dǐ dá,arrive,no lexical issue identified in this pass,,,,,63185,True,True,True,True,True,True,6,True,6,,
hsk-old-6-抹杀,6,抹杀,抹殺,mǒ shā,write off,no lexical issue identified in this pass,,,,,63201,True,True,True,True,True,True,6,True,6,,
hsk-old-6-押金,6,押金,押金,yā jīn,security deposit,no lexical issue identified in this pass,,,,,63221,True,True,True,True,True,True,6,True,5,,
hsk-old-6-抽空,6,抽空,抽空,chōu kòng,to find the time to do sth,no lexical issue identified in this pass,,,,,63237,True,True,True,True,True,True,6,False,,,
hsk-old-6-拄,6,拄,拄,zhǔ,post,finding,P1,definition,to lean on a walking stick; to support oneself with,Post turns an action into an unrelated noun and obscures the intended meaning.,63252,True,True,True,True,True,True,6,True,6,,
hsk-old-6-担保,6,担保,擔保,dān bǎo,guarantee,no lexical issue identified in this pass,,,,,63268,True,True,True,True,True,True,6,True,6,,
hsk-old-6-拐杖,6,拐杖,拐杖,guǎi zhàng,crutch,no lexical issue identified in this pass,,,,,63285,True,True,True,True,True,True,6,True,6,,
hsk-old-6-拔苗助长,6,拔苗助长,拔苗助長,bá miáo zhù zhǎng,(literally) help shoots grow by pulling them out,finding,P2,idiom,to spoil progress by trying to force it,The literal image omits the lesson expressed by the idiom.,63302,True,True,True,True,True,True,6,True,6,no part-of-speech metadata; allowed by the current data contract,
hsk-old-6-拖延,6,拖延,拖延,tuō yán,prolong,no lexical issue identified in this pass,,,,,63315,True,True,True,True,True,True,6,True,6,,
hsk-old-6-拘束,6,拘束,拘束,jū shù,restrict,no lexical issue identified in this pass,,,,,63333,True,True,True,True,True,True,6,True,6,,
hsk-old-6-拘留,6,拘留,拘留,jū liú,detain (a prison),finding,P2,definition,to detain someone; detention,Detain a prison makes the building the object instead of the person.,63355,True,True,True,True,True,True,6,True,6,,
hsk-old-6-招投标,6,招投标,招投標,zhāo tóu biāo,bid inviting and bid offering,no lexical issue identified in this pass,,,,,63372,True,True,True,True,True,True,6,False,,no part-of-speech metadata; allowed by the current data contract,
hsk-old-6-招收,6,招收,招收,zhāo shōu,recruit,no lexical issue identified in this pass,,,,,63387,True,True,True,True,True,True,6,True,6,,
hsk-old-6-拜年,6,拜年,拜年,bài nián,congratulate the New Year,no lexical issue identified in this pass,,,,,63403,True,True,True,True,True,True,6,True,6,,
hsk-old-6-拜托,6,拜托,拜託,bài tuō,ask a favor,no lexical issue identified in this pass,,,,,63419,True,True,True,True,True,True,6,True,6,,
hsk-old-6-拜访,6,拜访,拜訪,bài fǎng,pay a visit,no lexical issue identified in this pass,,,,,63435,True,True,True,True,True,True,6,True,6,,
hsk-old-6-拟定,6,拟定,擬定,nǐ dìng,make an initial draft,no lexical issue identified in this pass,,,,,63451,True,True,True,True,True,True,6,True,6,,
hsk-old-6-拣,6,拣,揀,jiǎn,choose,no lexical issue identified in this pass,,,,,63468,True,True,True,True,True,True,6,True,6,,
hsk-old-6-拥护,6,拥护,擁護,yōng hù,to support,no lexical issue identified in this pass,,,,,63486,True,True,True,True,True,True,6,True,6,,
hsk-old-6-拥有,6,拥有,擁有,yōng yǒu,have,no lexical issue identified in this pass,,,,,63502,True,True,True,True,True,True,6,True,6,,
hsk-old-6-拧,6,拧,擰,níng,wring,no lexical issue identified in this pass,,,,,63517,True,True,True,True,True,True,6,True,6,,
hsk-old-6-拨打,6,拨打,撥打,bō dǎ,to call,no lexical issue identified in this pass,,,,,63533,True,True,True,True,True,True,6,False,,,
hsk-old-6-拳头,6,拳头,拳頭,quán tou,fist,no lexical issue identified in this pass,,,,,63549,True,True,True,True,True,True,6,True,6,,
hsk-old-6-拼命,6,拼命,拼命,pīn mìng,risk one's life,no lexical issue identified in this pass,,,,,63566,True,True,True,True,True,True,6,True,6,,
hsk-old-6-拼搏,6,拼搏,拼搏,pīn bó,struggle,no lexical issue identified in this pass,,,,,63583,True,True,True,True,True,True,6,True,6,,
hsk-old-6-拽,6,拽,拽,zhuài,drag,no lexical issue identified in this pass,,,,,63600,True,True,True,True,True,True,6,True,6,,
hsk-old-6-拾,6,拾,拾,shí,pick up,no lexical issue identified in this pass,,,,,63616,True,True,True,True,True,True,6,True,6,,
hsk-old-6-拿手,6,拿手,拿手,ná shǒu,good at,no lexical issue identified in this pass,,,,,63634,True,True,True,True,True,True,6,True,6,,
hsk-old-6-持久,6,持久,持久,chí jiǔ,duration,no lexical issue identified in this pass,,,,,63650,True,True,True,True,True,True,6,True,6,,
hsk-old-6-指令,6,指令,指令,zhǐ lìng,order,no lexical issue identified in this pass,,,,,63673,True,True,True,True,True,True,6,True,6,,
hsk-old-6-指南针,6,指南针,指南針,zhǐ nán zhēn,compass,no lexical issue identified in this pass,,,,,63691,True,True,True,True,True,True,6,True,6,,
hsk-old-6-指定,6,指定,指定,zhǐ dìng,appoint,no lexical issue identified in this pass,,,,,63706,True,True,True,True,True,True,6,True,6,,
hsk-old-6-指望,6,指望,指望,zhǐ wàng,hope for,no lexical issue identified in this pass,,,,,63725,True,True,True,True,True,True,6,True,6,,
hsk-old-6-指标,6,指标,指標,zhǐ biāo,target,no lexical issue identified in this pass,,,,,63742,True,True,True,True,True,True,6,True,6,,
hsk-old-6-指甲,6,指甲,指甲,zhǐ jia,fingernail,no lexical issue identified in this pass,,,,,63763,True,True,True,True,True,True,6,True,6,,
hsk-old-6-指示,6,指示,指示,zhǐ shì,indicate,no lexical issue identified in this pass,,,,,63778,True,True,True,True,True,True,6,True,6,,
hsk-old-6-指责,6,指责,指責,zhǐ zé,to censure,no lexical issue identified in this pass,,,,,63798,True,True,True,True,True,True,6,True,6,,
hsk-old-6-按摩,6,按摩,按摩,àn mó,massage,no lexical issue identified in this pass,,,,,63816,True,True,True,True,True,True,6,True,6,,
hsk-old-6-挎,6,挎,挎,kuà,carry over one's shoulder or slung on one's side,no lexical issue identified in this pass,,,,,63833,True,True,True,True,True,True,6,True,6,,
hsk-old-6-挑剔,6,挑剔,挑剔,tiāo ti,picky,no lexical issue identified in this pass,,,,,63848,True,True,True,True,True,True,6,True,6,,
hsk-old-6-挑拨,6,挑拨,挑撥,tiǎo bō,incite disharmony,no lexical issue identified in this pass,,,,,63866,True,True,True,True,True,True,6,True,6,,
hsk-old-6-挑衅,6,挑衅,挑釁,tiǎo xìn,provoke,no lexical issue identified in this pass,,,,,63882,True,True,True,True,True,True,6,True,6,,
hsk-old-6-挖掘,6,挖掘,挖掘,wā jué,excavate,no lexical issue identified in this pass,,,,,63899,True,True,True,True,True,True,6,True,6,,
hsk-old-6-挣扎,6,挣扎,掙扎,zhēng zhá,to struggle,no lexical issue identified in this pass,,,,,63917,True,True,True,True,True,True,6,True,6,,
hsk-old-6-挥霍,6,挥霍,揮霍,huī huò,squander money without restraint,no lexical issue identified in this pass,,,,,63933,True,True,True,True,True,True,6,True,6,,
hsk-old-6-挨,6,挨,挨,ái,get close to,finding,P1,reading/sense,"ái; to suffer; to endure, or āi; to be next to",Get close to belongs to āi; the selected ái form means suffer or endure.,63952,True,True,True,True,True,True,6,True,6,,
hsk-old-6-挪,6,挪,挪,nuó,shift,no lexical issue identified in this pass,,,,,63969,True,True,True,True,True,True,6,True,6,,
hsk-old-6-挫折,6,挫折,挫折,cuò zhé,setback,no lexical issue identified in this pass,,,,,63986,True,True,True,True,True,True,6,True,6,,
hsk-old-6-振兴,6,振兴,振興,zhèn xīng,develop vigorously,no lexical issue identified in this pass,,,,,64013,True,True,True,True,True,True,6,True,6,,
hsk-old-6-振奋,6,振奋,振奮,zhèn fèn,stir oneself up,no lexical issue identified in this pass,,,,,64028,True,True,True,True,True,True,6,True,6,,
hsk-old-6-挺拔,6,挺拔,挺拔,tǐng bá,tall and straight,no lexical issue identified in this pass,,,,,64046,True,True,True,True,True,True,6,True,6,,
hsk-old-6-挽回,6,挽回,挽回,wǎn huí,reverse or salvage (a situation),no lexical issue identified in this pass,,,,,64061,True,True,True,True,True,True,6,True,6,,
hsk-old-6-挽救,6,挽救,挽救,wǎn jiù,to rescue,no lexical issue identified in this pass,,,,,64077,True,True,True,True,True,True,6,True,6,,
hsk-old-6-捆绑,6,捆绑,捆綁,kǔn bǎng,tie up,no lexical issue identified in this pass,,,,,64095,True,True,True,True,True,True,6,True,6,,
hsk-old-6-捍卫,6,捍卫,捍衛,hàn wèi,defend,no lexical issue identified in this pass,,,,,64111,True,True,True,True,True,True,6,True,6,no part-of-speech metadata; allowed by the current data contract,
hsk-old-6-捎,6,捎,捎,shāo,bring or take (along),no lexical issue identified in this pass,,,,,64126,True,True,True,True,True,True,6,True,6,,
hsk-old-6-捏,6,捏,捏,niē,to pinch (with one's fingers),no lexical issue identified in this pass,,,,,64142,True,True,True,True,True,True,6,True,6,,
hsk-old-6-捕捉,6,捕捉,捕捉,bǔ zhuō,catch,no lexical issue identified in this pass,,,,,64162,True,True,True,True,True,True,6,True,6,,
hsk-old-6-捞,6,捞,撈,lāo,dredge up,no lexical issue identified in this pass,,,,,64179,True,True,True,True,True,True,6,True,6,,
hsk-old-6-损坏,6,损坏,損壞,sǔn huài,to damage,no lexical issue identified in this pass,,,,,64195,True,True,True,True,True,True,6,True,6,,
hsk-old-6-捣乱,6,捣乱,搗亂,dǎo luàn,cause a disturbance,no lexical issue identified in this pass,,,,,64212,True,True,True,True,True,True,6,True,6,,
hsk-old-6-捧,6,捧,捧,pěng,hold or carry with both hands facing up,no lexical issue identified in this pass,,,,,64230,True,True,True,True,True,True,6,True,6,,
hsk-old-6-据悉,6,据悉,據悉,jù xī,according to reports,no lexical issue identified in this pass,,,,,64251,True,True,True,True,True,True,6,True,6,,
hsk-old-6-掀起,6,掀起,掀起,xiān qǐ,lift,no lexical issue identified in this pass,,,,,64267,True,True,True,True,True,True,6,True,6,,
hsk-old-6-授予,6,授予,授予,shòu yǔ,to award,no lexical issue identified in this pass,,,,,64284,True,True,True,True,True,True,6,True,6,,
hsk-old-6-掏,6,掏,掏,tāo,fish out (from pocket),no lexical issue identified in this pass,,,,,64300,True,True,True,True,True,True,6,True,6,,
hsk-old-6-掐,6,掐,掐,qiā,pick (flowers),no lexical issue identified in this pass,,,,,64316,True,True,True,True,True,True,6,True,6,,
hsk-old-6-排放,6,排放,排放,pái fàng,to discharge,no lexical issue identified in this pass,,,,,64336,True,True,True,True,True,True,6,True,6,,
hsk-old-6-排斥,6,排斥,排斥,pái chì,to reject,no lexical issue identified in this pass,,,,,64354,True,True,True,True,True,True,6,True,6,,
hsk-old-6-排除,6,排除,排除,pái chú,eliminate,no lexical issue identified in this pass,,,,,64374,True,True,True,True,True,True,6,True,6,,
hsk-old-6-掠夺,6,掠夺,掠奪,lüè duó,to plunder,no lexical issue identified in this pass,,,,,64393,True,True,True,True,True,True,6,True,6,,
hsk-old-6-探望,6,探望,探望,tàn wàng,pay a visit,no lexical issue identified in this pass,,,,,64410,True,True,True,True,True,True,6,True,6,,
hsk-old-6-探测,6,探测,探測,tàn cè,probe,no lexical issue identified in this pass,,,,,64428,True,True,True,True,True,True,6,True,6,,
hsk-old-6-探索,6,探索,探索,tàn suǒ,explore,no lexical issue identified in this pass,,,,,64444,True,True,True,True,True,True,6,True,6,,
hsk-old-6-探讨,6,探讨,探討,tàn tǎo,inquire into,no lexical issue identified in this pass,,,,,64460,True,True,True,True,True,True,6,True,6,,
hsk-old-6-接连,6,接连,接連,jiē lián,one after another,no lexical issue identified in this pass,,,,,64477,True,True,True,True,True,True,6,True,6,,
hsk-old-6-推测,6,推测,推測,tuī cè,speculate,no lexical issue identified in this pass,,,,,64494,True,True,True,True,True,True,6,True,6,,
hsk-old-6-推理,6,推理,推理,tuī lǐ,reasoning,no lexical issue identified in this pass,,,,,64513,True,True,True,True,True,True,6,True,6,,
hsk-old-6-推翻,6,推翻,推翻,tuī fān,overthrow,no lexical issue identified in this pass,,,,,64532,True,True,True,True,True,True,6,True,6,,
hsk-old-6-推论,6,推论,推論,tuī lùn,infer,no lexical issue identified in this pass,,,,,64547,True,True,True,True,True,True,6,True,6,,
hsk-old-6-推销,6,推销,推銷,tuī xiāo,to market,no lexical issue identified in this pass,,,,,64566,True,True,True,True,True,True,6,True,6,,
hsk-old-6-掩护,6,掩护,掩護,yǎn hù,cover,no lexical issue identified in this pass,,,,,64583,True,True,True,True,True,True,6,True,6,,
hsk-old-6-掩盖,6,掩盖,掩蓋,yǎn gài,conceal,no lexical issue identified in this pass,,,,,64603,True,True,True,True,True,True,6,True,6,,
hsk-old-6-掩饰,6,掩饰,掩飾,yǎn shì,conceal a fault,no lexical issue identified in this pass,,,,,64621,True,True,True,True,True,True,6,True,6,,conceal
hsk-old-6-掰,6,掰,掰,bāi,break with both hands,no lexical issue identified in this pass,,,,,64640,True,True,True,True,True,True,6,True,6,,
hsk-old-6-揉,6,揉,揉,róu,knead,no lexical issue identified in this pass,,,,,64656,True,True,True,True,True,True,6,True,6,,
hsk-old-6-揍,6,揍,揍,zòu,(informal) beat,no lexical issue identified in this pass,,,,,64673,True,True,True,True,True,True,6,True,6,,
hsk-old-6-描绘,6,描绘,描繪,miáo huì,describe,no lexical issue identified in this pass,,,,,64690,True,True,True,True,True,True,6,True,6,,
hsk-old-6-提拔,6,提拔,提拔,tí bá,promote to a higher job,no lexical issue identified in this pass,,,,,64707,True,True,True,True,True,True,6,True,6,,
hsk-old-6-提炼,6,提炼,提煉,tí liàn,"extract (ore, minerals, etc.)",no lexical issue identified in this pass,,,,,64723,True,True,True,True,True,True,6,True,6,,
hsk-old-6-提示,6,提示,提示,tí shì,to prompt,no lexical issue identified in this pass,,,,,64742,True,True,True,True,True,True,6,True,6,,
hsk-old-6-提议,6,提议,提議,tí yì,propose,no lexical issue identified in this pass,,,,,64764,True,True,True,True,True,True,6,True,6,,
hsk-old-6-揭发,6,揭发,揭發,jiē fā,to expose,no lexical issue identified in this pass,,,,,64784,True,True,True,True,True,True,6,False,,,
hsk-old-6-揭露,6,揭露,揭露,jiē lù,expose,no lexical issue identified in this pass,,,,,64802,True,True,True,True,True,True,6,True,6,,
hsk-old-6-搀,6,搀,攙,chān,assist by the arm,no lexical issue identified in this pass,,,,,64822,True,True,True,True,True,True,6,True,6,,
hsk-old-6-搁,6,搁,擱,gē,to place,no lexical issue identified in this pass,,,,,64841,True,True,True,True,True,True,6,True,6,,
hsk-old-6-搂,6,搂,摟,lǒu,to hug,no lexical issue identified in this pass,,,,,64858,True,True,True,True,True,True,6,True,6,,
hsk-old-6-搅拌,6,搅拌,攪拌,jiǎo bàn,stir,no lexical issue identified in this pass,,,,,64875,True,True,True,True,True,True,6,True,6,,
hsk-old-6-搏斗,6,搏斗,搏鬥,bó dòu,fight,no lexical issue identified in this pass,,,,,64892,True,True,True,True,True,True,6,True,6,,
hsk-old-6-搓,6,搓,搓,cuō,rub or roll between the hands or fingers,no lexical issue identified in this pass,,,,,64907,True,True,True,True,True,True,6,True,6,,
hsk-old-6-搜索,6,搜索,搜索,sōu suǒ,search,no lexical issue identified in this pass,,,,,64923,True,True,True,True,True,True,6,True,5,,
hsk-old-6-搭,6,搭,搭,dā,to erect,no lexical issue identified in this pass,,,,,64941,True,True,True,True,True,True,6,True,6,,
hsk-old-6-搭档,6,搭档,搭檔,dā dàng,team up,no lexical issue identified in this pass,,,,,64966,True,True,True,True,True,True,6,True,6,,
hsk-old-6-搭配,6,搭配,搭配,dā pèi,pair up,no lexical issue identified in this pass,,,,,64983,True,True,True,True,True,True,6,True,6,,
hsk-old-6-携带,6,携带,攜帶,xié dài,take with,no lexical issue identified in this pass,,,,,65002,True,True,True,True,True,True,6,True,6,,
hsk-old-6-摄取,6,摄取,攝取,shè qǔ,to absorb (nutrients etc),no lexical issue identified in this pass,,,,,65019,True,True,True,True,True,True,6,False,,,
hsk-old-6-摄氏度,6,摄氏度,攝氏度,shè shì dù,degrees Celsius,no lexical issue identified in this pass,,,,,65038,True,True,True,True,True,True,6,True,6,,
hsk-old-6-摆脱,6,摆脱,擺脫,bǎi tuō,break away,no lexical issue identified in this pass,,,,,65053,True,True,True,True,True,True,6,True,6,,
hsk-old-6-摇摆,6,摇摆,搖擺,yáo bǎi,to waver,no lexical issue identified in this pass,,,,,65074,True,True,True,True,True,True,6,True,6,,
hsk-old-6-摇晃,6,摇晃,搖晃,yáo huàng,to rock,no lexical issue identified in this pass,,,,,65092,True,True,True,True,True,True,6,False,,,
hsk-old-6-摇滚,6,摇滚,搖滾,yáo gǔn,rock and roll,no lexical issue identified in this pass,,,,,65107,True,True,True,True,True,True,6,True,6,,
hsk-old-6-摊儿,6,摊儿,攤兒,tān r,vendor's stand,no lexical issue identified in this pass,,,,,65125,True,True,True,True,True,True,6,False,,no part-of-speech metadata; allowed by the current data contract,
hsk-old-6-摘要,6,摘要,摘要,zhāi yào,summary,no lexical issue identified in this pass,,,,,65139,True,True,True,True,True,True,6,True,6,,
hsk-old-6-摧残,6,摧残,摧殘,cuī cán,to ruin,no lexical issue identified in this pass,,,,,65155,True,True,True,True,True,True,6,True,6,,
hsk-old-6-摩擦,6,摩擦,摩擦,mó cā,friction,no lexical issue identified in this pass,,,,,65172,True,True,True,True,True,True,6,True,6,,
hsk-old-6-摸索,6,摸索,摸索,mō suo,feel about,no lexical issue identified in this pass,,,,,65193,True,True,True,True,True,True,6,True,6,,
hsk-old-6-撒谎,6,撒谎,撒謊,sā huǎng,to tell lies,no lexical issue identified in this pass,,,,,65212,True,True,True,True,True,True,6,True,6,,
hsk-old-6-撤退,6,撤退,撤退,chè tuì,retreat,no lexical issue identified in this pass,,,,,65227,True,True,True,True,True,True,6,True,6,,
hsk-old-6-撤销,6,撤销,撤銷,chè xiāo,repeal,no lexical issue identified in this pass,,,,,65242,True,True,True,True,True,True,6,True,6,,
hsk-old-6-播放,6,播放,播放,bō fàng,broadcast,no lexical issue identified in this pass,,,,,65260,True,True,True,True,True,True,6,True,5,,
hsk-old-6-播种,6,播种,播種,bō zhǒng,sow seeds,no lexical issue identified in this pass,,,,,65276,True,True,True,True,True,True,6,True,6,,
hsk-old-6-擅自,6,擅自,擅自,shàn zì,unauthorized,no lexical issue identified in this pass,,,,,65292,True,True,True,True,True,True,6,True,6,,
hsk-old-6-擅长,6,擅长,擅長,shàn cháng,be good at,no lexical issue identified in this pass,,,,,65307,True,True,True,True,True,True,6,True,6,,
hsk-old-6-操作,6,操作,操作,cāo zuò,operate,no lexical issue identified in this pass,,,,,65322,True,True,True,True,True,True,6,True,6,,
hsk-old-6-操劳,6,操劳,操勞,cāo láo,work hard,no lexical issue identified in this pass,,,,,65340,True,True,True,True,True,True,6,True,6,,
hsk-old-6-操纵,6,操纵,操縱,cāo zòng,operate,no lexical issue identified in this pass,,,,,65357,True,True,True,True,True,True,6,True,6,,
hsk-old-6-操练,6,操练,操練,cāo liàn,to drill,no lexical issue identified in this pass,,,,,65376,True,True,True,True,True,True,6,True,6,,
hsk-old-6-攀登,6,攀登,攀登,pān dēng,to climb,no lexical issue identified in this pass,,,,,65392,True,True,True,True,True,True,6,True,6,,
hsk-old-6-攒,6,攒,攢,zǎn,save,no lexical issue identified in this pass,,,,,65412,True,True,True,True,True,True,6,True,6,,
hsk-old-6-支出,6,支出,支出,zhī chū,spend,no lexical issue identified in this pass,,,,,65430,True,True,True,True,True,True,6,True,6,,
hsk-old-6-支援,6,支援,支援,zhī yuán,to support,no lexical issue identified in this pass,,,,,65448,True,True,True,True,True,True,6,True,6,,
hsk-old-6-支撑,6,支撑,支撐,zhī chēng,support,no lexical issue identified in this pass,,,,,65466,True,True,True,True,True,True,6,True,6,,
hsk-old-6-支柱,6,支柱,支柱,zhī zhù,pillar,no lexical issue identified in this pass,,,,,65485,True,True,True,True,True,True,6,True,6,,
hsk-old-6-支流,6,支流,支流,zhī liú,tributary,no lexical issue identified in this pass,,,,,65503,True,True,True,True,True,True,6,True,6,,
hsk-old-6-支配,6,支配,支配,zhī pèi,to control,no lexical issue identified in this pass,,,,,65518,True,True,True,True,True,True,6,True,6,,
hsk-old-6-收益,6,收益,收益,shōu yì,earnings,no lexical issue identified in this pass,,,,,65536,True,True,True,True,True,True,6,True,6,,
hsk-old-6-收缩,6,收缩,收縮,shōu suō,pull back,no lexical issue identified in this pass,,,,,65552,True,True,True,True,True,True,6,True,6,,
hsk-old-6-收藏,6,收藏,收藏,shōu cáng,collect,no lexical issue identified in this pass,,,,,65571,True,True,True,True,True,True,6,True,6,,
hsk-old-6-收音机,6,收音机,收音機,shōu yīn jī,radio,no lexical issue identified in this pass,,,,,65588,True,True,True,True,True,True,6,True,6,,
hsk-old-6-改良,6,改良,改良,gǎi liáng,improve,no lexical issue identified in this pass,,,,,65603,True,True,True,True,True,True,6,True,6,,
hsk-old-6-攻克,6,攻克,攻克,gōng kè,to capture,no lexical issue identified in this pass,,,,,65620,True,True,True,True,True,True,6,True,6,,
hsk-old-6-攻击,6,攻击,攻擊,gōng jī,to attack,no lexical issue identified in this pass,,,,,65638,True,True,True,True,True,True,6,True,6,,
hsk-old-6-放大,6,放大,放大,fàng dà,enlarge,no lexical issue identified in this pass,,,,,65657,True,True,True,True,True,True,6,True,6,,
hsk-old-6-放射,6,放射,放射,fàng shè,radiate,no lexical issue identified in this pass,,,,,65674,True,True,True,True,True,True,6,True,6,,
hsk-old-6-放手,6,放手,放手,fàng shǒu,to let go one's hold,no lexical issue identified in this pass,,,,,65691,True,True,True,True,True,True,6,False,,,
hsk-old-6-政权,6,政权,政權,zhèng quán,regime,no lexical issue identified in this pass,,,,,65708,True,True,True,True,True,True,6,True,6,,
hsk-old-6-故乡,6,故乡,故鄉,gù xiāng,hometown,no lexical issue identified in this pass,,,,,65724,True,True,True,True,True,True,6,True,6,,
hsk-old-6-故障,6,故障,故障,gù zhàng,malfunction,no lexical issue identified in this pass,,,,,65741,True,True,True,True,True,True,6,True,6,,
hsk-old-6-效益,6,效益,效益,xiào yì,benefit；results,finding,P2,wording,benefit; effectiveness,A fullwidth semicolon bypasses the importer's ASCII-only splitting convention.,65764,True,True,True,True,True,True,6,True,6,,
hsk-old-6-敌视,6,敌视,敵視,dí shì,be hostile,no lexical issue identified in this pass,,,,,65781,True,True,True,True,True,True,6,True,6,,
hsk-old-6-敏感,6,敏感,敏感,mǐn gǎn,sensitive,no lexical issue identified in this pass,,,,,65801,True,True,True,True,True,True,6,True,5,,
hsk-old-6-敏捷,6,敏捷,敏捷,mǐn jié,nimble,no lexical issue identified in this pass,,,,,65818,True,True,True,True,True,True,6,True,6,,
hsk-old-6-敏锐,6,敏锐,敏銳,mǐn ruì,keen,no lexical issue identified in this pass,,,,,65837,True,True,True,True,True,True,6,True,6,,
hsk-old-6-救济,6,救济,救濟,jiù jì,emergency relief,no lexical issue identified in this pass,,,,,65854,True,True,True,True,True,True,6,True,6,,
hsk-old-6-教养,6,教养,教養,jiào yǎng,upbringing,no lexical issue identified in this pass,,,,,65872,True,True,True,True,True,True,6,True,6,,
hsk-old-6-敞开,6,敞开,敞開,chǎng kāi,open wide,no lexical issue identified in this pass,,,,,65889,True,True,True,True,True,True,6,True,6,,
hsk-old-6-散发,6,散发,散發,sàn fā,distribute,no lexical issue identified in this pass,,,,,65905,True,True,True,True,True,True,6,True,6,,
hsk-old-6-散布,6,散布,散佈,sàn bù,to scatter,no lexical issue identified in this pass,,,,,65922,True,True,True,True,True,True,6,True,6,,
hsk-old-6-散文,6,散文,散文,sǎn wén,prose,no lexical issue identified in this pass,,,,,65937,True,True,True,True,True,True,6,True,6,,
hsk-old-6-敬礼,6,敬礼,敬禮,jìng lǐ,to salute,no lexical issue identified in this pass,,,,,65953,True,True,True,True,True,True,6,True,6,,
hsk-old-6-数,6,数,數,shǔ,to count,no lexical issue identified in this pass,,,,,65970,True,True,True,True,True,True,6,True,5,,
hsk-old-6-数目,6,数目,數目,shù mù,amount,no lexical issue identified in this pass,,,,,65989,True,True,True,True,True,True,6,False,,,
hsk-old-6-数额,6,数额,數額,shù é,amount,no lexical issue identified in this pass,,,,,66005,True,True,True,True,True,True,6,True,6,,
hsk-old-6-整顿,6,整顿,整頓,zhěng dùn,organize,no lexical issue identified in this pass,,,,,66022,True,True,True,True,True,True,6,True,6,,
hsk-old-6-敷衍,6,敷衍,敷衍,fū yǎn,to elaborate (on a theme),finding,P2,definition,to do perfunctorily; to fob someone off,To elaborate is a historical sense and misses the usual negative use.,66041,True,True,True,True,True,True,6,True,6,,
hsk-old-6-文凭,6,文凭,文憑,wén píng,diploma,no lexical issue identified in this pass,,,,,66063,True,True,True,True,True,True,6,True,6,,
hsk-old-6-文物,6,文物,文物,wén wù,cultural relic,no lexical issue identified in this pass,,,,,66078,True,True,True,True,True,True,6,True,6,,
hsk-old-6-文献,6,文献,文獻,wén xiàn,document,no lexical issue identified in this pass,,,,,66094,True,True,True,True,True,True,6,True,6,,
hsk-old-6-文艺,6,文艺,文藝,wén yì,literature and art,no lexical issue identified in this pass,,,,,66109,True,True,True,True,True,True,6,True,6,,
hsk-old-6-文雅,6,文雅,文雅,wén yǎ,elegant,no lexical issue identified in this pass,,,,,66124,True,True,True,True,True,True,6,True,6,,
hsk-old-6-斑纹,6,斑纹,斑紋,bān wén,stripe,no lexical issue identified in this pass,,,,,66140,True,True,True,True,True,True,6,False,,,
hsk-old-6-斗争,6,斗争,鬥爭,dòu zhēng,to struggle,no lexical issue identified in this pass,,,,,66156,True,True,True,True,True,True,6,True,6,,
hsk-old-6-斟酌,6,斟酌,斟酌,zhēn zhuó,Consider,no lexical issue identified in this pass,,,,,66174,True,True,True,True,True,True,6,True,6,,
hsk-old-6-斩钉截铁,6,斩钉截铁,斬釘截鐵,zhǎn dīng jié tiě,to chop the nail and slice the iron (idiom),finding,P2,idiom,resolute; unequivocal,The literal image omits the meaning of the idiom.,66191,True,True,True,True,True,True,6,True,6,,
hsk-old-6-断定,6,断定,斷定,duàn dìng,conclude,no lexical issue identified in this pass,,,,,66207,True,True,True,True,True,True,6,True,6,,
hsk-old-6-断断续续,6,断断续续,斷斷續續,duàn duàn xù xù,intermittent,no lexical issue identified in this pass,,,,,66224,True,True,True,True,True,True,6,False,,,
hsk-old-6-断绝,6,断绝,斷絕,duàn jué,sever,no lexical issue identified in this pass,,,,,66245,True,True,True,True,True,True,6,True,6,,
hsk-old-6-斯文,6,斯文,斯文,sī wén,refined,no lexical issue identified in this pass,,,,,66260,True,True,True,True,True,True,6,True,6,,
hsk-old-6-新娘,6,新娘,新娘,xīn niáng,bride,no lexical issue identified in this pass,,,,,66280,True,True,True,True,True,True,6,True,6,,
hsk-old-6-新郎,6,新郎,新郎,xīn láng,bridegroom,no lexical issue identified in this pass,,,,,66295,True,True,True,True,True,True,6,True,6,,
hsk-old-6-新陈代谢,6,新陈代谢,新陳代謝,xīn chén dài xiè,metabolism (bio),no lexical issue identified in this pass,,,,,66311,True,True,True,True,True,True,6,True,6,,
hsk-old-6-新颖,6,新颖,新穎,xīn yǐng,new and original,no lexical issue identified in this pass,,,,,66327,True,True,True,True,True,True,6,True,6,,
hsk-old-6-方位,6,方位,方位,fāng wèi,position,no lexical issue identified in this pass,,,,,66343,True,True,True,True,True,True,6,True,6,,
hsk-old-6-方言,6,方言,方言,fāng yán,dialect,no lexical issue identified in this pass,,,,,66362,True,True,True,True,True,True,6,True,6,,
hsk-old-6-方针,6,方针,方針,fāng zhēn,policy,no lexical issue identified in this pass,,,,,66378,True,True,True,True,True,True,6,True,6,,
hsk-old-6-施加,6,施加,施加,shī jiā,exert (effort or pressure),no lexical issue identified in this pass,,,,,66394,True,True,True,True,True,True,6,True,6,,
hsk-old-6-施展,6,施展,施展,shī zhǎn,use fully,no lexical issue identified in this pass,,,,,66409,True,True,True,True,True,True,6,True,6,,
hsk-old-6-旋律,6,旋律,旋律,xuán lǜ,melody,no lexical issue identified in this pass,,,,,66425,True,True,True,True,True,True,6,True,6,,
hsk-old-6-旋转,6,旋转,旋轉,xuán zhuǎn,to whirl,no lexical issue identified in this pass,,,,,66440,True,True,True,True,True,True,6,True,6,,
hsk-old-6-旗帜,6,旗帜,旗幟,qí zhì,flag,no lexical issue identified in this pass,,,,,66459,True,True,True,True,True,True,6,True,6,,
hsk-old-6-旗袍,6,旗袍,旗袍,qí páo,cheongsam,no lexical issue identified in this pass,,,,,66475,True,True,True,True,True,True,6,True,6,,
hsk-old-6-无从,6,无从,無從,wú cóng,not to have access,no lexical issue identified in this pass,,,,,66491,True,True,True,True,True,True,6,False,,,
hsk-old-6-无偿,6,无偿,無償,wú cháng,free,no lexical issue identified in this pass,,,,,66508,True,True,True,True,True,True,6,True,6,,
hsk-old-6-无动于衷,6,无动于衷,無動於衷,wú dòng yú zhōng,aloof,no lexical issue identified in this pass,,,,,66524,True,True,True,True,True,True,6,True,6,,
hsk-old-6-无可奈何,6,无可奈何,無可奈何,wú kě nài hé,have no way out,no lexical issue identified in this pass,,,,,66541,True,True,True,True,True,True,6,False,,,
hsk-old-6-无可奉告,6,无可奉告,無可奉告,wú kě fèng gào,"(idiom) ""no comment""",no lexical issue identified in this pass,,,,,66558,True,True,True,True,True,True,6,False,,,
hsk-old-6-无微不至,6,无微不至,無微不至,wú wēi bù zhì,in every possible way,no lexical issue identified in this pass,,,,,66573,True,True,True,True,True,True,6,True,6,,
hsk-old-6-无忧无虑,6,无忧无虑,無憂無慮,wú yōu wú lǜ,carefree and without worries,no lexical issue identified in this pass,,,,,66588,True,True,True,True,True,True,6,True,6,,
hsk-old-6-无比,6,无比,無比,wú bǐ,matchless,no lexical issue identified in this pass,,,,,66603,True,True,True,True,True,True,6,True,6,,
hsk-old-6-无理取闹,6,无理取闹,無理取鬧,wú lǐ qǔ nào,to make trouble without reason (idiom),no lexical issue identified in this pass,,,,,66619,True,True,True,True,True,True,6,True,6,,
hsk-old-6-无知,6,无知,無知,wú zhī,ignorance,no lexical issue identified in this pass,,,,,66634,True,True,True,True,True,True,6,True,6,,
hsk-old-6-无穷无尽,6,无穷无尽,無窮無盡,wú qióng wú jìn,vast and limitless,no lexical issue identified in this pass,,,,,66651,True,True,True,True,True,True,6,True,6,,
hsk-old-6-无精打采,6,无精打采,無精打采,wú jīng dǎ cǎi,listless,no lexical issue identified in this pass,,,,,66668,True,True,True,True,True,True,6,True,6,,
hsk-old-6-无耻,6,无耻,無恥,wú chǐ,without any sense of shame,no lexical issue identified in this pass,,,,,66685,True,True,True,True,True,True,6,True,6,,
hsk-old-6-无能为力,6,无能为力,無能為力,wú néng wéi lì,incapable of action,no lexical issue identified in this pass,,,,,66703,True,True,True,True,True,True,6,True,6,,
hsk-old-6-无赖,6,无赖,無賴,wú lài,hoodlum,no lexical issue identified in this pass,,,,,66720,True,True,True,True,True,True,6,True,6,,
hsk-old-6-无非,6,无非,無非,wú fēi,nothing but,no lexical issue identified in this pass,,,,,66740,True,True,True,True,True,True,6,True,6,,
hsk-old-6-日新月异,6,日新月异,日新月異,rì xīn yuè yì,change with each passing day,no lexical issue identified in this pass,,,,,66756,True,True,True,True,True,True,6,True,6,,
hsk-old-6-日益,6,日益,日益,rì yì,day by day,no lexical issue identified in this pass,,,,,66773,True,True,True,True,True,True,6,True,6,,
hsk-old-6-时事,6,时事,時事,shí shì,current events,no lexical issue identified in this pass,,,,,66791,True,True,True,True,True,True,6,True,6,,
hsk-old-6-时光,6,时光,時光,shí guāng,time,no lexical issue identified in this pass,,,,,66806,True,True,True,True,True,True,6,True,6,,
hsk-old-6-时差,6,时差,時差,shí chā,jetlag,finding,P2,definition,time difference; jet lag,Jetlag alone omits the difference between time zones.,66823,True,True,True,True,True,True,6,True,5,,
hsk-old-6-时常,6,时常,時常,shí cháng,time and again,no lexical issue identified in this pass,,,,,66840,True,True,True,True,True,True,6,True,6,,
hsk-old-6-时机,6,时机,時機,shí jī,opportune time,no lexical issue identified in this pass,,,,,66856,True,True,True,True,True,True,6,True,6,,
hsk-old-6-时而,6,时而,時而,shí ér,occasionally,no lexical issue identified in this pass,,,,,66871,True,True,True,True,True,True,6,True,6,,
hsk-old-6-时装,6,时装,時裝,shí zhuāng,fashion,no lexical issue identified in this pass,,,,,66887,True,True,True,True,True,True,6,False,,,
hsk-old-6-旷课,6,旷课,曠課,kuàng kè,cut school,no lexical issue identified in this pass,,,,,66903,True,True,True,True,True,True,6,True,6,,
hsk-old-6-昂贵,6,昂贵,昂貴,áng guì,expensive,no lexical issue identified in this pass,,,,,66919,True,True,True,True,True,True,6,True,6,,
hsk-old-6-昆虫,6,昆虫,昆蟲,kūn chóng,insect,no lexical issue identified in this pass,,,,,66935,True,True,True,True,True,True,6,True,5,,
hsk-old-6-昌盛,6,昌盛,昌盛,chāng shèng,prosperous,no lexical issue identified in this pass,,,,,66950,True,True,True,True,True,True,6,True,6,,
hsk-old-6-明明,6,明明,明明,míng míng,obviously,no lexical issue identified in this pass,,,,,66966,True,True,True,True,True,True,6,True,6,,
hsk-old-6-昏迷,6,昏迷,昏迷,hūn mí,lose consciousness,no lexical issue identified in this pass,,,,,66984,True,True,True,True,True,True,6,True,6,,
hsk-old-6-昔日,6,昔日,昔日,xī rì,formerly,no lexical issue identified in this pass,,,,,67005,True,True,True,True,True,True,6,True,6,,
hsk-old-6-是非,6,是非,是非,shì fēi,right and wrong,no lexical issue identified in this pass,,,,,67021,True,True,True,True,True,True,6,True,6,,
hsk-old-6-昼夜,6,昼夜,晝夜,zhòu yè,day and night,no lexical issue identified in this pass,,,,,67037,True,True,True,True,True,True,6,True,6,,
hsk-old-6-显著,6,显著,顯著,xiǎn zhù,notable,no lexical issue identified in this pass,,,,,67055,True,True,True,True,True,True,6,True,6,no part-of-speech metadata; allowed by the current data contract,
hsk-old-6-晋升,6,晋升,晉升,jìn shēng,promote to a higher position,no lexical issue identified in this pass,,,,,67071,True,True,True,True,True,True,6,True,6,,
hsk-old-6-普及,6,普及,普及,pǔ jí,widespread,no lexical issue identified in this pass,,,,,67087,True,True,True,True,True,True,6,True,6,,
hsk-old-6-晴朗,6,晴朗,晴朗,qíng lǎng,sunny and cloudless,no lexical issue identified in this pass,,,,,67109,True,True,True,True,True,True,6,True,6,,
hsk-old-6-智力,6,智力,智力,zhì lì,intelligence,no lexical issue identified in this pass,,,,,67124,True,True,True,True,True,True,6,True,6,,
hsk-old-6-智商,6,智商,智商,zhì shāng,IQ (intelligence quotient),no lexical issue identified in this pass,,,,,67140,True,True,True,True,True,True,6,True,6,,
hsk-old-6-智能,6,智能,智能,zhì néng,intelligent,no lexical issue identified in this pass,,,,,67155,True,True,True,True,True,True,6,True,6,,
hsk-old-6-晾,6,晾,晾,liàng,dry in the air/sun,no lexical issue identified in this pass,,,,,67172,True,True,True,True,True,True,6,True,6,,
hsk-old-6-暂且,6,暂且,暫且,zàn qiě,for the moment,no lexical issue identified in this pass,,,,,67188,True,True,True,True,True,True,6,True,6,,
hsk-old-6-暗示,6,暗示,暗示,àn shì,drop a hint,no lexical issue identified in this pass,,,,,67205,True,True,True,True,True,True,6,True,6,,
hsk-old-6-暧昧,6,暧昧,曖昧,ài mèi,ambiguous,no lexical issue identified in this pass,,,,,67222,True,True,True,True,True,True,6,True,6,,
hsk-old-6-暴力,6,暴力,暴力,bào lì,violence,no lexical issue identified in this pass,,,,,67240,True,True,True,True,True,True,6,True,6,,
hsk-old-6-暴露,6,暴露,暴露,bào lù,expose,no lexical issue identified in this pass,,,,,67257,True,True,True,True,True,True,6,True,6,,
hsk-old-6-曝光,6,曝光,曝光,bào guāng,to expose,no lexical issue identified in this pass,,,,,67276,True,True,True,True,True,True,6,True,6,,
hsk-old-6-曲子,6,曲子,曲子,qǔ zi,folk tune,no lexical issue identified in this pass,,,,,67295,True,True,True,True,True,True,6,True,6,,
hsk-old-6-曲折,6,曲折,曲折,qū zhé,winding,no lexical issue identified in this pass,,,,,67312,True,True,True,True,True,True,6,True,6,,
hsk-old-6-更新,6,更新,更新,gēng xīn,to replace the old with new,no lexical issue identified in this pass,,,,,67329,True,True,True,True,True,True,6,True,6,,
hsk-old-6-更正,6,更正,更正,gēng zhèng,correct,no lexical issue identified in this pass,,,,,67350,True,True,True,True,True,True,6,True,6,,
hsk-old-6-有条不紊,6,有条不紊,有條不紊,yǒu tiáo bù wěn,in an orderly way,no lexical issue identified in this pass,,,,,67367,True,True,True,True,True,True,6,True,6,,
hsk-old-6-服气,6,服气,服氣,fú qì,be convinced,no lexical issue identified in this pass,,,,,67382,True,True,True,True,True,True,6,True,6,,
hsk-old-6-朗读,6,朗读,朗讀,lǎng dú,read aloud,no lexical issue identified in this pass,,,,,67398,True,True,True,True,True,True,6,True,5,,
hsk-old-6-朝气蓬勃,6,朝气蓬勃,朝氣蓬勃,zhāo qì péng bó,full of youthful energy (idiom),no lexical issue identified in this pass,,,,,67413,True,True,True,True,True,True,6,True,6,,
hsk-old-6-期望,6,期望,期望,qī wàng,hope,no lexical issue identified in this pass,,,,,67430,True,True,True,True,True,True,6,True,6,,
hsk-old-6-期限,6,期限,期限,qī xiàn,time limit,no lexical issue identified in this pass,,,,,67449,True,True,True,True,True,True,6,True,6,,
hsk-old-6-未免,6,未免,未免,wèi miǎn,of something that one finds has gone too far,no lexical issue identified in this pass,,,,,67466,True,True,True,True,True,True,6,True,6,,
hsk-old-6-本事,6,本事,本事,běn shi,ability,no lexical issue identified in this pass,,,,,67484,True,True,True,True,True,True,6,True,6,,
hsk-old-6-本人,6,本人,本人,běn rén,I,no lexical issue identified in this pass,,,,,67500,True,True,True,True,True,True,6,True,6,,
hsk-old-6-本着,6,本着,本著,běn zhe,based on...,no lexical issue identified in this pass,,,,,67516,True,True,True,True,True,True,6,False,,,
hsk-old-6-本能,6,本能,本能,běn néng,instinct,no lexical issue identified in this pass,,,,,67533,True,True,True,True,True,True,6,True,6,,
hsk-old-6-本身,6,本身,本身,běn shēn,itself,no lexical issue identified in this pass,,,,,67549,True,True,True,True,True,True,6,True,6,,
hsk-old-6-本钱,6,本钱,本錢,běn qián,capital (financial),no lexical issue identified in this pass,,,,,67566,True,True,True,True,True,True,6,True,6,,
hsk-old-6-朴实,6,朴实,樸實,pǔ shí,plain,no lexical issue identified in this pass,,,,,67582,True,True,True,True,True,True,6,True,6,,
hsk-old-6-机关,6,机关,機關,jī guān,mechanism,no lexical issue identified in this pass,,,,,67601,True,True,True,True,True,True,6,False,,,
hsk-old-6-机动,6,机动,機動,jī dòng,motorized,no lexical issue identified in this pass,,,,,67619,True,True,True,True,True,True,6,True,6,,
hsk-old-6-机密,6,机密,機密,jī mì,secret,no lexical issue identified in this pass,,,,,67639,True,True,True,True,True,True,6,True,6,,
hsk-old-6-机智,6,机智,機智,jī zhì,tact,no lexical issue identified in this pass,,,,,67656,True,True,True,True,True,True,6,True,6,,
hsk-old-6-机构,6,机构,機構,jī gòu,structure,no lexical issue identified in this pass,,,,,67674,True,True,True,True,True,True,6,True,6,,
hsk-old-6-机械,6,机械,機械,jī xiè,machine,no lexical issue identified in this pass,,,,,67693,True,True,True,True,True,True,6,True,6,,
hsk-old-6-机灵,6,机灵,機靈,jī ling,clever,no lexical issue identified in this pass,,,,,67713,True,True,True,True,True,True,6,True,6,,
hsk-old-6-机遇,6,机遇,機遇,jī yù,opportunity,no lexical issue identified in this pass,,,,,67730,True,True,True,True,True,True,6,True,6,,
hsk-old-6-杂交,6,杂交,雜交,zá jiāo,create a hybrid,no lexical issue identified in this pass,,,,,67747,True,True,True,True,True,True,6,True,6,,
hsk-old-6-杂技,6,杂技,雜技,zá jì,acrobatics,no lexical issue identified in this pass,,,,,67764,True,True,True,True,True,True,6,True,6,,
hsk-old-6-权威,6,权威,權威,quán wēi,authority,no lexical issue identified in this pass,,,,,67779,True,True,True,True,True,True,6,True,6,,
hsk-old-6-权益,6,权益,權益,quán yì,rights,no lexical issue identified in this pass,,,,,67797,True,True,True,True,True,True,6,False,,,
hsk-old-6-权衡,6,权衡,權衡,quán héng,trade-off,no lexical issue identified in this pass,,,,,67814,True,True,True,True,True,True,6,True,6,,
hsk-old-6-杜绝,6,杜绝,杜絕,dù jué,put an end to,no lexical issue identified in this pass,,,,,67832,True,True,True,True,True,True,6,True,6,,
hsk-old-6-束,6,束,束,shù,to tie,no lexical issue identified in this pass,,,,,67847,True,True,True,True,True,True,6,True,6,,
hsk-old-6-束缚,6,束缚,束縛,shù fù,to bind,no lexical issue identified in this pass,,,,,67867,True,True,True,True,True,True,6,True,6,,
hsk-old-6-杠杆,6,杠杆,槓桿,gàng gǎn,lever,no lexical issue identified in this pass,,,,,67887,True,True,True,True,True,True,6,True,6,,
hsk-old-6-条款,6,条款,條款,tiáo kuǎn,clause (of contract or law),no lexical issue identified in this pass,,,,,67905,True,True,True,True,True,True,6,True,6,,
hsk-old-6-条理,6,条理,條理,tiáo lǐ,consecutive,finding,P1,definition,logical order; organization,Consecutive is an adjective and does not explain this noun.,67920,True,True,True,True,True,True,6,True,6,,
hsk-old-6-条约,6,条约,條約,tiáo yuē,treaty,no lexical issue identified in this pass,,,,,67937,True,True,True,True,True,True,6,True,6,,
hsk-old-6-来历,6,来历,來歷,lái lì,history,no lexical issue identified in this pass,,,,,67953,True,True,True,True,True,True,6,True,6,,
hsk-old-6-来源,6,来源,來源,lái yuán,source,no lexical issue identified in this pass,,,,,67970,True,True,True,True,True,True,6,True,6,,
hsk-old-6-杰出,6,杰出,傑出,jié chū,outstanding,no lexical issue identified in this pass,,,,,67986,True,True,True,True,True,True,6,True,6,,
hsk-old-6-极端,6,极端,極端,jí duān,extreme,no lexical issue identified in this pass,,,,,68005,True,True,True,True,True,True,6,True,6,,
hsk-old-6-极限,6,极限,極限,jí xiàn,limit,no lexical issue identified in this pass,,,,,68022,True,True,True,True,True,True,6,True,6,,
hsk-old-6-构思,6,构思,構思,gòu sī,outline a story,no lexical issue identified in this pass,,,,,68038,True,True,True,True,True,True,6,True,6,,
hsk-old-6-枚,6,枚,枚,méi,"classifier for coins, rings, medals",no lexical issue identified in this pass,,,,,68062,True,True,True,True,True,True,6,True,6,,
hsk-old-6-果断,6,果断,果斷,guǒ duàn,firm,no lexical issue identified in this pass,,,,,68080,True,True,True,True,True,True,6,True,6,,
hsk-old-6-枝,6,枝,枝,zhī,branch,no lexical issue identified in this pass,,,,,68097,True,True,True,True,True,True,6,True,6,,
hsk-old-6-枯燥,6,枯燥,枯燥,kū zào,dry and dull,no lexical issue identified in this pass,,,,,68114,True,True,True,True,True,True,6,True,6,,
hsk-old-6-枯竭,6,枯竭,枯竭,kū jié,used up,no lexical issue identified in this pass,,,,,68132,True,True,True,True,True,True,6,False,,,
hsk-old-6-染,6,染,染,rǎn,dye,no lexical issue identified in this pass,,,,,68149,True,True,True,True,True,True,6,True,6,,
hsk-old-6-柔和,6,柔和,柔和,róu hé,gentle,no lexical issue identified in this pass,,,,,68169,True,True,True,True,True,True,6,True,6,,
hsk-old-6-查获,6,查获,查獲,chá huò,investigate and capture a criminal,no lexical issue identified in this pass,,,,,68186,True,True,True,True,True,True,6,True,6,,
hsk-old-6-柴油,6,柴油,柴油,chái yóu,diesel fuel,no lexical issue identified in this pass,,,,,68201,True,True,True,True,True,True,6,True,6,,
hsk-old-6-标本,6,标本,標本,biāo běn,specimen,no lexical issue identified in this pass,,,,,68216,True,True,True,True,True,True,6,True,6,,
hsk-old-6-标记,6,标记,標記,biāo jì,sign,no lexical issue identified in this pass,,,,,68232,True,True,True,True,True,True,6,True,6,,
hsk-old-6-标题,6,标题,標題,biāo tí,title,no lexical issue identified in this pass,,,,,68252,True,True,True,True,True,True,6,True,6,,
hsk-old-6-栋,6,栋,棟,dòng,roof beam,finding,P2,definition,classifier for buildings,Roof beam is an old sense and hides the modern measure word.,68271,True,True,True,True,True,True,6,True,6,,
hsk-old-6-栏目,6,栏目,欄目,lán mù,"column (in a newspaper,TV,etc)",no lexical issue identified in this pass,,,,,68288,True,True,True,True,True,True,6,True,6,,
hsk-old-6-树立,6,树立,樹立,shù lì,set up,no lexical issue identified in this pass,,,,,68304,True,True,True,True,True,True,6,True,6,,
hsk-old-6-株,6,株,株,zhū,stem,finding,P2,definition,classifier for plants; plant,Stem alone misses the productive classifier use.,68320,True,True,True,True,True,True,6,True,6,,
hsk-old-6-样品,6,样品,樣品,yàng pǐn,sample,no lexical issue identified in this pass,,,,,68340,True,True,True,True,True,True,6,True,6,,
hsk-old-6-根深蒂固,6,根深蒂固,根深蒂固,gēn shēn dì gù,deep-rooted,no lexical issue identified in this pass,,,,,68355,True,True,True,True,True,True,6,True,6,,
hsk-old-6-根源,6,根源,根源,gēn yuán,origin,no lexical issue identified in this pass,,,,,68370,True,True,True,True,True,True,6,True,6,,
hsk-old-6-格局,6,格局,格局,gé jú,structure,no lexical issue identified in this pass,,,,,68387,True,True,True,True,True,True,6,True,6,,
hsk-old-6-格式,6,格式,格式,gé shì,form,no lexical issue identified in this pass,,,,,68404,True,True,True,True,True,True,6,True,6,,
hsk-old-6-栽培,6,栽培,栽培,zāi péi,grow,no lexical issue identified in this pass,,,,,68421,True,True,True,True,True,True,6,True,6,,
hsk-old-6-框架,6,框架,框架,kuàng jià,frame,no lexical issue identified in this pass,,,,,68441,True,True,True,True,True,True,6,True,6,,
hsk-old-6-案件,6,案件,案件,àn jiàn,legal case,no lexical issue identified in this pass,,,,,68457,True,True,True,True,True,True,6,True,6,,
hsk-old-6-案例,6,案例,案例,àn lì,(Law) case,no lexical issue identified in this pass,,,,,68473,True,True,True,True,True,True,6,True,6,,
hsk-old-6-档案,6,档案,檔案,dàng àn,file,no lexical issue identified in this pass,,,,,68488,True,True,True,True,True,True,6,True,6,,
hsk-old-6-档次,6,档次,檔次,dàng cì,grade,no lexical issue identified in this pass,,,,,68505,True,True,True,True,True,True,6,True,6,,
hsk-old-6-桥梁,6,桥梁,橋梁,qiáo liáng,bridge,no lexical issue identified in this pass,,,,,68523,True,True,True,True,True,True,6,True,6,,
hsk-old-6-桨,6,桨,槳,jiǎng,oar,no lexical issue identified in this pass,,,,,68538,True,True,True,True,True,True,6,True,6,,
hsk-old-6-梢,6,梢,梢,shāo,tip of a branch,no lexical issue identified in this pass,,,,,68554,True,True,True,True,True,True,6,True,6,,
hsk-old-6-梦想,6,梦想,夢想,mèng xiǎng,dream of,no lexical issue identified in this pass,,,,,68569,True,True,True,True,True,True,6,True,5,,
hsk-old-6-检讨,6,检讨,檢討,jiǎn tǎo,self-criticism,no lexical issue identified in this pass,,,,,68586,True,True,True,True,True,True,6,True,6,,
hsk-old-6-检验,6,检验,檢驗,jiǎn yàn,inspect,no lexical issue identified in this pass,,,,,68604,True,True,True,True,True,True,6,True,6,,
hsk-old-6-棍棒,6,棍棒,棍棒,gùn bàng,club,no lexical issue identified in this pass,,,,,68622,True,True,True,True,True,True,6,True,6,,
hsk-old-6-棕色,6,棕色,棕色,zōng sè,brown (the color),no lexical issue identified in this pass,,,,,68639,True,True,True,True,True,True,6,True,6,,
hsk-old-6-椭圆,6,椭圆,橢圓,tuǒ yuán,ellipse,no lexical issue identified in this pass,,,,,68654,True,True,True,True,True,True,6,True,6,,
hsk-old-6-榜样,6,榜样,榜樣,bǎng yàng,example,no lexical issue identified in this pass,,,,,68671,True,True,True,True,True,True,6,True,6,,
hsk-old-6-模型,6,模型,模型,mó xíng,model,no lexical issue identified in this pass,,,,,68687,True,True,True,True,True,True,6,True,6,,
hsk-old-6-模式,6,模式,模式,mó shì,model,no lexical issue identified in this pass,,,,,68705,True,True,True,True,True,True,6,True,6,,
hsk-old-6-模样,6,模样,模樣,mú yàng,appearance,no lexical issue identified in this pass,,,,,68722,True,True,True,True,True,True,6,True,6,,
hsk-old-6-模范,6,模范,模範,mó fàn,model,no lexical issue identified in this pass,,,,,68742,True,True,True,True,True,True,6,True,6,,
hsk-old-6-橙,6,橙,橙,chéng,orange (color),no lexical issue identified in this pass,,,,,68759,True,True,True,True,True,True,6,True,6,,
hsk-old-6-次品,6,次品,次品,cì pǐn,defective or substandard products,no lexical issue identified in this pass,,,,,68776,True,True,True,True,True,True,6,True,6,,
hsk-old-6-次序,6,次序,次序,cì xù,sequence,no lexical issue identified in this pass,,,,,68793,True,True,True,True,True,True,6,True,6,,
hsk-old-6-欢乐,6,欢乐,歡樂,huān lè,gaiety,no lexical issue identified in this pass,,,,,68808,True,True,True,True,True,True,6,True,6,,
hsk-old-6-欣慰,6,欣慰,欣慰,xīn wèi,be gratified,no lexical issue identified in this pass,,,,,68831,True,True,True,True,True,True,6,True,6,,
hsk-old-6-欣欣向荣,6,欣欣向荣,欣欣向榮,xīn xīn xiàng róng,flourishing,no lexical issue identified in this pass,,,,,68847,True,True,True,True,True,True,6,True,6,,
hsk-old-6-欧洲,6,欧洲,歐洲,Oū zhōu,Europe,finding,P1,pinyin spelling,Ōu zhōu,The tone mark in ou belongs on o; Oū has the mark on the wrong vowel.,68863,True,True,True,False,False,True,6,True,5,,
hsk-old-6-欲望,6,欲望,慾望,yù wàng,desire,no lexical issue identified in this pass,,,,,68878,True,True,True,True,True,True,6,True,6,,
hsk-old-6-欺负,6,欺负,欺負,qī fu,to bully,no lexical issue identified in this pass,,,,,68893,True,True,True,True,True,True,6,True,6,,
hsk-old-6-欺骗,6,欺骗,欺騙,qī piàn,deceive,no lexical issue identified in this pass,,,,,68909,True,True,True,True,True,True,6,True,6,,
hsk-old-6-款式,6,款式,款式,kuǎn shì,pattern,no lexical issue identified in this pass,,,,,68926,True,True,True,True,True,True,6,True,6,,
hsk-old-6-款待,6,款待,款待,kuǎn dài,to entertain (guests),no lexical issue identified in this pass,,,,,68943,True,True,True,True,True,True,6,True,6,,
hsk-old-6-歌颂,6,歌颂,歌頌,gē sòng,sing the praise of,no lexical issue identified in this pass,,,,,68960,True,True,True,True,True,True,6,True,6,,
hsk-old-6-正义,6,正义,正義,zhèng yì,justice,no lexical issue identified in this pass,,,,,68978,True,True,True,True,True,True,6,True,6,,
hsk-old-6-正当,6,正当,正當,zhèng dāng,timely,no lexical issue identified in this pass,,,,,68996,True,True,True,True,True,True,6,True,6,,
hsk-old-6-正月,6,正月,正月,zhēng yuè,the first month of the lunar calendar,no lexical issue identified in this pass,,,,,69015,True,True,True,True,True,True,6,True,6,,
hsk-old-6-正气,6,正气,正氣,zhèng qì,healthy environment,no lexical issue identified in this pass,,,,,69030,True,True,True,True,True,True,6,True,6,,
hsk-old-6-正经,6,正经,正經,zhèng jīng,decent,no lexical issue identified in this pass,,,,,69047,True,True,True,True,True,True,6,True,6,,
hsk-old-6-正规,6,正规,正規,zhèng guī,formal,no lexical issue identified in this pass,,,,,69067,True,True,True,True,True,True,6,True,6,,
hsk-old-6-正负,6,正负,正負,zhèng fù,positive and negative,no lexical issue identified in this pass,,,,,69083,True,True,True,True,True,True,6,True,6,,
hsk-old-6-步伐,6,步伐,步伐,bù fá,pace,no lexical issue identified in this pass,,,,,69099,True,True,True,True,True,True,6,True,6,,
hsk-old-6-武侠,6,武侠,武俠,wǔ xiá,knight-errant,no lexical issue identified in this pass,,,,,69116,True,True,True,True,True,True,6,True,6,,
hsk-old-6-武装,6,武装,武裝,wǔ zhuāng,arms,no lexical issue identified in this pass,,,,,69132,True,True,True,True,True,True,6,True,6,,
hsk-old-6-歧视,6,歧视,歧視,qí shì,discriminate (against someone),no lexical issue identified in this pass,,,,,69153,True,True,True,True,True,True,6,True,6,,
hsk-old-6-歪曲,6,歪曲,歪曲,wāi qū,to distort,no lexical issue identified in this pass,,,,,69170,True,True,True,True,True,True,6,True,6,,
hsk-old-6-歹徒,6,歹徒,歹徒,dǎi tú,evil person who commits crimes,no lexical issue identified in this pass,,,,,69187,True,True,True,True,True,True,6,True,6,,
hsk-old-6-死亡,6,死亡,死亡,sǐ wáng,to die,no lexical issue identified in this pass,,,,,69205,True,True,True,True,True,True,6,True,6,,
hsk-old-6-残忍,6,残忍,殘忍,cán rěn,brutal,no lexical issue identified in this pass,,,,,69222,True,True,True,True,True,True,6,True,6,,
hsk-old-6-残留,6,残留,殘留,cán liú,to remain,no lexical issue identified in this pass,,,,,69241,True,True,True,True,True,True,6,True,6,,
hsk-old-6-残酷,6,残酷,殘酷,cán kù,cruel,no lexical issue identified in this pass,,,,,69259,True,True,True,True,True,True,6,True,6,,
hsk-old-6-殖民地,6,殖民地,殖民地,zhí mín dì,colony,no lexical issue identified in this pass,,,,,69277,True,True,True,True,True,True,6,True,6,,
hsk-old-6-殴打,6,殴打,毆打,ōu dǎ,beat up,no lexical issue identified in this pass,,,,,69292,True,True,True,True,True,True,6,True,6,,
hsk-old-6-毁灭,6,毁灭,毀滅,huǐ miè,perish,no lexical issue identified in this pass,,,,,69310,True,True,True,True,True,True,6,True,6,,
hsk-old-6-毅力,6,毅力,毅力,yì lì,willpower,no lexical issue identified in this pass,,,,,69328,True,True,True,True,True,True,6,True,6,,
hsk-old-6-毅然,6,毅然,毅然,yì rán,without hesitation,no lexical issue identified in this pass,,,,,69344,True,True,True,True,True,True,6,True,6,,
hsk-old-6-母语,6,母语,母語,mǔ yǔ,native/mother tongue,no lexical issue identified in this pass,,,,,69361,True,True,True,True,True,True,6,True,6,,
hsk-old-6-毒品,6,毒品,毒品,dú pǐn,drugs,no lexical issue identified in this pass,,,,,69378,True,True,True,True,True,True,6,True,6,,
hsk-old-6-比喻,6,比喻,比喻,bǐ yù,metaphor,no lexical issue identified in this pass,,,,,69395,True,True,True,True,True,True,6,True,6,,
hsk-old-6-比方,6,比方,比方,bǐ fang,instance,no lexical issue identified in this pass,,,,,69416,True,True,True,True,True,True,6,True,6,,
hsk-old-6-比重,6,比重,比重,bǐ zhòng,proportion,no lexical issue identified in this pass,,,,,69435,True,True,True,True,True,True,6,True,6,,
hsk-old-6-毫无,6,毫无,毫無,háo wú,not at all,no lexical issue identified in this pass,,,,,69451,True,True,True,True,True,True,6,True,6,,
hsk-old-6-毫米,6,毫米,毫米,háo mǐ,millimeter,no lexical issue identified in this pass,,,,,69467,True,True,True,True,True,True,6,True,6,,
hsk-old-6-民用,6,民用,民用,mín yòng,(for) civilian use,no lexical issue identified in this pass,,,,,69482,True,True,True,True,True,True,6,False,,,
hsk-old-6-民间,6,民间,民間,mín jiān,among the people,no lexical issue identified in this pass,,,,,69497,True,True,True,True,True,True,6,True,6,,
hsk-old-6-气功,6,气功,氣功,qì gōng,"Qi Gong, a system of deep breathing exercises",no lexical issue identified in this pass,,,,,69516,True,True,True,True,True,True,6,True,6,,
hsk-old-6-气势,6,气势,氣勢,qì shì,imposing manner,no lexical issue identified in this pass,,,,,69531,True,True,True,True,True,True,6,True,6,,
hsk-old-6-气压,6,气压,氣壓,qì yā,atmospheric pressure,no lexical issue identified in this pass,,,,,69550,True,True,True,True,True,True,6,True,6,,
hsk-old-6-气味,6,气味,氣味,qì wèi,odor,no lexical issue identified in this pass,,,,,69566,True,True,True,True,True,True,6,True,6,,
hsk-old-6-气概,6,气概,氣概,qì gài,mettle,no lexical issue identified in this pass,,,,,69581,True,True,True,True,True,True,6,True,6,,
hsk-old-6-气色,6,气色,氣色,qì sè,complexion,no lexical issue identified in this pass,,,,,69598,True,True,True,True,True,True,6,True,6,,
hsk-old-6-气象,6,气象,氣象,qì xiàng,meteorology,no lexical issue identified in this pass,,,,,69613,True,True,True,True,True,True,6,True,6,,
hsk-old-6-气魄,6,气魄,氣魄,qì pò,spirit,no lexical issue identified in this pass,,,,,69632,True,True,True,True,True,True,6,True,6,,
hsk-old-6-氢,6,氢,氫,qīng,hydrogen (chemistry),no lexical issue identified in this pass,,,,,69650,True,True,True,True,True,True,6,False,,,
hsk-old-6-氧气,6,氧气,氧氣,yǎng qì,oxygen,no lexical issue identified in this pass,,,,,69666,True,True,True,True,True,True,6,True,6,,
hsk-old-6-水利,6,水利,水利,shuǐ lì,water conservancy,no lexical issue identified in this pass,,,,,69681,True,True,True,True,True,True,6,True,6,,
hsk-old-6-水泥,6,水泥,水泥,shuǐ ní,cement,no lexical issue identified in this pass,,,,,69697,True,True,True,True,True,True,6,True,6,,
hsk-old-6-水龙头,6,水龙头,水龍頭,shuǐ lóng tóu,faucet,no lexical issue identified in this pass,,,,,69712,True,True,True,True,True,True,6,True,6,,
hsk-old-6-永恒,6,永恒,永恆,yǒng héng,eternal,no lexical issue identified in this pass,,,,,69728,True,True,True,True,True,True,6,True,6,,
hsk-old-6-汇报,6,汇报,彙報,huì bào,report,no lexical issue identified in this pass,,,,,69745,True,True,True,True,True,True,6,True,6,,
hsk-old-6-池塘,6,池塘,池塘,chí táng,pool,no lexical issue identified in this pass,,,,,69763,True,True,True,True,True,True,6,True,5,,
hsk-old-6-污蔑,6,污蔑,污衊,wū miè,to slander,no lexical issue identified in this pass,,,,,69779,True,True,True,True,True,True,6,True,6,,
hsk-old-6-沉思,6,沉思,沉思,chén sī,ponder,no lexical issue identified in this pass,,,,,69796,True,True,True,True,True,True,6,True,6,,
hsk-old-6-沉淀,6,沉淀,沉澱,chén diàn,to precipitate (solid sediment out of a solution),no lexical issue identified in this pass,,,,,69815,True,True,True,True,True,True,6,True,6,,
hsk-old-6-沉着,6,沉着,沉著,chén zhuó,calm and collected,no lexical issue identified in this pass,,,,,69832,True,True,True,True,True,True,6,True,6,,
hsk-old-6-沉重,6,沉重,沉重,chén zhòng,heavy,no lexical issue identified in this pass,,,,,69851,True,True,True,True,True,True,6,True,6,,
hsk-old-6-沉闷,6,沉闷,沉悶,chén mèn,oppressive (of weather),no lexical issue identified in this pass,,,,,69871,True,True,True,True,True,True,6,True,6,,
hsk-old-6-沐浴,6,沐浴,沐浴,mù yù,take a bath,no lexical issue identified in this pass,,,,,69892,True,True,True,True,True,True,6,True,6,,
hsk-old-6-没辙,6,没辙,沒轍,méi zhé,at one's wit's end,no lexical issue identified in this pass,,,,,69910,True,True,True,True,True,True,6,False,,,
hsk-old-6-沮丧,6,沮丧,沮喪,jǔ sàng,dejected,no lexical issue identified in this pass,,,,,69926,True,True,True,True,True,True,6,True,6,,
hsk-old-6-沸腾,6,沸腾,沸騰,fèi téng,to boil,no lexical issue identified in this pass,,,,,69944,True,True,True,True,True,True,6,True,6,,
hsk-old-6-油漆,6,油漆,油漆,yóu qī,oil paint,no lexical issue identified in this pass,,,,,69963,True,True,True,True,True,True,6,True,6,,
hsk-old-6-油腻,6,油腻,油膩,yóu nì,greasy or oily (food),no lexical issue identified in this pass,,,,,69981,True,True,True,True,True,True,6,True,6,,
hsk-old-6-治安,6,治安,治安,zhì ān,law and order,no lexical issue identified in this pass,,,,,69998,True,True,True,True,True,True,6,True,6,,
hsk-old-6-治理,6,治理,治理,zhì lǐ,to bring under control,no lexical issue identified in this pass,,,,,70014,True,True,True,True,True,True,6,True,6,,
hsk-old-6-沼泽,6,沼泽,沼澤,zhǎo zé,marsh,no lexical issue identified in this pass,,,,,70034,True,True,True,True,True,True,6,True,6,,
hsk-old-6-沾光,6,沾光,沾光,zhān guāng,bask in the light,finding,P2,idiom,to benefit through an association with someone,Bask in the light is literal and does not explain the figurative use.,70052,True,True,True,True,True,True,6,True,6,,
hsk-old-6-沿海,6,沿海,沿海,yán hǎi,coastal,no lexical issue identified in this pass,,,,,70069,True,True,True,True,True,True,6,True,6,,
hsk-old-6-泄气,6,泄气,洩氣,xiè qì,despair,no lexical issue identified in this pass,,,,,70084,True,True,True,True,True,True,6,True,6,,
hsk-old-6-泄露,6,泄露,泄露,xiè lù,leak (information),finding,P3,reading variant,Consider xiè lòu as the primary reading and retain xiè lù as an alternative,The current dictionary reverses the preferred and alternate readings; xiè lù remains attested.,70105,True,True,True,False,False,True,6,True,6,,
hsk-old-6-法人,6,法人,法人,fǎ rén,"legal entity (i.e., a corporation)",finding,P2,raw cross-reference,Restore the complete dictionary cross-reference to 自然人.,A raw dictionary definition has a truncated Hanzi reference; this reaches the Dictionary detail list.,70121,True,True,True,True,True,True,6,True,6,,
hsk-old-6-泛滥,6,泛滥,泛濫,fàn làn,to be in flood,no lexical issue identified in this pass,,,,,70138,True,True,True,True,True,True,6,True,6,,
hsk-old-6-泡沫,6,泡沫,泡沫,pào mò,foam,no lexical issue identified in this pass,,,,,70157,True,True,True,True,True,True,6,True,6,,
hsk-old-6-波浪,6,波浪,波浪,bō làng,wave,no lexical issue identified in this pass,,,,,70174,True,True,True,True,True,True,6,True,6,,
hsk-old-6-波涛汹涌,6,波涛汹涌,波濤洶湧,bō tāo xiōng yǒng,waves surging forth,no lexical issue identified in this pass,,,,,70189,True,True,True,True,True,True,6,False,,no part-of-speech metadata; allowed by the current data contract,
hsk-old-6-注射,6,注射,注射,zhù shè,injection,no lexical issue identified in this pass,,,,,70203,True,True,True,True,True,True,6,True,6,,
hsk-old-6-注视,6,注视,注視,zhù shì,watch attentively,no lexical issue identified in this pass,,,,,70220,True,True,True,True,True,True,6,True,6,,
hsk-old-6-注释,6,注释,注釋,zhù shì,annotate,no lexical issue identified in this pass,,,,,70236,True,True,True,True,True,True,6,True,6,,
hsk-old-6-注重,6,注重,注重,zhù zhòng,pay attention,no lexical issue identified in this pass,,,,,70252,True,True,True,True,True,True,6,True,6,,
hsk-old-6-泰斗,6,泰斗,泰斗,tài dǒu,leading scholar of his time,finding,P2,raw cross-reference,Restore the complete dictionary cross-reference to 泰山北斗.,A raw dictionary definition has a truncated Hanzi reference; this reaches the Dictionary detail list.,70268,True,True,True,True,True,True,6,True,6,,
hsk-old-6-泼,6,泼,潑,pō,to splash,no lexical issue identified in this pass,,,,,70285,True,True,True,True,True,True,6,True,6,,
hsk-old-6-洞穴,6,洞穴,洞穴,dòng xué,cave,no lexical issue identified in this pass,,,,,70303,True,True,True,True,True,True,6,False,,,
hsk-old-6-津津有味,6,津津有味,津津有味,jīn jīn yǒu wèi,(saying) with gusto,no lexical issue identified in this pass,,,,,70319,True,True,True,True,True,True,6,True,6,,
hsk-old-6-洪水,6,洪水,洪水,hóng shuǐ,flood,no lexical issue identified in this pass,,,,,70337,True,True,True,True,True,True,6,True,6,,
hsk-old-6-活力,6,活力,活力,huó lì,energy,no lexical issue identified in this pass,,,,,70352,True,True,True,True,True,True,6,True,6,,
hsk-old-6-活该,6,活该,活該,huó gāi,serve sb. right,no lexical issue identified in this pass,,,,,70370,True,True,True,True,True,True,6,True,6,,
hsk-old-6-洽谈,6,洽谈,洽談,qià tán,discuss,no lexical issue identified in this pass,,,,,70388,True,True,True,True,True,True,6,True,6,,
hsk-old-6-派别,6,派别,派別,pài bié,denomination,no lexical issue identified in this pass,,,,,70404,True,True,True,True,True,True,6,True,6,,
hsk-old-6-派遣,6,派遣,派遣,pài qiǎn,send (on a mission),no lexical issue identified in this pass,,,,,70419,True,True,True,True,True,True,6,True,6,,
hsk-old-6-流氓,6,流氓,流氓,liú máng,rogue,no lexical issue identified in this pass,,,,,70435,True,True,True,True,True,True,6,True,6,,
hsk-old-6-流浪,6,流浪,流浪,liú làng,drift about,no lexical issue identified in this pass,,,,,70453,True,True,True,True,True,True,6,True,6,,
hsk-old-6-流通,6,流通,流通,liú tōng,circulate,no lexical issue identified in this pass,,,,,70475,True,True,True,True,True,True,6,True,6,,
hsk-old-6-流露,6,流露,流露,liú lù,express,no lexical issue identified in this pass,,,,,70492,True,True,True,True,True,True,6,True,6,,
hsk-old-6-测量,6,测量,測量,cè liáng,to survey,no lexical issue identified in this pass,,,,,70509,True,True,True,True,True,True,6,True,6,,
hsk-old-6-浑身,6,浑身,渾身,hún shēn,entire body,no lexical issue identified in this pass,,,,,70528,True,True,True,True,True,True,6,True,6,,
hsk-old-6-浓厚,6,浓厚,濃厚,nóng hòu,dense,no lexical issue identified in this pass,,,,,70544,True,True,True,True,True,True,6,True,6,,
hsk-old-6-海拔,6,海拔,海拔,hǎi bá,height above sea level,no lexical issue identified in this pass,,,,,70563,True,True,True,True,True,True,6,True,6,,
hsk-old-6-海滨,6,海滨,海濱,hǎi bīn,shore,no lexical issue identified in this pass,,,,,70579,True,True,True,True,True,True,6,True,6,,
hsk-old-6-浸泡,6,浸泡,浸泡,jìn pào,to soak,no lexical issue identified in this pass,,,,,70596,True,True,True,True,True,True,6,True,6,,
hsk-old-6-涂抹,6,涂抹,塗抹,tú mǒ,scribble,no lexical issue identified in this pass,,,,,70614,True,True,True,True,True,True,6,True,6,,
hsk-old-6-消极,6,消极,消極,xiāo jí,passive,no lexical issue identified in this pass,,,,,70634,True,True,True,True,True,True,6,True,5,,
hsk-old-6-消毒,6,消毒,消毒,xiāo dú,disinfect,no lexical issue identified in this pass,,,,,70652,True,True,True,True,True,True,6,True,6,,
hsk-old-6-消耗,6,消耗,消耗,xiāo hào,use up,no lexical issue identified in this pass,,,,,70668,True,True,True,True,True,True,6,True,6,,
hsk-old-6-消防,6,消防,消防,xiāo fáng,fire-fighting,no lexical issue identified in this pass,,,,,70685,True,True,True,True,True,True,6,True,6,,
hsk-old-6-消除,6,消除,消除,xiāo chú,eliminate,no lexical issue identified in this pass,,,,,70701,True,True,True,True,True,True,6,True,6,,
hsk-old-6-涉及,6,涉及,涉及,shè jí,involve,no lexical issue identified in this pass,,,,,70717,True,True,True,True,True,True,6,True,6,,
hsk-old-6-涌现,6,涌现,湧現,yǒng xiàn,spring up,no lexical issue identified in this pass,,,,,70734,True,True,True,True,True,True,6,True,6,,
hsk-old-6-涮,6,涮,涮,shuàn,to rinse,no lexical issue identified in this pass,,,,,70751,True,True,True,True,True,True,6,False,,,
hsk-old-6-淋,6,淋,淋,lín,to drain,finding,P1,reading/sense,lín; to drench; to sprinkle,To drain belongs to lìn; the selected lín form has a different sense.,70769,True,True,True,True,True,True,6,True,6,,
hsk-old-6-淘气,6,淘气,淘氣,táo qì,naughty,no lexical issue identified in this pass,,,,,70787,True,True,True,True,True,True,6,True,5,,
hsk-old-6-淘汰,6,淘汰,淘汰,táo tài,eliminate (in a competition),no lexical issue identified in this pass,,,,,70803,True,True,True,True,True,True,6,True,6,,
hsk-old-6-淡季,6,淡季,淡季,dàn jì,off season,finding,P2,raw cross-reference,Restore the complete dictionary cross-reference to 旺季.,A raw dictionary definition has a truncated Hanzi reference; this reaches the Dictionary detail list.,70824,True,True,True,True,True,True,6,True,6,,
hsk-old-6-淡水,6,淡水,淡水,dàn shuǐ,fresh water,no lexical issue identified in this pass,,,,,70842,True,True,True,True,True,True,6,True,6,,
hsk-old-6-深奥,6,深奥,深奧,shēn ào,profound,no lexical issue identified in this pass,,,,,70858,True,True,True,True,True,True,6,True,6,,
hsk-old-6-深情厚谊,6,深情厚谊,深情厚誼,shēn qíng hòu yì,profound friendship,no lexical issue identified in this pass,,,,,70876,True,True,True,True,True,True,6,True,6,,
hsk-old-6-深沉,6,深沉,深沉,shēn chén,deep,no lexical issue identified in this pass,,,,,70891,True,True,True,True,True,True,6,True,6,,
hsk-old-6-混乱,6,混乱,混亂,hùn luàn,confusion,no lexical issue identified in this pass,,,,,70912,True,True,True,True,True,True,6,True,6,,
hsk-old-6-混合,6,混合,混合,hùn hé,to mix,no lexical issue identified in this pass,,,,,70930,True,True,True,True,True,True,6,True,6,,
hsk-old-6-混浊,6,混浊,混濁,hùn zhuó,muddy,no lexical issue identified in this pass,,,,,70949,True,True,True,True,True,True,6,True,6,,
hsk-old-6-混淆,6,混淆,混淆,hùn xiáo,obscure,no lexical issue identified in this pass,,,,,70967,True,True,True,True,True,True,6,True,6,,
hsk-old-6-淹没,6,淹没,淹沒,yān mò,submerge,no lexical issue identified in this pass,,,,,70987,True,True,True,True,True,True,6,True,6,,
hsk-old-6-清晨,6,清晨,清晨,qīng chén,early morning,no lexical issue identified in this pass,,,,,71005,True,True,True,True,True,True,6,True,6,,
hsk-old-6-清晰,6,清晰,清晰,qīng xī,clear,no lexical issue identified in this pass,,,,,71020,True,True,True,True,True,True,6,True,6,,
hsk-old-6-清洁,6,清洁,清潔,qīng jié,clean,no lexical issue identified in this pass,,,,,71037,True,True,True,True,True,True,6,True,6,,
hsk-old-6-清澈,6,清澈,清澈,qīng chè,clear,no lexical issue identified in this pass,,,,,71056,True,True,True,True,True,True,6,True,6,,
hsk-old-6-清理,6,清理,清理,qīng lǐ,cleanup,no lexical issue identified in this pass,,,,,71072,True,True,True,True,True,True,6,True,6,,
hsk-old-6-清真,6,清真,清真,qīng zhēn,Muslim,no lexical issue identified in this pass,,,,,71090,True,True,True,True,True,True,6,True,6,,
hsk-old-6-清醒,6,清醒,清醒,qīng xǐng,clear-headed,no lexical issue identified in this pass,,,,,71109,True,True,True,True,True,True,6,True,6,,
hsk-old-6-清除,6,清除,清除,qīng chú,eliminate,no lexical issue identified in this pass,,,,,71128,True,True,True,True,True,True,6,True,6,,
hsk-old-6-渔民,6,渔民,漁民,yú mín,fisherman,no lexical issue identified in this pass,,,,,71146,True,True,True,True,True,True,6,True,6,,
hsk-old-6-渗透,6,渗透,滲透,shèn tòu,infiltrate,no lexical issue identified in this pass,,,,,71162,True,True,True,True,True,True,6,True,6,,
hsk-old-6-渠道,6,渠道,渠道,qú dào,irrigation ditch,no lexical issue identified in this pass,,,,,71182,True,True,True,True,True,True,6,True,6,,
hsk-old-6-渣,6,渣,渣,zhā,dregs,no lexical issue identified in this pass,,,,,71199,True,True,True,True,True,True,6,True,6,,
hsk-old-6-温和,6,温和,溫和,wēn hé,moderate,no lexical issue identified in this pass,,,,,71216,True,True,True,True,True,True,6,True,6,personal-name POS appears on a common-word reading; review sense-specific tags,
hsk-old-6-温带,6,温带,溫帶,wēn dài,temperate zone,no lexical issue identified in this pass,,,,,71234,True,True,True,True,True,True,6,True,6,,
hsk-old-6-港口,6,港口,港口,gǎng kǒu,port,no lexical issue identified in this pass,,,,,71249,True,True,True,True,True,True,6,True,6,,
hsk-old-6-港湾,6,港湾,港灣,gǎng wān,harbor,no lexical issue identified in this pass,,,,,71265,True,True,True,True,True,True,6,True,6,,
hsk-old-6-渴望,6,渴望,渴望,kě wàng,wishful,no lexical issue identified in this pass,,,,,71280,True,True,True,True,True,True,6,True,6,,
hsk-old-6-渺小,6,渺小,渺小,miǎo xiǎo,tiny,no lexical issue identified in this pass,,,,,71297,True,True,True,True,True,True,6,True,6,,
hsk-old-6-湖泊,6,湖泊,湖泊,hú pō,lake,no lexical issue identified in this pass,,,,,71316,True,True,True,True,True,True,6,True,6,,
hsk-old-6-溅,6,溅,濺,jiàn,to splash,no lexical issue identified in this pass,,,,,71331,True,True,True,True,True,True,6,True,6,,
hsk-old-6-源泉,6,源泉,源泉,yuán quán,headspring,no lexical issue identified in this pass,,,,,71346,True,True,True,True,True,True,6,True,6,,
hsk-old-6-溜,6,溜,溜,liū,slip away,no lexical issue identified in this pass,,,,,71364,True,True,True,True,True,True,6,True,6,,
hsk-old-6-溪,6,溪,溪,xī,creek,no lexical issue identified in this pass,,,,,71383,True,True,True,True,True,True,6,True,6,,
hsk-old-6-溶解,6,溶解,溶解,róng jiě,dissolve,no lexical issue identified in this pass,,,,,71400,True,True,True,True,True,True,6,True,6,,
hsk-old-6-滋味,6,滋味,滋味,zī wèi,taste,no lexical issue identified in this pass,,,,,71415,True,True,True,True,True,True,6,True,6,,
hsk-old-6-滋长,6,滋长,滋長,zī zhǎng,to grow (usually of abstract things),no lexical issue identified in this pass,,,,,71432,True,True,True,True,True,True,6,False,,,
hsk-old-6-滔滔不绝,6,滔滔不绝,滔滔不絕,tāo tāo bù jué,(saying) talking non-stop,no lexical issue identified in this pass,,,,,71450,True,True,True,True,True,True,6,True,6,,
hsk-old-6-滞留,6,滞留,滯留,zhì liú,detain,no lexical issue identified in this pass,,,,,71467,True,True,True,True,True,True,6,True,6,,
hsk-old-6-漂浮,6,漂浮,漂浮,piāo fú,superficial,finding,P2,definition,to float; to drift,Superficial is a figurative secondary sense and a poor sole gloss.,71483,True,True,True,True,True,True,6,True,6,,
hsk-old-6-演习,6,演习,演習,yǎn xí,rehearse,no lexical issue identified in this pass,,,,,71504,True,True,True,True,True,True,6,True,6,,
hsk-old-6-演变,6,演变,演變,yǎn biàn,develop,no lexical issue identified in this pass,,,,,71523,True,True,True,True,True,True,6,True,6,,
hsk-old-6-演奏,6,演奏,演奏,yǎn zòu,give an instrumental performance,no lexical issue identified in this pass,,,,,71542,True,True,True,True,True,True,6,True,6,,
hsk-old-6-演绎,6,演绎,演繹,yǎn yì,deduction,no lexical issue identified in this pass,,,,,71558,True,True,True,True,True,True,6,True,6,,
hsk-old-6-演讲,6,演讲,演講,yǎn jiǎng,give a lecture,no lexical issue identified in this pass,,,,,71579,True,True,True,True,True,True,6,True,5,,
hsk-old-6-漫画,6,漫画,漫畫,màn huà,comics,no lexical issue identified in this pass,,,,,71596,True,True,True,True,True,True,6,True,6,,
hsk-old-6-漫长,6,漫长,漫長,màn cháng,very long,no lexical issue identified in this pass,,,,,71613,True,True,True,True,True,True,6,True,6,,
hsk-old-6-潜力,6,潜力,潛力,qián lì,potential,no lexical issue identified in this pass,,,,,71629,True,True,True,True,True,True,6,True,6,,
hsk-old-6-潜水,6,潜水,潛水,qián shuǐ,go diving,no lexical issue identified in this pass,,,,,71645,True,True,True,True,True,True,6,True,6,,
hsk-old-6-潜移默化,6,潜移默化,潛移默化,qián yí mò huà,"exert a subtle influence on sb.'s character, thinking, etc.",no lexical issue identified in this pass,,,,,71663,True,True,True,True,True,True,6,True,6,,
hsk-old-6-潮流,6,潮流,潮流,cháo liú,tide,no lexical issue identified in this pass,,,,,71679,True,True,True,True,True,True,6,True,6,,
hsk-old-6-潮湿,6,潮湿,潮濕,cháo shī,damp,no lexical issue identified in this pass,,,,,71696,True,True,True,True,True,True,6,True,5,,
hsk-old-6-澄清,6,澄清,澄清,chéng qīng,(of liquid) settle,finding,P1,reading/sense,chéng qīng; to clarify; clear. Use dèng qīng for liquid settling.,The displayed settling gloss belongs to dèng qīng; the selected chéng qīng form means clarify or clear.,71713,True,True,True,True,True,True,6,True,6,,
hsk-old-6-激励,6,激励,激勵,jī lì,urge,no lexical issue identified in this pass,,,,,71733,True,True,True,True,True,True,6,True,6,,
hsk-old-6-激发,6,激发,激發,jī fā,to arouse,no lexical issue identified in this pass,,,,,71752,True,True,True,True,True,True,6,True,6,,
hsk-old-6-激情,6,激情,激情,jī qíng,passion,no lexical issue identified in this pass,,,,,71770,True,True,True,True,True,True,6,True,6,,
hsk-old-6-濒临,6,濒临,瀕臨,bīn lín,on the verge of,no lexical issue identified in this pass,,,,,71788,True,True,True,True,True,True,6,True,6,,
hsk-old-6-瀑布,6,瀑布,瀑布,pù bù,waterfall,no lexical issue identified in this pass,,,,,71805,True,True,True,True,True,True,6,True,6,,
hsk-old-6-灌溉,6,灌溉,灌溉,guàn gài,irrigate,no lexical issue identified in this pass,,,,,71820,True,True,True,True,True,True,6,True,6,,
hsk-old-6-火焰,6,火焰,火焰,huǒ yàn,blaze,no lexical issue identified in this pass,,,,,71836,True,True,True,True,True,True,6,True,6,,
hsk-old-6-火箭,6,火箭,火箭,huǒ jiàn,rocket,no lexical issue identified in this pass,,,,,71852,True,True,True,True,True,True,6,True,6,,
hsk-old-6-火药,6,火药,火藥,huǒ yào,gunpowder,no lexical issue identified in this pass,,,,,71867,True,True,True,True,True,True,6,True,6,,
hsk-old-6-灭亡,6,灭亡,滅亡,miè wáng,be destroyed,no lexical issue identified in this pass,,,,,71882,True,True,True,True,True,True,6,True,6,,
hsk-old-6-灯笼,6,灯笼,燈籠,dēng lóng,lantern,no lexical issue identified in this pass,,,,,71902,True,True,True,True,True,True,6,True,6,,
hsk-old-6-灵感,6,灵感,靈感,líng gǎn,inspiration,no lexical issue identified in this pass,,,,,71917,True,True,True,True,True,True,6,True,6,,
hsk-old-6-灵敏,6,灵敏,靈敏,líng mǐn,sensitive,no lexical issue identified in this pass,,,,,71934,True,True,True,True,True,True,6,True,6,,
hsk-old-6-灵魂,6,灵魂,靈魂,líng hún,soul,no lexical issue identified in this pass,,,,,71955,True,True,True,True,True,True,6,True,6,,
hsk-old-6-灾难,6,灾难,災難,zāi nàn,disaster,no lexical issue identified in this pass,,,,,71971,True,True,True,True,True,True,6,True,6,,
hsk-old-6-灿烂,6,灿烂,燦爛,càn làn,to glitter,no lexical issue identified in this pass,,,,,71986,True,True,True,True,True,True,6,True,6,,
hsk-old-6-炉灶,6,炉灶,爐灶,lú zào,kitchen range,no lexical issue identified in this pass,,,,,72003,True,True,True,True,True,True,6,True,6,,
hsk-old-6-炎热,6,炎热,炎熱,yán rè,blistering hot,no lexical issue identified in this pass,,,,,72018,True,True,True,True,True,True,6,True,6,,
hsk-old-6-点缀,6,点缀,點綴,diǎn zhuì,decorate,no lexical issue identified in this pass,,,,,72034,True,True,True,True,True,True,6,True,6,,
hsk-old-6-烘,6,烘,烘,hōng,to dry or warm by the fire,no lexical issue identified in this pass,,,,,72054,True,True,True,True,True,True,6,True,6,,
hsk-old-6-烟花,6,烟花,煙花,yān huā,fireworks,no lexical issue identified in this pass,,,,,72071,True,True,True,True,True,True,6,False,,,
hsk-old-6-热泪盈眶,6,热泪盈眶,熱淚盈眶,rè lèi yíng kuàng,(saying) eyes brimming with tears,no lexical issue identified in this pass,,,,,72087,True,True,True,True,True,True,6,True,6,,
hsk-old-6-热门,6,热门,熱門,rè mén,in demand,no lexical issue identified in this pass,,,,,72103,True,True,True,True,True,True,6,True,6,,
hsk-old-6-烹饪,6,烹饪,烹飪,pēng rèn,cooking,no lexical issue identified in this pass,,,,,72118,True,True,True,True,True,True,6,True,6,,
hsk-old-6-焦急,6,焦急,焦急,jiāo jí,anxiety,no lexical issue identified in this pass,,,,,72135,True,True,True,True,True,True,6,True,6,,
hsk-old-6-焦点,6,焦点,焦點,jiāo diǎn,focus,no lexical issue identified in this pass,,,,,72152,True,True,True,True,True,True,6,True,6,,
hsk-old-6-照应,6,照应,照應,zhào yìng,to correlate with,no lexical issue identified in this pass,,,,,72167,True,True,True,True,True,True,6,False,,,
hsk-old-6-照料,6,照料,照料,zhào liào,to tend,no lexical issue identified in this pass,,,,,72183,True,True,True,True,True,True,6,False,,,
hsk-old-6-照样,6,照样,照樣,zhào yàng,as before,no lexical issue identified in this pass,,,,,72200,True,True,True,True,True,True,6,True,6,,
hsk-old-6-照耀,6,照耀,照耀,zhào yào,to shine,no lexical issue identified in this pass,,,,,72219,True,True,True,True,True,True,6,True,6,,
hsk-old-6-熄灭,6,熄灭,熄滅,xī miè,extinguish,no lexical issue identified in this pass,,,,,72236,True,True,True,True,True,True,6,True,6,,
hsk-old-6-熏陶,6,熏陶,薰陶,xūn táo,to influence (positively),no lexical issue identified in this pass,,,,,72255,True,True,True,True,True,True,6,True,6,,
hsk-old-6-熨,6,熨,熨,yùn,iron,no lexical issue identified in this pass,,,,,72275,True,True,True,True,True,True,6,True,6,,
hsk-old-6-熬,6,熬,熬,áo,endure,no lexical issue identified in this pass,,,,,72291,True,True,True,True,True,True,6,True,6,,
hsk-old-6-爆发,6,爆发,爆發,bào fā,break out,no lexical issue identified in this pass,,,,,72309,True,True,True,True,True,True,6,True,6,,
hsk-old-6-爆炸,6,爆炸,爆炸,bào zhà,explode,no lexical issue identified in this pass,,,,,72328,True,True,True,True,True,True,6,True,6,,
hsk-old-6-爱不释手,6,爱不释手,愛不釋手,ài bù shì shǒu,love something too much to part with it,no lexical issue identified in this pass,,,,,72347,True,True,True,True,True,True,6,True,6,,
hsk-old-6-爱戴,6,爱戴,愛戴,ài dài,love and respect,no lexical issue identified in this pass,,,,,72362,True,True,True,True,True,True,6,True,6,,
hsk-old-6-爽快,6,爽快,爽快,shuǎng kuai,refreshed,no lexical issue identified in this pass,,,,,72379,True,True,True,True,True,True,6,True,6,,
hsk-old-6-片刻,6,片刻,片刻,piàn kè,a short period of time,no lexical issue identified in this pass,,,,,72396,True,True,True,True,True,True,6,True,6,,
hsk-old-6-片断,6,片断,片斷,piàn duàn,part,no lexical issue identified in this pass,,,,,72413,True,True,True,True,True,True,6,True,6,,
hsk-old-6-版本,6,版本,版本,bǎn běn,edition,no lexical issue identified in this pass,,,,,72430,True,True,True,True,True,True,6,True,6,,
hsk-old-6-牢固,6,牢固,牢固,láo gù,firm,no lexical issue identified in this pass,,,,,72447,True,True,True,True,True,True,6,True,6,,
hsk-old-6-牢骚,6,牢骚,牢騷,láo sāo,grumble,no lexical issue identified in this pass,,,,,72463,True,True,True,True,True,True,6,True,6,,
hsk-old-6-物美价廉,6,物美价廉,物美價廉,wù měi jià lián,attractive goods at inexpensive prices,no lexical issue identified in this pass,,,,,72480,True,True,True,True,True,True,6,True,6,,
hsk-old-6-物资,6,物资,物資,wù zī,goods and materials,no lexical issue identified in this pass,,,,,72496,True,True,True,True,True,True,6,True,6,,
hsk-old-6-牲畜,6,牲畜,牲畜,shēng chù,livestock,no lexical issue identified in this pass,,,,,72512,True,True,True,True,True,True,6,True,6,,
hsk-old-6-牵制,6,牵制,牽制,qiān zhì,control,no lexical issue identified in this pass,,,,,72528,True,True,True,True,True,True,6,True,6,,
hsk-old-6-牵扯,6,牵扯,牽扯,qiān chě,implicate,no lexical issue identified in this pass,,,,,72548,True,True,True,True,True,True,6,True,6,,
hsk-old-6-特定,6,特定,特定,tè dìng,special,no lexical issue identified in this pass,,,,,72565,True,True,True,True,True,True,6,True,6,,
hsk-old-6-特色,6,特色,特色,tè sè,characteristic,no lexical issue identified in this pass,,,,,72583,True,True,True,True,True,True,6,True,5,,
hsk-old-6-特长,6,特长,特長,tè cháng,strong point,no lexical issue identified in this pass,,,,,72599,True,True,True,True,True,True,6,True,6,,
hsk-old-6-牺牲,6,牺牲,犧牲,xī shēng,"sacrifice (one's life, etc.)",no lexical issue identified in this pass,,,,,72615,True,True,True,True,True,True,6,True,6,,
hsk-old-6-犬,6,犬,犬,quǎn,dog,no lexical issue identified in this pass,,,,,72633,True,True,True,True,True,True,6,True,6,,
hsk-old-6-犹如,6,犹如,猶如,yóu rú,just as,no lexical issue identified in this pass,,,,,72649,True,True,True,True,True,True,6,True,6,,
hsk-old-6-狠心,6,狠心,狠心,hěn xīn,callous,no lexical issue identified in this pass,,,,,72664,True,True,True,True,True,True,6,True,6,,
hsk-old-6-独裁,6,独裁,獨裁,dú cái,dictatorship,no lexical issue identified in this pass,,,,,72683,True,True,True,True,True,True,6,True,6,,
hsk-old-6-狭窄,6,狭窄,狹窄,xiá zhǎi,narrow,no lexical issue identified in this pass,,,,,72700,True,True,True,True,True,True,6,True,6,,
hsk-old-6-狭隘,6,狭隘,狹隘,xiá ài,narrow,no lexical issue identified in this pass,,,,,72715,True,True,True,True,True,True,6,True,6,,
hsk-old-6-狼狈,6,狼狈,狼狽,láng bèi,in a difficult position or situation,no lexical issue identified in this pass,,,,,72733,True,True,True,True,True,True,6,True,6,,
hsk-old-6-猖狂,6,猖狂,猖狂,chāng kuáng,savage,no lexical issue identified in this pass,,,,,72751,True,True,True,True,True,True,6,False,,,
hsk-old-6-猛烈,6,猛烈,猛烈,měng liè,fierce,no lexical issue identified in this pass,,,,,72768,True,True,True,True,True,True,6,True,6,,
hsk-old-6-率领,6,率领,率領,shuài lǐng,lead,no lexical issue identified in this pass,,,,,72784,True,True,True,True,True,True,6,True,6,,
hsk-old-6-玩弄,6,玩弄,玩弄,wán nòng,resort to,no lexical issue identified in this pass,,,,,72802,True,True,True,True,True,True,6,True,6,,
hsk-old-6-玩意儿,6,玩意儿,玩意兒,wán yì r,thing,no lexical issue identified in this pass,,,,,72821,True,True,True,True,True,True,6,True,6,no part-of-speech metadata; allowed by the current data contract,
hsk-old-6-环节,6,环节,環節,huán jié,link,no lexical issue identified in this pass,,,,,72837,True,True,True,True,True,True,6,True,6,,
hsk-old-6-现场,6,现场,現場,xiàn chǎng,scene (of event or incident),no lexical issue identified in this pass,,,,,72853,True,True,True,True,True,True,6,True,6,,
hsk-old-6-现成,6,现成,現成,xiàn chéng,ready-made,no lexical issue identified in this pass,,,,,72870,True,True,True,True,True,True,6,True,6,,
hsk-old-6-现状,6,现状,現狀,xiàn zhuàng,current situation,no lexical issue identified in this pass,,,,,72886,True,True,True,True,True,True,6,True,6,,
hsk-old-6-珍珠,6,珍珠,珍珠,zhēn zhū,pearl,no lexical issue identified in this pass,,,,,72901,True,True,True,True,True,True,6,True,6,,
hsk-old-6-珍稀,6,珍稀,珍稀,zhēn xī,rare,no lexical issue identified in this pass,,,,,72916,True,True,True,True,True,True,6,True,6,,
hsk-old-6-珍贵,6,珍贵,珍貴,zhēn guì,precious,no lexical issue identified in this pass,,,,,72932,True,True,True,True,True,True,6,True,6,,
hsk-old-6-理所当然,6,理所当然,理所當然,lǐ suǒ dāng rán,(idiom) it goes without saying,no lexical issue identified in this pass,,,,,72947,True,True,True,True,True,True,6,True,6,,
hsk-old-6-理智,6,理智,理智,lǐ zhì,reason,no lexical issue identified in this pass,,,,,72963,True,True,True,True,True,True,6,True,6,,
hsk-old-6-理直气壮,6,理直气壮,理直氣壯,lǐ zhí qì zhuàng,"with justice on one's side, one is bold and assured",no lexical issue identified in this pass,,,,,72982,True,True,True,True,True,True,6,True,6,,
hsk-old-6-理睬,6,理睬,理睬,lǐ cǎi,heed,no lexical issue identified in this pass,,,,,72999,True,True,True,True,True,True,6,True,6,,
hsk-old-6-琢磨,6,琢磨,琢磨,zuó mo,ponder,no lexical issue identified in this pass,,,,,73016,True,True,True,True,True,True,6,True,6,,
hsk-old-6-瓦解,6,瓦解,瓦解,wǎ jiě,collapse,no lexical issue identified in this pass,,,,,73034,True,True,True,True,True,True,6,True,6,,
hsk-old-6-甘心,6,甘心,甘心,gān xīn,to be willing to,no lexical issue identified in this pass,,,,,73051,True,True,True,True,True,True,6,False,,,
hsk-old-6-生存,6,生存,生存,shēng cún,exist,no lexical issue identified in this pass,,,,,73067,True,True,True,True,True,True,6,True,6,,
hsk-old-6-生态,6,生态,生態,shēng tài,way of life,finding,P1,definition,ecology; ecological conditions,Way of life is misleading for the modern environmental term.,73084,True,True,True,True,True,True,6,True,6,,
hsk-old-6-生效,6,生效,生效,shēng xiào,take effect,no lexical issue identified in this pass,,,,,73099,True,True,True,True,True,True,6,True,6,,
hsk-old-6-生机,6,生机,生機,shēng jī,reprieve from death,finding,P2,definition,vitality; a chance of survival,Reprieve from death is narrow and obscures the common vitality sense.,73115,True,True,True,True,True,True,6,True,6,,
hsk-old-6-生物,6,生物,生物,shēng wù,organism,no lexical issue identified in this pass,,,,,73133,True,True,True,True,True,True,6,True,6,,
hsk-old-6-生理,6,生理,生理,shēng lǐ,physiology,no lexical issue identified in this pass,,,,,73151,True,True,True,True,True,True,6,True,6,,
hsk-old-6-生疏,6,生疏,生疏,shēng shū,unfamiliar,no lexical issue identified in this pass,,,,,73166,True,True,True,True,True,True,6,True,6,,
hsk-old-6-生育,6,生育,生育,shēng yù,give birth,no lexical issue identified in this pass,,,,,73184,True,True,True,True,True,True,6,True,6,,
hsk-old-6-生锈,6,生锈,生銹,shēng xiù,to rust,finding,P3,traditional variant,Compare 生鏽 with the bundled 生銹,The current dictionary gives a different traditional spelling; spelling policy needs an explicit choice.,73205,True,True,True,True,False,True,6,True,6,,
hsk-old-6-用功,6,用功,用功,yòng gōng,diligent,no lexical issue identified in this pass,,,,,73223,True,True,True,True,True,True,6,True,5,,
hsk-old-6-用户,6,用户,用戶,yòng hù,user,no lexical issue identified in this pass,,,,,73242,True,True,True,True,True,True,6,True,6,,
hsk-old-6-甭,6,甭,甭,béng,need not,no lexical issue identified in this pass,,,,,73260,True,True,True,True,True,True,6,True,6,,
hsk-old-6-田径,6,田径,田徑,tián jìng,track and field,no lexical issue identified in this pass,,,,,73276,True,True,True,True,True,True,6,True,6,,
hsk-old-6-申报,6,申报,申報,shēn bào,declare,no lexical issue identified in this pass,,,,,73291,True,True,True,True,True,True,6,True,6,,
hsk-old-6-电源,6,电源,電源,diàn yuán,electric power supply,no lexical issue identified in this pass,,,,,73308,True,True,True,True,True,True,6,True,6,,
hsk-old-6-画蛇添足,6,画蛇添足,畫蛇添足,huà shé tiān zú,draw legs on a snake (idiom),no lexical issue identified in this pass,,,,,73323,True,True,True,True,True,True,6,True,6,,
hsk-old-6-畅通,6,畅通,暢通,chàng tōng,unimpeded,no lexical issue identified in this pass,,,,,73339,True,True,True,True,True,True,6,True,6,,
hsk-old-6-畅销,6,畅销,暢銷,chàng xiāo,best seller,no lexical issue identified in this pass,,,,,73359,True,True,True,True,True,True,6,True,6,,
hsk-old-6-界限,6,界限,界限,jiè xiàn,boundary,no lexical issue identified in this pass,,,,,73377,True,True,True,True,True,True,6,True,6,,
hsk-old-6-畏惧,6,畏惧,畏懼,wèi jù,to fear,no lexical issue identified in this pass,,,,,73392,True,True,True,True,True,True,6,True,6,,
hsk-old-6-畔,6,畔,畔,pàn,riverbank,no lexical issue identified in this pass,,,,,73409,True,True,True,True,True,True,6,True,6,,
hsk-old-6-留念,6,留念,留念,liú niàn,to keep as a souvenir,no lexical issue identified in this pass,,,,,73424,True,True,True,True,True,True,6,True,6,,
hsk-old-6-留恋,6,留恋,留戀,liú liàn,be reluctant to leave,no lexical issue identified in this pass,,,,,73440,True,True,True,True,True,True,6,True,6,,
hsk-old-6-留神,6,留神,留神,liú shén,(idiom) take care to ...,no lexical issue identified in this pass,,,,,73458,True,True,True,True,True,True,6,True,6,,
hsk-old-6-畜牧,6,畜牧,畜牧,xù mù,raise animals,no lexical issue identified in this pass,,,,,73474,True,True,True,True,True,True,6,True,6,,
hsk-old-6-略微,6,略微,略微,lüè wēi,a little bit,no lexical issue identified in this pass,,,,,73489,True,True,True,True,True,True,6,False,,,
hsk-old-6-番,6,番,番,fān,classifier for acts or deeds,no lexical issue identified in this pass,,,,,73505,True,True,True,True,True,True,6,True,6,,
hsk-old-6-疏忽,6,疏忽,疏忽,shū hu,neglect,no lexical issue identified in this pass,,,,,73525,True,True,True,True,True,True,6,True,6,,
hsk-old-6-疑惑,6,疑惑,疑惑,yí huò,(a sense of) uncertainty,no lexical issue identified in this pass,,,,,73544,True,True,True,True,True,True,6,True,6,,
hsk-old-6-疙瘩,6,疙瘩,疙瘩,gē da,swelling or lump on skin,no lexical issue identified in this pass,,,,,73565,True,True,True,True,True,True,6,True,6,,
hsk-old-6-疤,6,疤,疤,bā,scar,no lexical issue identified in this pass,,,,,73582,True,True,True,True,True,True,6,True,6,,
hsk-old-6-疲倦,6,疲倦,疲倦,pí juàn,tired,no lexical issue identified in this pass,,,,,73598,True,True,True,True,True,True,6,True,6,,
hsk-old-6-疲惫,6,疲惫,疲憊,pí bèi,beaten,finding,P2,definition,exhausted; worn out,Beaten can suggest a defeat rather than physical or mental exhaustion.,73615,True,True,True,True,True,True,6,True,6,,
hsk-old-6-疾病,6,疾病,疾病,jí bìng,disease,no lexical issue identified in this pass,,,,,73635,True,True,True,True,True,True,6,True,6,,
hsk-old-6-症状,6,症状,症狀,zhèng zhuàng,symptom (of an illness),no lexical issue identified in this pass,,,,,73650,True,True,True,True,True,True,6,True,6,,
hsk-old-6-痕迹,6,痕迹,痕跡,hén jì,vestige,no lexical issue identified in this pass,,,,,73665,True,True,True,True,True,True,6,True,6,,
hsk-old-6-瘫痪,6,瘫痪,癱瘓,tān huàn,paralysis,no lexical issue identified in this pass,,,,,73682,True,True,True,True,True,True,6,True,6,,
hsk-old-6-瘸,6,瘸,瘸,qué,lame,no lexical issue identified in this pass,,,,,73699,True,True,True,True,True,True,6,True,6,,
hsk-old-6-癌症,6,癌症,癌症,ái zhèng,cancer,no lexical issue identified in this pass,,,,,73714,True,True,True,True,True,True,6,True,6,,
hsk-old-6-登录,6,登录,登錄,dēng lù,sign-in,no lexical issue identified in this pass,,,,,73729,True,True,True,True,True,True,6,True,6,,
hsk-old-6-登陆,6,登陆,登陸,dēng lù,to land,no lexical issue identified in this pass,,,,,73746,True,True,True,True,True,True,6,True,6,,
hsk-old-6-百分点,6,百分点,百分點,bǎi fēn diǎn,percentage point,no lexical issue identified in this pass,,,,,73765,True,True,True,True,True,True,6,False,,,
hsk-old-6-皆,6,皆,皆,jiē,all,no lexical issue identified in this pass,,,,,73780,True,True,True,True,True,True,6,True,6,,
hsk-old-6-皮革,6,皮革,皮革,pí gé,leather,no lexical issue identified in this pass,,,,,73797,True,True,True,True,True,True,6,True,6,,
hsk-old-6-皱纹,6,皱纹,皺紋,zhòu wén,wrinkle,no lexical issue identified in this pass,,,,,73812,True,True,True,True,True,True,6,True,6,,
hsk-old-6-盆地,6,盆地,盆地,pén dì,basin,no lexical issue identified in this pass,,,,,73827,True,True,True,True,True,True,6,True,6,,
hsk-old-6-盈利,6,盈利,盈利,yíng lì,profit,no lexical issue identified in this pass,,,,,73843,True,True,True,True,True,True,6,True,6,,
hsk-old-6-监狱,6,监狱,監獄,jiān yù,prison,no lexical issue identified in this pass,,,,,73862,True,True,True,True,True,True,6,True,6,,
hsk-old-6-监督,6,监督,監督,jiān dū,control,no lexical issue identified in this pass,,,,,73877,True,True,True,True,True,True,6,True,6,,
hsk-old-6-监视,6,监视,監視,jiān shì,oversee,no lexical issue identified in this pass,,,,,73895,True,True,True,True,True,True,6,True,6,,
hsk-old-6-盖章,6,盖章,蓋章,gài zhāng,affix one's seal,no lexical issue identified in this pass,,,,,73913,True,True,True,True,True,True,6,True,6,,
hsk-old-6-盗窃,6,盗窃,盜竊,dào qiè,steal,no lexical issue identified in this pass,,,,,73931,True,True,True,True,True,True,6,True,6,,
hsk-old-6-盘旋,6,盘旋,盤旋,pán xuán,spiral,no lexical issue identified in this pass,,,,,73947,True,True,True,True,True,True,6,True,6,,
hsk-old-6-盛,6,盛,盛,chéng,contain,no lexical issue identified in this pass,,,,,73966,True,True,True,True,True,True,6,True,6,,
hsk-old-6-盛产,6,盛产,盛產,shèng chǎn,abound in,no lexical issue identified in this pass,,,,,73987,True,True,True,True,True,True,6,True,6,,
hsk-old-6-盛开,6,盛开,盛開,shèng kāi,to bloom,no lexical issue identified in this pass,,,,,74003,True,True,True,True,True,True,6,True,6,,
hsk-old-6-盛情,6,盛情,盛情,shèng qíng,great kindness,no lexical issue identified in this pass,,,,,74019,True,True,True,True,True,True,6,True,6,,
hsk-old-6-盛行,6,盛行,盛行,shèng xíng,in fashion,no lexical issue identified in this pass,,,,,74036,True,True,True,True,True,True,6,True,6,,
hsk-old-6-目光,6,目光,目光,mù guāng,sight,no lexical issue identified in this pass,,,,,74051,True,True,True,True,True,True,6,True,6,,
hsk-old-6-目睹,6,目睹,目睹,mù dǔ,witness,no lexical issue identified in this pass,,,,,74068,True,True,True,True,True,True,6,True,6,,
hsk-old-6-盯,6,盯,盯,dīng,to stare,no lexical issue identified in this pass,,,,,74085,True,True,True,True,True,True,6,True,6,,
hsk-old-6-盲目,6,盲目,盲目,máng mù,blindness,finding,P2,definition,blindly; without thinking,Blindness loses the common figurative behavior sense.,74103,True,True,True,True,True,True,6,True,6,,
hsk-old-6-直播,6,直播,直播,zhí bō,live broadcast (not recorded),no lexical issue identified in this pass,,,,,74122,True,True,True,True,True,True,6,True,6,,
hsk-old-6-相差,6,相差,相差,xiāng chà,differ,no lexical issue identified in this pass,,,,,74141,True,True,True,True,True,True,6,True,6,,
hsk-old-6-相应,6,相应,相應,xiāng yìng,correspond,no lexical issue identified in this pass,,,,,74157,True,True,True,True,True,True,6,True,6,,
hsk-old-6-相等,6,相等,相等,xiāng děng,be equal to,no lexical issue identified in this pass,,,,,74179,True,True,True,True,True,True,6,True,6,,
hsk-old-6-相辅相成,6,相辅相成,相輔相成,xiāng fǔ xiāng chéng,supplement and complement each other,no lexical issue identified in this pass,,,,,74196,True,True,True,True,True,True,6,True,6,,
hsk-old-6-省会,6,省会,省會,shěng huì,provincial capital,no lexical issue identified in this pass,,,,,74211,True,True,True,True,True,True,6,True,6,,
hsk-old-6-看待,6,看待,看待,kàn dài,look upon,no lexical issue identified in this pass,,,,,74226,True,True,True,True,True,True,6,True,6,,
hsk-old-6-看望,6,看望,看望,kàn wàng,visit,no lexical issue identified in this pass,,,,,74241,True,True,True,True,True,True,6,True,5,,
hsk-old-6-真挚,6,真挚,真摯,zhēn zhì,sincere,no lexical issue identified in this pass,,,,,74256,True,True,True,True,True,True,6,True,6,,
hsk-old-6-真相,6,真相,真相,zhēn xiàng,the actual facts,no lexical issue identified in this pass,,,,,74272,True,True,True,True,True,True,6,True,6,,
hsk-old-6-眨,6,眨,眨,zhǎ,wink,no lexical issue identified in this pass,,,,,74287,True,True,True,True,True,True,6,True,6,,
hsk-old-6-眯,6,眯,瞇,mī,to squint,no lexical issue identified in this pass,,,,,74303,True,True,True,True,True,True,6,True,6,,
hsk-old-6-眼下,6,眼下,眼下,yǎn xià,now,no lexical issue identified in this pass,,,,,74320,True,True,True,True,True,True,6,False,,,
hsk-old-6-眼光,6,眼光,眼光,yǎn guāng,vision,no lexical issue identified in this pass,,,,,74337,True,True,True,True,True,True,6,True,6,,
hsk-old-6-眼神,6,眼神,眼神,yǎn shén,expression or emotion showing in one's eyes,no lexical issue identified in this pass,,,,,74356,True,True,True,True,True,True,6,True,6,,
hsk-old-6-眼色,6,眼色,眼色,yǎn sè,a wink,no lexical issue identified in this pass,,,,,74374,True,True,True,True,True,True,6,True,6,,
hsk-old-6-着想,6,着想,著想,zhuó xiǎng,give consideration to,no lexical issue identified in this pass,,,,,74390,True,True,True,True,True,True,6,True,6,,
hsk-old-6-着手,6,着手,著手,zhuó shǒu,put one's hand to,no lexical issue identified in this pass,,,,,74407,True,True,True,True,True,True,6,True,6,,
hsk-old-6-着迷,6,着迷,著迷,zháo mí,to be fascinated,no lexical issue identified in this pass,,,,,74424,True,True,True,True,True,True,6,True,6,,
hsk-old-6-着重,6,着重,著重,zhuó zhòng,put emphasis on,no lexical issue identified in this pass,,,,,74440,True,True,True,True,True,True,6,True,6,,
hsk-old-6-督促,6,督促,督促,dū cù,supervise and urge sb. to complete a task,no lexical issue identified in this pass,,,,,74455,True,True,True,True,True,True,6,True,6,,
hsk-old-6-瞪,6,瞪,瞪,dèng,stare at,no lexical issue identified in this pass,,,,,74471,True,True,True,True,True,True,6,True,6,,
hsk-old-6-瞻仰,6,瞻仰,瞻仰,zhān yǎng,look at with reverence,no lexical issue identified in this pass,,,,,74488,True,True,True,True,True,True,6,True,6,,
hsk-old-6-知觉,6,知觉,知覺,zhī jué,perception,no lexical issue identified in this pass,,,,,74504,True,True,True,True,True,True,6,True,6,,
hsk-old-6-知足常乐,6,知足常乐,知足常樂,zhī zú cháng lè,content with what one has,no lexical issue identified in this pass,,,,,74520,True,True,True,True,True,True,6,True,6,,
hsk-old-6-短促,6,短促,短促,duǎn cù,short in time duration,no lexical issue identified in this pass,,,,,74535,True,True,True,True,True,True,6,True,6,,
hsk-old-6-石油,6,石油,石油,shí yóu,oil,no lexical issue identified in this pass,,,,,74554,True,True,True,True,True,True,6,True,6,,
hsk-old-6-码头,6,码头,碼頭,mǎ tóu,dock,finding,P3,reading variant,Review mǎ tou as the common current reading,Current CC-CEDICT and the glossary use neutral tou; the HSK list and app retain tóu.,74570,True,True,True,False,False,True,6,True,6,,
hsk-old-6-砖瓦,6,砖瓦,磚瓦,zhuān wǎ,tiles and bricks,no lexical issue identified in this pass,,,,,74587,True,True,True,True,True,True,6,False,,,
hsk-old-6-破例,6,破例,破例,pò lì,make an exception,no lexical issue identified in this pass,,,,,74602,True,True,True,True,True,True,6,True,6,,
hsk-old-6-砸,6,砸,砸,zá,to smash,no lexical issue identified in this pass,,,,,74617,True,True,True,True,True,True,6,True,6,,
hsk-old-6-确保,6,确保,確保,què bǎo,ensure,no lexical issue identified in this pass,,,,,74636,True,True,True,True,True,True,6,True,6,,
hsk-old-6-确信,6,确信,確信,què xìn,confident,no lexical issue identified in this pass,,,,,74651,True,True,True,True,True,True,6,True,6,,
hsk-old-6-确切,6,确切,確切,què qiè,definite,no lexical issue identified in this pass,,,,,74670,True,True,True,True,True,True,6,True,6,,
hsk-old-6-确立,6,确立,確立,què lì,to establish,no lexical issue identified in this pass,,,,,74688,True,True,True,True,True,True,6,True,6,,
hsk-old-6-碧玉,6,碧玉,碧玉,bì yù,jasper,no lexical issue identified in this pass,,,,,74705,True,True,True,True,True,True,6,False,,,
hsk-old-6-磅,6,磅,磅,bàng,pound,no lexical issue identified in this pass,,,,,74720,True,True,True,True,True,True,6,True,6,,
hsk-old-6-磋商,6,磋商,磋商,cuō shāng,discuss seriously,no lexical issue identified in this pass,,,,,74738,True,True,True,True,True,True,6,True,6,,
hsk-old-6-磕,6,磕,磕,kē,knock,no lexical issue identified in this pass,,,,,74759,True,True,True,True,True,True,6,True,6,,
hsk-old-6-磨合,6,磨合,磨合,mó hé,adapt gradually to each other,no lexical issue identified in this pass,,,,,74776,True,True,True,True,True,True,6,True,6,,
hsk-old-6-示威,6,示威,示威,shì wēi,hold a protest demonstration,no lexical issue identified in this pass,,,,,74793,True,True,True,True,True,True,6,True,6,,
hsk-old-6-示意,6,示意,示意,shì yì,to signal,no lexical issue identified in this pass,,,,,74811,True,True,True,True,True,True,6,True,6,,
hsk-old-6-示范,6,示范,示範,shì fàn,demonstrate,no lexical issue identified in this pass,,,,,74827,True,True,True,True,True,True,6,True,6,,
hsk-old-6-礼节,6,礼节,禮節,lǐ jié,etiquette,no lexical issue identified in this pass,,,,,74846,True,True,True,True,True,True,6,True,6,,
hsk-old-6-社区,6,社区,社區,shè qū,community,no lexical issue identified in this pass,,,,,74861,True,True,True,True,True,True,6,True,6,,
hsk-old-6-祖父,6,祖父,祖父,zǔ fù,paternal grandfather,no lexical issue identified in this pass,,,,,74877,True,True,True,True,True,True,6,True,6,,
hsk-old-6-神仙,6,神仙,神仙,shén xiān,fig. lighthearted person,finding,P2,definition,immortal; supernatural being,A figurative lighthearted person is an unsuitable sole main gloss.,74893,True,True,True,True,True,True,6,True,6,,
hsk-old-6-神圣,6,神圣,神聖,shén shèng,divine,no lexical issue identified in this pass,,,,,74911,True,True,True,True,True,True,6,True,6,,
hsk-old-6-神奇,6,神奇,神奇,shén qí,miraculous,no lexical issue identified in this pass,,,,,74930,True,True,True,True,True,True,6,True,6,,
hsk-old-6-神态,6,神态,神態,shén tài,appearance,no lexical issue identified in this pass,,,,,74948,True,True,True,True,True,True,6,True,6,,
hsk-old-6-神情,6,神情,神情,shén qíng,look,no lexical issue identified in this pass,,,,,74969,True,True,True,True,True,True,6,False,,,
hsk-old-6-神气,6,神气,神氣,shén qì,expression,no lexical issue identified in this pass,,,,,74984,True,True,True,True,True,True,6,True,6,,
hsk-old-6-神色,6,神色,神色,shén sè,expression,no lexical issue identified in this pass,,,,,75005,True,True,True,True,True,True,6,False,,,
hsk-old-6-福利,6,福利,福利,fú lì,material benefits,no lexical issue identified in this pass,,,,,75021,True,True,True,True,True,True,6,True,6,,
hsk-old-6-福气,6,福气,福氣,fú qi,good fortune,no lexical issue identified in this pass,,,,,75038,True,True,True,True,True,True,6,True,6,,
hsk-old-6-私自,6,私自,私自,sī zì,private,finding,P2,definition,without permission; on one's own authority,Private omits the unauthorized-action implication.,75055,True,True,True,True,True,True,6,True,6,,
hsk-old-6-秃,6,秃,禿,tū,bald,no lexical issue identified in this pass,,,,,75071,True,True,True,True,True,True,6,True,6,,
hsk-old-6-种子,6,种子,種子,zhǒng zi,seed,no lexical issue identified in this pass,,,,,75087,True,True,True,True,True,True,6,True,6,,
hsk-old-6-种族,6,种族,種族,zhǒng zú,race,no lexical issue identified in this pass,,,,,75102,True,True,True,True,True,True,6,True,6,,
hsk-old-6-科目,6,科目,科目,kē mù,(school) subject,no lexical issue identified in this pass,,,,,75118,True,True,True,True,True,True,6,True,6,,
hsk-old-6-租赁,6,租赁,租賃,zū lìn,rent,no lexical issue identified in this pass,,,,,75134,True,True,True,True,True,True,6,True,6,,
hsk-old-6-秤,6,秤,秤,chèng,balance,no lexical issue identified in this pass,,,,,75150,True,True,True,True,True,True,6,True,6,,
hsk-old-6-称号,6,称号,稱號,chēng hào,title,no lexical issue identified in this pass,,,,,75167,True,True,True,True,True,True,6,True,6,,
hsk-old-6-称心如意,6,称心如意,稱心如意,chèn xīn rú yì,find sth. satisfactory,no lexical issue identified in this pass,,,,,75184,True,True,True,True,True,True,6,True,6,,
hsk-old-6-稠密,6,稠密,稠密,chóu mì,dense,no lexical issue identified in this pass,,,,,75199,True,True,True,True,True,True,6,True,6,,
hsk-old-6-稻谷,6,稻谷,稻穀,dào gǔ,rice crops/paddy,no lexical issue identified in this pass,,,,,75214,True,True,True,True,True,True,6,True,6,,
hsk-old-6-稿件,6,稿件,稿件,gǎo jiàn,rough draft of a document,no lexical issue identified in this pass,,,,,75230,True,True,True,True,True,True,6,True,6,,
hsk-old-6-空前绝后,6,空前绝后,空前絕後,kōng qián jué hòu,unprecedented and unrepeatable,no lexical issue identified in this pass,,,,,75247,True,True,True,True,True,True,6,True,6,,
hsk-old-6-空想,6,空想,空想,kōng xiǎng,daydream,no lexical issue identified in this pass,,,,,75265,True,True,True,True,True,True,6,True,6,,
hsk-old-6-空洞,6,空洞,空洞,kōng dòng,empty,no lexical issue identified in this pass,,,,,75283,True,True,True,True,True,True,6,True,6,,
hsk-old-6-空白,6,空白,空白,kòng bái,blank space,no lexical issue identified in this pass,,,,,75301,True,True,True,True,True,True,6,True,6,,
hsk-old-6-空虚,6,空虚,空虛,kōng xū,hollow,no lexical issue identified in this pass,,,,,75316,True,True,True,True,True,True,6,True,6,,
hsk-old-6-空隙,6,空隙,空隙,kòng xì,crack,no lexical issue identified in this pass,,,,,75333,True,True,True,True,True,True,6,True,6,,
hsk-old-6-穿越,6,穿越,穿越,chuān yuè,pass through,no lexical issue identified in this pass,,,,,75350,True,True,True,True,True,True,6,True,6,,
hsk-old-6-突破,6,突破,突破,tū pò,break through,no lexical issue identified in this pass,,,,,75368,True,True,True,True,True,True,6,True,6,,
hsk-old-6-窜,6,窜,竄,cuàn,to flee,no lexical issue identified in this pass,,,,,75387,True,True,True,True,True,True,6,True,6,,
hsk-old-6-窝,6,窝,窩,wō,nest,no lexical issue identified in this pass,,,,,75405,True,True,True,True,True,True,6,True,6,,
hsk-old-6-立交桥,6,立交桥,立交橋,lì jiāo qiáo,overpass,no lexical issue identified in this pass,,,,,75430,True,True,True,True,True,True,6,True,6,,
hsk-old-6-立体,6,立体,立體,lì tǐ,solid,no lexical issue identified in this pass,,,,,75446,True,True,True,True,True,True,6,True,6,,
hsk-old-6-立场,6,立场,立場,lì chǎng,position,no lexical issue identified in this pass,,,,,75464,True,True,True,True,True,True,6,True,6,,
hsk-old-6-立足,6,立足,立足,lì zú,base oneself on,no lexical issue identified in this pass,,,,,75480,True,True,True,True,True,True,6,True,6,,
hsk-old-6-竖,6,竖,豎,shù,vertical,no lexical issue identified in this pass,,,,,75498,True,True,True,True,True,True,6,True,6,,
hsk-old-6-竞赛,6,竞赛,競賽,jìng sài,race,no lexical issue identified in this pass,,,,,75516,True,True,True,True,True,True,6,True,6,,
hsk-old-6-竞选,6,竞选,競選,jìng xuǎn,run for (electoral) office,no lexical issue identified in this pass,,,,,75533,True,True,True,True,True,True,6,True,6,,
hsk-old-6-章程,6,章程,章程,zhāng chéng,written rules,no lexical issue identified in this pass,,,,,75550,True,True,True,True,True,True,6,True,6,,
hsk-old-6-童话,6,童话,童話,tóng huà,fairy tale,no lexical issue identified in this pass,,,,,75572,True,True,True,True,True,True,6,True,6,,
hsk-old-6-竭尽全力,6,竭尽全力,竭盡全力,jié jìn quán lì,to spare no efforts,no lexical issue identified in this pass,,,,,75587,True,True,True,True,True,True,6,True,6,,
hsk-old-6-端,6,端,端,duān,end,no lexical issue identified in this pass,,,,,75602,True,True,True,True,True,True,6,True,6,,
hsk-old-6-端午节,6,端午节,端午節,Duān wǔ jié,Dragon Boat Festival,no lexical issue identified in this pass,,,,,75625,True,True,True,True,True,True,6,True,6,,
hsk-old-6-端正,6,端正,端正,duān zhèng,upright,no lexical issue identified in this pass,,,,,75640,True,True,True,True,True,True,6,True,6,,
hsk-old-6-符号,6,符号,符號,fú hào,symbol,no lexical issue identified in this pass,,,,,75659,True,True,True,True,True,True,6,True,6,,
hsk-old-6-笨拙,6,笨拙,笨拙,bèn zhuō,clumsy,no lexical issue identified in this pass,,,,,75674,True,True,True,True,True,True,6,True,6,,
hsk-old-6-笼罩,6,笼罩,籠罩,lǒng zhào,envelop,no lexical issue identified in this pass,,,,,75692,True,True,True,True,True,True,6,True,6,,
hsk-old-6-等级,6,等级,等級,děng jí,degree,no lexical issue identified in this pass,,,,,75709,True,True,True,True,True,True,6,True,6,,
hsk-old-6-筐,6,筐,筐,kuāng,basket,no lexical issue identified in this pass,,,,,75726,True,True,True,True,True,True,6,True,6,,
hsk-old-6-答复,6,答复,答覆,dá fù,to answer,no lexical issue identified in this pass,,,,,75742,True,True,True,True,True,True,6,True,6,,
hsk-old-6-答辩,6,答辩,答辯,dá biàn,reply (to an accusation),no lexical issue identified in this pass,,,,,75760,True,True,True,True,True,True,6,True,6,,
hsk-old-6-策划,6,策划,策劃,cè huà,plot,no lexical issue identified in this pass,,,,,75777,True,True,True,True,True,True,6,True,6,,
hsk-old-6-策略,6,策略,策略,cè lüè,tactics,no lexical issue identified in this pass,,,,,75799,True,True,True,True,True,True,6,True,6,,
hsk-old-6-筛选,6,筛选,篩選,shāi xuǎn,to filter,no lexical issue identified in this pass,,,,,75815,True,True,True,True,True,True,6,True,6,,
hsk-old-6-筹备,6,筹备,籌備,chóu bèi,make preparations,no lexical issue identified in this pass,,,,,75831,True,True,True,True,True,True,6,True,6,,
hsk-old-6-签署,6,签署,簽署,qiān shǔ,sign (an agreement),no lexical issue identified in this pass,,,,,75848,True,True,True,True,True,True,6,True,6,,
hsk-old-6-签订,6,签订,簽訂,qiān dìng,to agree to and sign (a treaty etc),no lexical issue identified in this pass,,,,,75864,True,True,True,True,True,True,6,False,,,
hsk-old-6-简体字,6,简体字,簡體字,jiǎn tǐ zì,simplified Chinese characters,no lexical issue identified in this pass,,,,,75879,True,True,True,True,True,True,6,True,6,no part-of-speech metadata; allowed by the current data contract,
hsk-old-6-简化,6,简化,簡化,jiǎn huà,simplify,no lexical issue identified in this pass,,,,,75892,True,True,True,True,True,True,6,True,6,,
hsk-old-6-简要,6,简要,簡要,jiǎn yào,concise,no lexical issue identified in this pass,,,,,75907,True,True,True,True,True,True,6,True,6,,
hsk-old-6-简陋,6,简陋,簡陋,jiǎn lòu,simple and crude (i.e. room or building),no lexical issue identified in this pass,,,,,75924,True,True,True,True,True,True,6,True,6,,
hsk-old-6-算了,6,算了,算了,suàn le,let it be,no lexical issue identified in this pass,,,,,75939,True,True,True,True,True,True,6,False,,no part-of-speech metadata; allowed by the current data contract,
hsk-old-6-算数,6,算数,算數,suàn shù,(do) arithmetic,no lexical issue identified in this pass,,,,,75954,True,True,True,True,True,True,6,True,6,,
hsk-old-6-管辖,6,管辖,管轄,guǎn xiá,administer,no lexical issue identified in this pass,,,,,75972,True,True,True,True,True,True,6,True,6,,
hsk-old-6-籍贯,6,籍贯,籍貫,jí guàn,place of one's ancestry,no lexical issue identified in this pass,,,,,75989,True,True,True,True,True,True,6,True,6,,
hsk-old-6-类似,6,类似,類似,lèi sì,similar,no lexical issue identified in this pass,,,,,76006,True,True,True,True,True,True,6,True,6,,
hsk-old-6-粉末,6,粉末,粉末,fěn mò,fine powder,no lexical issue identified in this pass,,,,,76023,True,True,True,True,True,True,6,True,6,,
hsk-old-6-粉碎,6,粉碎,粉碎,fěn suì,to crash,finding,P1,definition,to smash; to crush,To crash is a mistranslation or typo; the selected dictionary sense is to break something into pieces.,76039,True,True,True,True,True,True,6,True,6,,
hsk-old-6-粉色,6,粉色,粉色,fěn sè,pink,no lexical issue identified in this pass,,,,,76055,True,True,True,True,True,True,6,True,6,,
hsk-old-6-粗鲁,6,粗鲁,粗魯,cū lǔ,crude,no lexical issue identified in this pass,,,,,76074,True,True,True,True,True,True,6,True,6,,
hsk-old-6-粥,6,粥,粥,zhōu,porridge,no lexical issue identified in this pass,,,,,76091,True,True,True,True,True,True,6,True,6,,
hsk-old-6-精华,6,精华,精華,jīng huá,elite,no lexical issue identified in this pass,,,,,76108,True,True,True,True,True,True,6,True,6,,
hsk-old-6-精密,6,精密,精密,jīng mì,accuracy,no lexical issue identified in this pass,,,,,76127,True,True,True,True,True,True,6,True,6,,
hsk-old-6-精心,6,精心,精心,jīng xīn,with utmost care,no lexical issue identified in this pass,,,,,76146,True,True,True,True,True,True,6,True,6,,
hsk-old-6-精打细算,6,精打细算,精打細算,jīng dǎ xì suàn,(saying) meticulous planning and careful accounting,no lexical issue identified in this pass,,,,,76165,True,True,True,True,True,True,6,True,6,,
hsk-old-6-精益求精,6,精益求精,精益求精,jīng yì qiú jīng,(saying) improving and wanting to improve even more,no lexical issue identified in this pass,,,,,76180,True,True,True,True,True,True,6,True,6,,
hsk-old-6-精确,6,精确,精確,jīng què,accurate,no lexical issue identified in this pass,,,,,76195,True,True,True,True,True,True,6,True,6,,
hsk-old-6-精简,6,精简,精簡,jīng jiǎn,simplify,no lexical issue identified in this pass,,,,,76211,True,True,True,True,True,True,6,True,6,,
hsk-old-6-精致,6,精致,精緻,jīng zhì,exquisite,no lexical issue identified in this pass,,,,,76228,True,True,True,True,True,True,6,True,6,,
hsk-old-6-精通,6,精通,精通,jīng tōng,proficient,no lexical issue identified in this pass,,,,,76247,True,True,True,True,True,True,6,True,6,,
hsk-old-6-糖葫芦,6,糖葫芦,糖葫蘆,táng hú lu,sugar-coated Chinese hawthorn or other fruit on a bamboo skewer,no lexical issue identified in this pass,,,,,76264,True,True,True,True,True,True,6,False,,,
hsk-old-6-糟蹋,6,糟蹋,糟蹋,zāo tà,waste,no lexical issue identified in this pass,,,,,76280,True,True,True,True,True,True,6,True,6,,
hsk-old-6-系列,6,系列,系列,xì liè,series,no lexical issue identified in this pass,,,,,76302,True,True,True,True,True,True,6,True,6,,
hsk-old-6-素质,6,素质,素質,sù zhì,inner quality,no lexical issue identified in this pass,,,,,76319,True,True,True,True,True,True,6,True,6,,
hsk-old-6-素食,6,素食,素食,sù shí,vegetables,finding,P2,definition,vegetarian food; vegetarian diet,Vegetables alone is too narrow and omits the diet or food category.,76335,True,True,True,True,True,True,6,True,6,,
hsk-old-6-索性,6,索性,索性,suǒ xìng,you might as well (do it),no lexical issue identified in this pass,,,,,76351,True,True,True,True,True,True,6,True,6,,
hsk-old-6-索赔,6,索赔,索賠,suǒ péi,to ask for compensation,no lexical issue identified in this pass,,,,,76368,True,True,True,True,True,True,6,False,,,
hsk-old-6-紧密,6,紧密,緊密,jǐn mì,inseparably close,no lexical issue identified in this pass,,,,,76386,True,True,True,True,True,True,6,False,,,
hsk-old-6-紧迫,6,紧迫,緊迫,jǐn pò,urgent,no lexical issue identified in this pass,,,,,76402,True,True,True,True,True,True,6,True,6,,
hsk-old-6-繁体字,6,繁体字,繁體字,fán tǐ zì,traditional Chinese character,no lexical issue identified in this pass,,,,,76418,True,True,True,True,True,True,6,True,6,no part-of-speech metadata; allowed by the current data contract,
hsk-old-6-繁华,6,繁华,繁華,fán huá,flourishing,no lexical issue identified in this pass,,,,,76431,True,True,True,True,True,True,6,True,6,,
hsk-old-6-繁忙,6,繁忙,繁忙,fán máng,busy,no lexical issue identified in this pass,,,,,76447,True,True,True,True,True,True,6,True,6,,
hsk-old-6-繁殖,6,繁殖,繁殖,fán zhí,propagate,no lexical issue identified in this pass,,,,,76464,True,True,True,True,True,True,6,True,6,,
hsk-old-6-纠正,6,纠正,糾正,jiū zhèng,to correct,no lexical issue identified in this pass,,,,,76482,True,True,True,True,True,True,6,True,6,,
hsk-old-6-纠纷,6,纠纷,糾紛,jiū fēn,dispute,no lexical issue identified in this pass,,,,,76499,True,True,True,True,True,True,6,True,6,,
hsk-old-6-红包,6,红包,紅包,hóng bāo,money wrapped in red as a gift,no lexical issue identified in this pass,,,,,76514,True,True,True,True,True,True,6,False,,,
hsk-old-6-纤维,6,纤维,纖維,xiān wéi,fiber,no lexical issue identified in this pass,,,,,76532,True,True,True,True,True,True,6,True,6,,
hsk-old-6-约束,6,约束,約束,yuē shù,restrict,no lexical issue identified in this pass,,,,,76547,True,True,True,True,True,True,6,True,6,,
hsk-old-6-级别,6,级别,級別,jí bié,rank,no lexical issue identified in this pass,,,,,76567,True,True,True,True,True,True,6,True,6,,
hsk-old-6-纪要,6,纪要,紀要,jì yào,written summary of a meeting,no lexical issue identified in this pass,,,,,76584,True,True,True,True,True,True,6,True,6,,
hsk-old-6-纯洁,6,纯洁,純潔,chún jié,pure,no lexical issue identified in this pass,,,,,76600,True,True,True,True,True,True,6,True,6,,
hsk-old-6-纯粹,6,纯粹,純粹,chún cuì,purely,no lexical issue identified in this pass,,,,,76619,True,True,True,True,True,True,6,True,6,,pure
hsk-old-6-纲领,6,纲领,綱領,gāng lǐng,program,no lexical issue identified in this pass,,,,,76639,True,True,True,True,True,True,6,True,6,,
hsk-old-6-纳闷儿,6,纳闷儿,納悶兒,nà mèn r,feel puzzled,no lexical issue identified in this pass,,,,,76655,True,True,True,True,True,True,6,True,6,no part-of-speech metadata; allowed by the current data contract,
hsk-old-6-纵横,6,纵横,縱橫,zòng héng,able to move unhindered,no lexical issue identified in this pass,,,,,76670,True,True,True,True,True,True,6,True,6,,
hsk-old-6-纺织,6,纺织,紡織,fǎng zhī,spinning and weaving,no lexical issue identified in this pass,,,,,76689,True,True,True,True,True,True,6,True,6,,
hsk-old-6-纽扣儿,6,纽扣儿,紐扣兒,niǔ kòu r,button,no lexical issue identified in this pass,,,,,76705,False,False,False,False,False,True,6,True,6,no part-of-speech metadata; allowed by the current data contract; phrase or erhua form missing as a standalone current dictionary headword; intentional display-reading override differs from upstream form,
hsk-old-6-线索,6,线索,線索,xiàn suǒ,trail,no lexical issue identified in this pass,,,,,76719,True,True,True,True,True,True,6,True,6,,
hsk-old-6-组,6,组,組,zǔ,compose,no lexical issue identified in this pass,,,,,76736,True,True,True,True,True,True,6,True,5,,
hsk-old-6-绅士,6,绅士,紳士,shēn shì,gentleman,no lexical issue identified in this pass,,,,,76758,True,True,True,True,True,True,6,True,6,,
hsk-old-6-细胞,6,细胞,細胞,xì bāo,cell (biology),no lexical issue identified in this pass,,,,,76773,True,True,True,True,True,True,6,True,6,,
hsk-old-6-细致,6,细致,細緻,xì zhì,delicate,no lexical issue identified in this pass,,,,,76788,True,True,True,True,True,True,6,True,6,,
hsk-old-6-细菌,6,细菌,細菌,xì jūn,bacteria,no lexical issue identified in this pass,,,,,76807,True,True,True,True,True,True,6,True,6,,
hsk-old-6-终年,6,终年,終年,zhōng nián,entire year,no lexical issue identified in this pass,,,,,76823,True,True,True,True,True,True,6,False,,,
hsk-old-6-终止,6,终止,終止,zhōng zhǐ,stop,no lexical issue identified in this pass,,,,,76841,True,True,True,True,True,True,6,True,6,,
hsk-old-6-终点,6,终点,終點,zhōng diǎn,the end,no lexical issue identified in this pass,,,,,76857,True,True,True,True,True,True,6,True,6,,
hsk-old-6-终究,6,终究,終究,zhōng jiū,in the end,no lexical issue identified in this pass,,,,,76876,True,True,True,True,True,True,6,True,6,,
hsk-old-6-终身,6,终身,終身,zhōng shēn,lifelong,no lexical issue identified in this pass,,,,,76892,True,True,True,True,True,True,6,True,6,,
hsk-old-6-经商,6,经商,經商,jīng shāng,trade,no lexical issue identified in this pass,,,,,76909,True,True,True,True,True,True,6,True,5,,
hsk-old-6-经纬,6,经纬,經緯,jīng wěi,warp and woof,no lexical issue identified in this pass,,,,,76927,True,True,True,True,True,True,6,True,6,,
hsk-old-6-经费,6,经费,經費,jīng fèi,funds,no lexical issue identified in this pass,,,,,76944,True,True,True,True,True,True,6,True,6,,
hsk-old-6-绑架,6,绑架,綁架,bǎng jià,kidnap,no lexical issue identified in this pass,,,,,76960,True,True,True,True,True,True,6,True,6,,
hsk-old-6-结局,6,结局,結局,jié jú,conclusion,no lexical issue identified in this pass,,,,,76981,True,True,True,True,True,True,6,True,6,,
hsk-old-6-结晶,6,结晶,結晶,jié jīng,a crystal,no lexical issue identified in this pass,,,,,76997,True,True,True,True,True,True,6,True,6,,
hsk-old-6-结算,6,结算,結算,jié suàn,settle up the bill,no lexical issue identified in this pass,,,,,77016,True,True,True,True,True,True,6,True,6,,
hsk-old-6-给予,6,给予,給予,jǐ yǔ,to give,no lexical issue identified in this pass,,,,,77033,True,True,True,True,True,True,6,True,6,,
hsk-old-6-络绎不绝,6,络绎不绝,絡繹不絕,luò yì bù jué,endless stream,no lexical issue identified in this pass,,,,,77048,True,True,True,True,True,True,6,True,6,,
hsk-old-6-绝望,6,绝望,絕望,jué wàng,desperation,no lexical issue identified in this pass,,,,,77063,True,True,True,True,True,True,6,True,6,,
hsk-old-6-统筹兼顾,6,统筹兼顾,統籌兼顧,tǒng chóu jiān gù,take every aspects into consideration through plan and preparation,finding,P2,idiom,to plan as a whole while considering all interests,The current English has a grammar error and is unnecessarily awkward.,77083,True,True,True,True,True,True,6,True,6,no part-of-speech metadata; allowed by the current data contract,
hsk-old-6-统统,6,统统,統統,tǒng tǒng,totally,no lexical issue identified in this pass,,,,,77096,True,True,True,True,True,True,6,True,6,,
hsk-old-6-统计,6,统计,統計,tǒng jì,statistics,no lexical issue identified in this pass,,,,,77111,True,True,True,True,True,True,6,True,6,,
hsk-old-6-绣,6,绣,繡,xiù,embroider,no lexical issue identified in this pass,,,,,77129,True,True,True,True,True,True,6,True,6,,
hsk-old-6-继往开来,6,继往开来,繼往開來,jì wǎng kāi lái,to follow the past and herald the future (idiom),no lexical issue identified in this pass,,,,,77144,True,True,True,True,True,True,6,False,,,
hsk-old-6-继承,6,继承,繼承,jì chéng,inherit,no lexical issue identified in this pass,,,,,77160,True,True,True,True,True,True,6,True,6,,
hsk-old-6-维修,6,维修,維修,wéi xiū,maintain (of equipment),no lexical issue identified in this pass,,,,,77178,True,True,True,True,True,True,6,True,5,,
hsk-old-6-维持,6,维持,維持,wéi chí,maintain,no lexical issue identified in this pass,,,,,77195,True,True,True,True,True,True,6,True,6,,
hsk-old-6-维生素,6,维生素,維生素,wéi shēng sù,vitamin,no lexical issue identified in this pass,,,,,77213,True,True,True,True,True,True,6,True,6,,
hsk-old-6-缓和,6,缓和,緩和,huǎn hé,alleviate,no lexical issue identified in this pass,,,,,77228,True,True,True,True,True,True,6,True,6,,
hsk-old-6-编织,6,编织,編織,biān zhī,to weave,no lexical issue identified in this pass,,,,,77249,True,True,True,True,True,True,6,True,6,,
hsk-old-6-缠绕,6,缠绕,纏繞,chán rào,bind,no lexical issue identified in this pass,,,,,77266,True,True,True,True,True,True,6,True,6,,
hsk-old-6-缴纳,6,缴纳,繳納,jiǎo nà,to pay (taxes),no lexical issue identified in this pass,,,,,77285,True,True,True,True,True,True,6,True,6,,
hsk-old-6-缺口,6,缺口,缺口,quē kǒu,gap,no lexical issue identified in this pass,,,,,77300,True,True,True,True,True,True,6,True,6,,
hsk-old-6-缺席,6,缺席,缺席,quē xí,absence,no lexical issue identified in this pass,,,,,77318,True,True,True,True,True,True,6,True,6,,
hsk-old-6-缺陷,6,缺陷,缺陷,quē xiàn,a defect,no lexical issue identified in this pass,,,,,77334,True,True,True,True,True,True,6,True,6,,
hsk-old-6-罐,6,罐,罐,guàn,can,no lexical issue identified in this pass,,,,,77349,True,True,True,True,True,True,6,True,6,,
hsk-old-6-网络,6,网络,網絡,wǎng luò,network,no lexical issue identified in this pass,,,,,77367,True,True,True,True,True,True,6,True,5,,
hsk-old-6-罕见,6,罕见,罕見,hǎn jiàn,rare,no lexical issue identified in this pass,,,,,77382,True,True,True,True,True,True,6,True,6,,
hsk-old-6-罢工,6,罢工,罷工,bà gōng,to strike,no lexical issue identified in this pass,,,,,77398,True,True,True,True,True,True,6,True,6,,
hsk-old-6-美妙,6,美妙,美妙,měi miào,beautiful (when describing a work of art),no lexical issue identified in this pass,,,,,77415,True,True,True,True,True,True,6,True,6,,
hsk-old-6-美满,6,美满,美滿,měi mǎn,happy,no lexical issue identified in this pass,,,,,77433,True,True,True,True,True,True,6,True,6,,
hsk-old-6-美观,6,美观,美觀,měi guān,pleasing to the eye,no lexical issue identified in this pass,,,,,77450,True,True,True,True,True,True,6,True,6,,
hsk-old-6-羞耻,6,羞耻,羞恥,xiū chǐ,(a feeling of) shame,no lexical issue identified in this pass,,,,,77467,True,True,True,True,True,True,6,True,6,,
hsk-old-6-群众,6,群众,群眾,qún zhòng,the masses,no lexical issue identified in this pass,,,,,77482,True,True,True,True,True,True,6,True,6,,
hsk-old-6-羽绒服,6,羽绒服,羽絨服,yǔ róng fú,down jacket,no lexical issue identified in this pass,,,,,77499,True,True,True,True,True,True,6,True,6,,
hsk-old-6-翘,6,翘,翹,qiào,stick up,no lexical issue identified in this pass,,,,,77514,True,True,True,True,True,True,6,True,6,,
hsk-old-6-翼,6,翼,翼,yì,wings,no lexical issue identified in this pass,,,,,77531,True,True,True,True,True,True,6,True,6,,
hsk-old-6-耀眼,6,耀眼,耀眼,yào yǎn,dazzle,no lexical issue identified in this pass,,,,,77550,True,True,True,True,True,True,6,True,6,,
hsk-old-6-考古,6,考古,考古,kǎo gǔ,archaeology,no lexical issue identified in this pass,,,,,77566,True,True,True,True,True,True,6,True,6,,
hsk-old-6-考察,6,考察,考察,kǎo chá,inspect,no lexical issue identified in this pass,,,,,77582,True,True,True,True,True,True,6,True,6,,
hsk-old-6-考核,6,考核,考核,kǎo hé,examine,no lexical issue identified in this pass,,,,,77600,True,True,True,True,True,True,6,True,6,,
hsk-old-6-考验,6,考验,考驗,kǎo yàn,put to the test,no lexical issue identified in this pass,,,,,77622,True,True,True,True,True,True,6,True,6,,
hsk-old-6-而已,6,而已,而已,ér yǐ,that's all,no lexical issue identified in this pass,,,,,77641,True,True,True,True,True,True,6,True,6,,
hsk-old-6-耍,6,耍,耍,shuǎ,play/mess around with,no lexical issue identified in this pass,,,,,77658,True,True,True,True,True,True,6,True,6,,
hsk-old-6-耐用,6,耐用,耐用,nài yòng,durable,no lexical issue identified in this pass,,,,,77676,True,True,True,True,True,True,6,True,6,,
hsk-old-6-耕地,6,耕地,耕地,gēng dì,arable land,no lexical issue identified in this pass,,,,,77691,True,True,True,True,True,True,6,True,6,,
hsk-old-6-耗费,6,耗费,耗費,hào fèi,waste,no lexical issue identified in this pass,,,,,77707,True,True,True,True,True,True,6,True,6,,
hsk-old-6-耳环,6,耳环,耳環,ěr huán,earring,no lexical issue identified in this pass,,,,,77725,True,True,True,True,True,True,6,True,5,,
hsk-old-6-耸,6,耸,聳,sǒng,shrug,no lexical issue identified in this pass,,,,,77740,True,True,True,True,True,True,6,True,6,,
hsk-old-6-聋哑,6,聋哑,聾啞,lóng yǎ,deaf and dumb,finding,P2,wording,deaf and unable to speak,Deaf and dumb is dated and can misleadingly suggest lack of intelligence.,77760,True,True,True,True,True,True,6,True,6,,
hsk-old-6-职位,6,职位,職位,zhí wèi,(professional) position,no lexical issue identified in this pass,,,,,77776,True,True,True,True,True,True,6,True,6,,
hsk-old-6-职务,6,职务,職務,zhí wù,post,no lexical issue identified in this pass,,,,,77791,True,True,True,True,True,True,6,True,6,,
hsk-old-6-职能,6,职能,職能,zhí néng,function,no lexical issue identified in this pass,,,,,77809,True,True,True,True,True,True,6,True,6,,
hsk-old-6-联想,6,联想,聯想,lián xiǎng,to associate (cognitively),no lexical issue identified in this pass,,,,,77825,True,True,True,True,True,True,6,True,6,,
hsk-old-6-联欢,6,联欢,聯歡,lián huān,have a get-together,no lexical issue identified in this pass,,,,,77845,True,True,True,True,True,True,6,True,6,,
hsk-old-6-联盟,6,联盟,聯盟,lián méng,alliance,no lexical issue identified in this pass,,,,,77863,True,True,True,True,True,True,6,True,6,,
hsk-old-6-联络,6,联络,聯絡,lián luò,communication,no lexical issue identified in this pass,,,,,77881,True,True,True,True,True,True,6,True,6,,
hsk-old-6-聚精会神,6,聚精会神,聚精會神,jù jīng huì shén,concentrate one's attention,no lexical issue identified in this pass,,,,,77901,True,True,True,True,True,True,6,True,6,,
hsk-old-6-肆无忌惮,6,肆无忌惮,肆無忌憚,sì wú jì dàn,absolutely unrestrained,no lexical issue identified in this pass,,,,,77916,True,True,True,True,True,True,6,True,6,,
hsk-old-6-肖像,6,肖像,肖像,xiào xiàng,portrait,no lexical issue identified in this pass,,,,,77933,True,True,True,True,True,True,6,True,6,,
hsk-old-6-股东,6,股东,股東,gǔ dōng,stockholder,no lexical issue identified in this pass,,,,,77950,True,True,True,True,True,True,6,True,6,,
hsk-old-6-股份,6,股份,股份,gǔ fèn,a share (in a company) stock,no lexical issue identified in this pass,,,,,77966,True,True,True,True,True,True,6,True,6,,
hsk-old-6-肥沃,6,肥沃,肥沃,féi wò,fertile,no lexical issue identified in this pass,,,,,77982,True,True,True,True,True,True,6,True,6,,
hsk-old-6-肿瘤,6,肿瘤,腫瘤,zhǒng liú,tumor,no lexical issue identified in this pass,,,,,77997,True,True,True,True,True,True,6,True,6,,
hsk-old-6-胃口,6,胃口,胃口,wèi kǒu,appetite,no lexical issue identified in this pass,,,,,78012,True,True,True,True,True,True,6,True,5,,
hsk-old-6-胆怯,6,胆怯,膽怯,dǎn qiè,timid,no lexical issue identified in this pass,,,,,78028,True,True,True,True,True,True,6,True,6,,
hsk-old-6-背叛,6,背叛,背叛,bèi pàn,betray,no lexical issue identified in this pass,,,,,78046,True,True,True,True,True,True,6,True,6,,
hsk-old-6-背诵,6,背诵,背誦,bèi sòng,recite,no lexical issue identified in this pass,,,,,78062,True,True,True,True,True,True,6,True,6,,
hsk-old-6-胜负,6,胜负,勝負,shèng fù,victory or defeat,no lexical issue identified in this pass,,,,,78078,True,True,True,True,True,True,6,True,6,,
hsk-old-6-胡乱,6,胡乱,胡亂,hú luàn,carelessly,no lexical issue identified in this pass,,,,,78094,True,True,True,True,True,True,6,True,6,,
hsk-old-6-胸怀,6,胸怀,胸懷,xiōng huái,think about,finding,P2,definition,breadth of mind; aspirations; to cherish,Think about alone is too vague to convey the characteristic mental or emotional sense.,78115,True,True,True,True,True,True,6,True,6,,
hsk-old-6-胸膛,6,胸膛,胸膛,xiōng táng,chest,no lexical issue identified in this pass,,,,,78135,True,True,True,True,True,True,6,True,6,,
hsk-old-6-能量,6,能量,能量,néng liàng,energy,no lexical issue identified in this pass,,,,,78150,True,True,True,True,True,True,6,True,6,,
hsk-old-6-脂肪,6,脂肪,脂肪,zhī fáng,body fat,no lexical issue identified in this pass,,,,,78166,True,True,True,True,True,True,6,True,6,,
hsk-old-6-脆弱,6,脆弱,脆弱,cuì ruò,weak,no lexical issue identified in this pass,,,,,78181,True,True,True,True,True,True,6,True,6,,
hsk-old-6-脉搏,6,脉搏,脈搏,mài bó,pulse,no lexical issue identified in this pass,,,,,78198,True,True,True,True,True,True,6,True,6,,
hsk-old-6-脱离,6,脱离,脫離,tuō lí,to separate oneself from,no lexical issue identified in this pass,,,,,78213,True,True,True,True,True,True,6,True,6,,
hsk-old-6-腐朽,6,腐朽,腐朽,fǔ xiǔ,rotten,no lexical issue identified in this pass,,,,,78232,True,True,True,True,True,True,6,True,6,,
hsk-old-6-腐烂,6,腐烂,腐爛,fǔ làn,rot,no lexical issue identified in this pass,,,,,78250,True,True,True,True,True,True,6,True,6,,
hsk-old-6-腐蚀,6,腐蚀,腐蝕,fǔ shí,erode,no lexical issue identified in this pass,,,,,78268,True,True,True,True,True,True,6,True,6,,
hsk-old-6-腐败,6,腐败,腐敗,fǔ bài,corruption,no lexical issue identified in this pass,,,,,78287,True,True,True,True,True,True,6,True,6,,
hsk-old-6-腥,6,腥,腥,xīng,fishy (smell),no lexical issue identified in this pass,,,,,78306,True,True,True,True,True,True,6,True,6,,
hsk-old-6-腮,6,腮,腮,sāi,cheek,no lexical issue identified in this pass,,,,,78321,True,True,True,True,True,True,6,False,,,
hsk-old-6-腹泻,6,腹泻,腹瀉,fù xiè,diarrhea,no lexical issue identified in this pass,,,,,78336,True,True,True,True,True,True,6,True,6,,
hsk-old-6-膜,6,膜,膜,mó,membrane,no lexical issue identified in this pass,,,,,78353,True,True,True,True,True,True,6,True,6,,
hsk-old-6-膝盖,6,膝盖,膝蓋,xī gài,knee,no lexical issue identified in this pass,,,,,78369,True,True,True,True,True,True,6,True,6,,
hsk-old-6-臂,6,臂,臂,bì,arm,no lexical issue identified in this pass,,,,,78385,True,True,True,True,True,True,6,True,6,,
hsk-old-6-自主,6,自主,自主,zì zhǔ,independent,no lexical issue identified in this pass,,,,,78401,True,True,True,True,True,True,6,True,6,,
hsk-old-6-自力更生,6,自力更生,自力更生,zì lì gēng shēng,(idiom) self reliance,no lexical issue identified in this pass,,,,,78419,True,True,True,True,True,True,6,True,6,,
hsk-old-6-自卑,6,自卑,自卑,zì bēi,feel inferior,no lexical issue identified in this pass,,,,,78435,True,True,True,True,True,True,6,True,6,,
hsk-old-6-自发,6,自发,自發,zì fā,spontaneous,no lexical issue identified in this pass,,,,,78451,True,True,True,True,True,True,6,True,6,,
hsk-old-6-自满,6,自满,自滿,zì mǎn,complacent,no lexical issue identified in this pass,,,,,78467,True,True,True,True,True,True,6,True,6,,
hsk-old-6-致使,6,致使,致使,zhì shǐ,cause,no lexical issue identified in this pass,,,,,78483,True,True,True,True,True,True,6,True,6,,
hsk-old-6-致力于,6,致力于,致力於,zhì lì yú,to dedicate oneself to,no lexical issue identified in this pass,,,,,78499,True,True,True,True,True,True,6,False,,no part-of-speech metadata; allowed by the current data contract,
hsk-old-6-致辞,6,致辞,致辭,zhì cí,make/deliver a speech,no lexical issue identified in this pass,,,,,78512,True,True,True,True,True,True,6,True,6,,
hsk-old-6-舆论,6,舆论,輿論,yú lùn,public opinion,no lexical issue identified in this pass,,,,,78530,True,True,True,True,True,True,6,True,6,,
hsk-old-6-舒畅,6,舒畅,舒暢,shū chàng,happy,no lexical issue identified in this pass,,,,,78545,True,True,True,True,True,True,6,True,6,,
hsk-old-6-舔,6,舔,舔,tiǎn,to lick,no lexical issue identified in this pass,,,,,78561,True,True,True,True,True,True,6,True,6,,
hsk-old-6-舞蹈,6,舞蹈,舞蹈,wǔ dǎo,a dance,no lexical issue identified in this pass,,,,,78577,True,True,True,True,True,True,6,True,6,,
hsk-old-6-舟,6,舟,舟,zhōu,boat,no lexical issue identified in this pass,,,,,78593,True,True,True,True,True,True,6,True,6,,
hsk-old-6-航天,6,航天,航天,háng tiān,space flight,no lexical issue identified in this pass,,,,,78608,True,True,True,True,True,True,6,True,6,,
hsk-old-6-航空,6,航空,航空,háng kōng,aviation,no lexical issue identified in this pass,,,,,78623,True,True,True,True,True,True,6,True,6,,
hsk-old-6-航行,6,航行,航行,háng xíng,to sail,no lexical issue identified in this pass,,,,,78638,True,True,True,True,True,True,6,True,6,,
hsk-old-6-舰艇,6,舰艇,艦艇,jiàn tǐng,warship,no lexical issue identified in this pass,,,,,78656,True,True,True,True,True,True,6,True,6,,
hsk-old-6-舱,6,舱,艙,cāng,cabin,no lexical issue identified in this pass,,,,,78672,True,True,True,True,True,True,6,True,6,,
hsk-old-6-船舶,6,船舶,船舶,chuán bó,ships,no lexical issue identified in this pass,,,,,78688,True,True,True,True,True,True,6,True,6,,
hsk-old-6-艘,6,艘,艘,sōu,classifier for boats and ships,no lexical issue identified in this pass,,,,,78704,True,True,True,True,True,True,6,True,6,,
hsk-old-6-良心,6,良心,良心,liáng xīn,conscience,no lexical issue identified in this pass,,,,,78720,True,True,True,True,True,True,6,True,6,,
hsk-old-6-艰难,6,艰难,艱難,jiān nán,difficult,no lexical issue identified in this pass,,,,,78735,True,True,True,True,True,True,6,True,6,,
hsk-old-6-色彩,6,色彩,色彩,sè cǎi,tint,no lexical issue identified in this pass,,,,,78754,True,True,True,True,True,True,6,True,5,,
hsk-old-6-节奏,6,节奏,節奏,jié zòu,rhythm,no lexical issue identified in this pass,,,,,78770,True,True,True,True,True,True,6,True,6,,
hsk-old-6-花瓣,6,花瓣,花瓣,huā bàn,petal,no lexical issue identified in this pass,,,,,78789,True,True,True,True,True,True,6,True,6,,
hsk-old-6-苍白,6,苍白,蒼白,cāng bái,pale,no lexical issue identified in this pass,,,,,78804,True,True,True,True,True,True,6,True,6,,
hsk-old-6-苏醒,6,苏醒,甦醒,sū xǐng,wake up,no lexical issue identified in this pass,,,,,78821,True,True,True,True,True,True,6,True,6,,
hsk-old-6-若干,6,若干,若干,ruò gān,a certain number or amount,no lexical issue identified in this pass,,,,,78839,True,True,True,True,True,True,6,True,6,,
hsk-old-6-苦尽甘来,6,苦尽甘来,苦盡甘來,kǔ jìn gān lái,sweetness comes after bitterness,no lexical issue identified in this pass,,,,,78856,True,True,True,True,True,True,6,True,6,,
hsk-old-6-英勇,6,英勇,英勇,yīng yǒng,bravery,no lexical issue identified in this pass,,,,,78871,True,True,True,True,True,True,6,True,6,,
hsk-old-6-英明,6,英明,英明,yīng míng,wise,no lexical issue identified in this pass,,,,,78890,True,True,True,True,True,True,6,True,6,,
hsk-old-6-茂盛,6,茂盛,茂盛,mào shèng,exuberance,no lexical issue identified in this pass,,,,,78906,True,True,True,True,True,True,6,True,6,,
hsk-old-6-范畴,6,范畴,範疇,fàn chóu,category,no lexical issue identified in this pass,,,,,78921,True,True,True,True,True,True,6,True,6,,
hsk-old-6-茎,6,茎,莖,jīng,stalk,no lexical issue identified in this pass,,,,,78936,True,True,True,True,True,True,6,True,6,,
hsk-old-6-茫然,6,茫然,茫然,máng rán,unseeing,no lexical issue identified in this pass,,,,,78952,True,True,True,True,True,True,6,True,6,,
hsk-old-6-茫茫,6,茫茫,茫茫,máng máng,boundless,no lexical issue identified in this pass,,,,,78971,True,True,True,True,True,True,6,True,6,,
hsk-old-6-草案,6,草案,草案,cǎo àn,"draft (legislation, proposal, etc.)",no lexical issue identified in this pass,,,,,78987,True,True,True,True,True,True,6,True,6,,
hsk-old-6-草率,6,草率,草率,cǎo shuài,cursory,no lexical issue identified in this pass,,,,,79002,True,True,True,True,True,True,6,True,6,,
hsk-old-6-荒凉,6,荒凉,荒涼,huāng liáng,desolate,no lexical issue identified in this pass,,,,,79021,True,True,True,True,True,True,6,True,6,,
hsk-old-6-荒唐,6,荒唐,荒唐,huāng táng,beyond belief,no lexical issue identified in this pass,,,,,79037,True,True,True,True,True,True,6,True,6,,
hsk-old-6-荒谬,6,荒谬,荒謬,huāng miù,ridiculous,no lexical issue identified in this pass,,,,,79057,True,True,True,True,True,True,6,True,6,,
hsk-old-6-荧屏,6,荧屏,熒屏,yíng píng,fluorescent screen,no lexical issue identified in this pass,,,,,79074,True,True,True,True,True,True,6,False,,,
hsk-old-6-莫名其妙,6,莫名其妙,莫名其妙,mò míng qí miào,odd,no lexical issue identified in this pass,,,,,79090,True,True,True,True,True,True,6,True,6,,
hsk-old-6-萌芽,6,萌芽,萌芽,méng yá,sprout,no lexical issue identified in this pass,,,,,79105,True,True,True,True,True,True,6,True,6,,
hsk-old-6-落实,6,落实,落實,luò shí,workable,finding,P2,definition,to implement; to put into effect,Workable is valid but omits the central action meaning.,79126,True,True,True,True,True,True,6,True,6,,
hsk-old-6-落成,6,落成,落成,luò chéng,complete a construction project,no lexical issue identified in this pass,,,,,79145,True,True,True,True,True,True,6,True,6,,
hsk-old-6-著作,6,著作,著作,zhù zuò,work,no lexical issue identified in this pass,,,,,79161,True,True,True,True,True,True,6,True,6,no part-of-speech metadata; allowed by the current data contract,
hsk-old-6-董事长,6,董事长,董事長,dǒng shì zhǎng,chairman of the board,no lexical issue identified in this pass,,,,,79178,True,True,True,True,True,True,6,True,6,,
hsk-old-6-蒙,6,蒙,濛,méng,drizzle,finding,P2,definition,"Review 蒙 (cover; receive) versus the selected 濛 (mist; drizzle), both méng",The selected traditional form is 濛 and its meanings are only drizzle or mist; the common 蒙 sense needs a deliberate traditional-form choice.,79193,True,True,True,True,True,True,6,False,,,
hsk-old-6-蒸发,6,蒸发,蒸發,zhēng fā,evaporate,no lexical issue identified in this pass,,,,,79210,True,True,True,True,True,True,6,True,6,,
hsk-old-6-蔑视,6,蔑视,蔑視,miè shì,despise,no lexical issue identified in this pass,,,,,79227,True,True,True,True,True,True,6,True,6,,
hsk-old-6-蔓延,6,蔓延,蔓延,màn yán,extend,no lexical issue identified in this pass,,,,,79245,True,True,True,True,True,True,6,True,6,,
hsk-old-6-蕴藏,6,蕴藏,蘊藏,yùn cáng,hold in store,no lexical issue identified in this pass,,,,,79262,True,True,True,True,True,True,6,True,6,,
hsk-old-6-薄弱,6,薄弱,薄弱,bó ruò,weak,no lexical issue identified in this pass,,,,,79278,True,True,True,True,True,True,6,True,6,,
hsk-old-6-薪水,6,薪水,薪水,xīn shuǐ,salary,no lexical issue identified in this pass,,,,,79293,True,True,True,True,True,True,6,True,6,,
hsk-old-6-虐待,6,虐待,虐待,nüè dài,to abuse,no lexical issue identified in this pass,,,,,79309,True,True,True,True,True,True,6,True,6,,
hsk-old-6-虚伪,6,虚伪,虛偽,xū wěi,false,no lexical issue identified in this pass,,,,,79329,True,True,True,True,True,True,6,True,6,,
hsk-old-6-虚假,6,虚假,虛假,xū jiǎ,false,no lexical issue identified in this pass,,,,,79348,True,True,True,True,True,True,6,True,6,,
hsk-old-6-虚荣,6,虚荣,虛榮,xū róng,vanity,no lexical issue identified in this pass,,,,,79366,True,True,True,True,True,True,6,True,6,,
hsk-old-6-蛋白质,6,蛋白质,蛋白質,dàn bái zhì,protein,no lexical issue identified in this pass,,,,,79382,True,True,True,True,True,True,6,True,6,,
hsk-old-6-融洽,6,融洽,融洽,róng qià,harmonious,no lexical issue identified in this pass,,,,,79397,True,True,True,True,True,True,6,True,6,,
hsk-old-6-螺丝钉,6,螺丝钉,螺絲釘,luó sī dīng,screw,no lexical issue identified in this pass,,,,,79417,True,True,True,True,True,True,6,False,,,
hsk-old-6-血压,6,血压,血壓,xuè yā,blood pressure,no lexical issue identified in this pass,,,,,79432,True,True,True,True,True,True,6,True,6,,
hsk-old-6-行列,6,行列,行列,háng liè,procession,no lexical issue identified in this pass,,,,,79447,True,True,True,True,True,True,6,True,6,,
hsk-old-6-行政,6,行政,行政,xíng zhèng,administration,no lexical issue identified in this pass,,,,,79464,True,True,True,True,True,True,6,True,6,,
hsk-old-6-衔接,6,衔接,銜接,xián jiē,to join together,no lexical issue identified in this pass,,,,,79480,True,True,True,True,True,True,6,True,6,,
hsk-old-6-衣裳,6,衣裳,衣裳,yī shang,clothes,no lexical issue identified in this pass,,,,,79496,True,True,True,True,True,True,6,True,6,,
hsk-old-6-补偿,6,补偿,補償,bǔ cháng,compensation,no lexical issue identified in this pass,,,,,79511,True,True,True,True,True,True,6,True,6,,
hsk-old-6-补救,6,补救,補救,bǔ jiù,remedy,no lexical issue identified in this pass,,,,,79528,True,True,True,True,True,True,6,True,6,,
hsk-old-6-补贴,6,补贴,補貼,bǔ tiē,subsidy,no lexical issue identified in this pass,,,,,79544,True,True,True,True,True,True,6,True,6,,
hsk-old-6-表决,6,表决,表決,biǎo jué,decide by vote,no lexical issue identified in this pass,,,,,79565,True,True,True,True,True,True,6,True,6,,
hsk-old-6-表彰,6,表彰,表彰,biǎo zhāng,cite (in dispatches),finding,P2,definition,to commend publicly,Cite in dispatches is a narrow dated military gloss.,79582,True,True,True,True,True,True,6,True,6,,
hsk-old-6-表态,6,表态,表態,biǎo tài,make known one's position,no lexical issue identified in this pass,,,,,79600,True,True,True,True,True,True,6,True,6,,
hsk-old-6-衰老,6,衰老,衰老,shuāi lǎo,grow old,no lexical issue identified in this pass,,,,,79617,True,True,True,True,True,True,6,True,6,,
hsk-old-6-衰退,6,衰退,衰退,shuāi tuì,decline,no lexical issue identified in this pass,,,,,79635,True,True,True,True,True,True,6,True,6,,
hsk-old-6-衷心,6,衷心,衷心,zhōng xīn,heartfelt,no lexical issue identified in this pass,,,,,79656,True,True,True,True,True,True,6,True,6,,
hsk-old-6-被动,6,被动,被動,bèi dòng,passive,no lexical issue identified in this pass,,,,,79674,True,True,True,True,True,True,6,True,6,,
hsk-old-6-被告,6,被告,被告,bèi gào,defendant,no lexical issue identified in this pass,,,,,79690,True,True,True,True,True,True,6,True,6,,
hsk-old-6-袭击,6,袭击,襲擊,xí jī,surprise attack,no lexical issue identified in this pass,,,,,79705,True,True,True,True,True,True,6,True,6,,
hsk-old-6-裁判,6,裁判,裁判,cái pàn,judge,no lexical issue identified in this pass,,,,,79723,True,True,True,True,True,True,6,True,6,,
hsk-old-6-裁员,6,裁员,裁員,cái yuán,cut staff,no lexical issue identified in this pass,,,,,79743,True,True,True,True,True,True,6,True,6,,
hsk-old-6-裁缝,6,裁缝,裁縫,cái feng,tailor,no lexical issue identified in this pass,,,,,79760,True,True,True,True,True,True,6,True,6,,
hsk-old-6-装卸,6,装卸,裝卸,zhuāng xiè,load and unload,no lexical issue identified in this pass,,,,,79777,True,True,True,True,True,True,6,True,6,,
hsk-old-6-装备,6,装备,裝備,zhuāng bèi,equipment,no lexical issue identified in this pass,,,,,79795,True,True,True,True,True,True,6,True,6,,
hsk-old-6-要不然,6,要不然,要不然,yào bù rán,otherwise,no lexical issue identified in this pass,,,,,79813,True,True,True,True,True,True,6,False,,,
hsk-old-6-要命,6,要命,要命,yào mìng,cause somebody's death,finding,P2,definition,terrible; unbearable; life-threatening,Cause somebody's death is valid but omits frequent figurative uses.,79830,True,True,True,True,True,True,6,True,6,,
hsk-old-6-要点,6,要点,要點,yào diǎn,main point,no lexical issue identified in this pass,,,,,79848,True,True,True,True,True,True,6,True,6,,
hsk-old-6-要素,6,要素,要素,yào sù,essential factor,no lexical issue identified in this pass,,,,,79864,True,True,True,True,True,True,6,True,6,,
hsk-old-6-覆盖,6,覆盖,覆蓋,fù gài,to cover,no lexical issue identified in this pass,,,,,79880,True,True,True,True,True,True,6,True,6,,
hsk-old-6-见义勇为,6,见义勇为,見義勇為,jiàn yì yǒng wéi,"to see what is right and act courageously (idiom, from Analects)",no lexical issue identified in this pass,,,,,79896,True,True,True,True,True,True,6,True,6,,
hsk-old-6-见多识广,6,见多识广,見多識廣,jiàn duō shí guǎng,experienced and knowledgeable,no lexical issue identified in this pass,,,,,79912,True,True,True,True,True,True,6,True,6,,
hsk-old-6-见解,6,见解,見解,jiàn jiě,view,no lexical issue identified in this pass,,,,,79927,True,True,True,True,True,True,6,True,6,,
hsk-old-6-见闻,6,见闻,見聞,jiàn wén,information,no lexical issue identified in this pass,,,,,79944,True,True,True,True,True,True,6,True,6,,
hsk-old-6-观光,6,观光,觀光,guān guāng,sight see,no lexical issue identified in this pass,,,,,79961,True,True,True,True,True,True,6,True,6,,
hsk-old-6-规划,6,规划,規劃,guī huà,plan,no lexical issue identified in this pass,,,,,79979,True,True,True,True,True,True,6,True,6,,
hsk-old-6-规格,6,规格,規格,guī gé,standard,no lexical issue identified in this pass,,,,,79997,True,True,True,True,True,True,6,True,6,,
hsk-old-6-规章,6,规章,規章,guī zhāng,regulations,no lexical issue identified in this pass,,,,,80014,True,True,True,True,True,True,6,True,6,,
hsk-old-6-规范,6,规范,規範,guī fàn,standard (design or model),no lexical issue identified in this pass,,,,,80030,True,True,True,True,True,True,6,True,6,,standard
hsk-old-6-视力,6,视力,視力,shì lì,vision,no lexical issue identified in this pass,,,,,80056,True,True,True,True,True,True,6,True,6,,
hsk-old-6-视线,6,视线,視線,shì xiàn,line of sight,no lexical issue identified in this pass,,,,,80072,True,True,True,True,True,True,6,True,6,,
hsk-old-6-视野,6,视野,視野,shì yě,field of vision,no lexical issue identified in this pass,,,,,80087,True,True,True,True,True,True,6,True,6,,
hsk-old-6-觉悟,6,觉悟,覺悟,jué wù,consciousness,no lexical issue identified in this pass,,,,,80104,True,True,True,True,True,True,6,True,6,,
hsk-old-6-觉醒,6,觉醒,覺醒,jué xǐng,awaken,no lexical issue identified in this pass,,,,,80124,True,True,True,True,True,True,6,True,6,,
hsk-old-6-角落,6,角落,角落,jiǎo luò,corner,no lexical issue identified in this pass,,,,,80145,True,True,True,True,True,True,6,True,6,,
hsk-old-6-解体,6,解体,解體,jiě tǐ,disintegrate,no lexical issue identified in this pass,,,,,80160,True,True,True,True,True,True,6,True,6,,
hsk-old-6-解剖,6,解剖,解剖,jiě pōu,dissect,no lexical issue identified in this pass,,,,,80179,True,True,True,True,True,True,6,True,6,,
hsk-old-6-解散,6,解散,解散,jiě sàn,dismiss,no lexical issue identified in this pass,,,,,80197,True,True,True,True,True,True,6,True,6,,
hsk-old-6-解除,6,解除,解除,jiě chú,remove,no lexical issue identified in this pass,,,,,80214,True,True,True,True,True,True,6,True,6,,
hsk-old-6-解雇,6,解雇,解僱,jiě gù,fire,no lexical issue identified in this pass,,,,,80235,True,True,True,True,True,True,6,True,6,,
hsk-old-6-触犯,6,触犯,觸犯,chù fàn,offend,no lexical issue identified in this pass,,,,,80254,True,True,True,True,True,True,6,True,6,,
hsk-old-6-言论,6,言论,言論,yán lùn,expression of (political) opinion,no lexical issue identified in this pass,,,,,80270,True,True,True,True,True,True,6,True,6,,
hsk-old-6-警告,6,警告,警告,jǐng gào,to warn,no lexical issue identified in this pass,,,,,80288,True,True,True,True,True,True,6,True,6,,
hsk-old-6-警惕,6,警惕,警惕,jǐng tì,vigilant,no lexical issue identified in this pass,,,,,80305,True,True,True,True,True,True,6,True,6,,
hsk-old-6-譬如,6,譬如,譬如,pì rú,for example,no lexical issue identified in this pass,,,,,80326,True,True,True,True,True,True,6,True,6,,
hsk-old-6-计较,6,计较,計較,jì jiào,focus excessively on,no lexical issue identified in this pass,,,,,80343,True,True,True,True,True,True,6,True,6,,
hsk-old-6-认可,6,认可,認可,rèn kě,approve,no lexical issue identified in this pass,,,,,80363,True,True,True,True,True,True,6,True,6,,
hsk-old-6-认定,6,认定,認定,rèn dìng,maintain (that sth. is true),no lexical issue identified in this pass,,,,,80382,True,True,True,True,True,True,6,True,6,,
hsk-old-6-讥笑,6,讥笑,譏笑,jī xiào,sneer at,no lexical issue identified in this pass,,,,,80404,True,True,True,True,True,True,6,True,6,,
hsk-old-6-讨价还价,6,讨价还价,討價還價,tǎo jià huán jià,bargaining,no lexical issue identified in this pass,,,,,80420,True,True,True,True,True,True,6,True,5,,
hsk-old-6-让步,6,让步,讓步,ràng bù,give in,no lexical issue identified in this pass,,,,,80436,True,True,True,True,True,True,6,True,6,,
hsk-old-6-记性,6,记性,記性,jì xing,memory,no lexical issue identified in this pass,,,,,80456,True,True,True,True,True,True,6,True,6,,
hsk-old-6-记载,6,记载,記載,jì zǎi,write down,no lexical issue identified in this pass,,,,,80471,True,True,True,True,True,True,6,True,6,,
hsk-old-6-许可,6,许可,許可,xǔ kě,allow,no lexical issue identified in this pass,,,,,80490,True,True,True,True,True,True,6,True,6,,
hsk-old-6-论坛,6,论坛,論壇,lùn tán,forum,no lexical issue identified in this pass,,,,,80507,True,True,True,True,True,True,6,True,6,,
hsk-old-6-论证,6,论证,論證,lùn zhèng,prove a point,no lexical issue identified in this pass,,,,,80522,True,True,True,True,True,True,6,True,6,,
hsk-old-6-设想,6,设想,設想,shè xiǎng,imagine,no lexical issue identified in this pass,,,,,80541,True,True,True,True,True,True,6,True,6,,
hsk-old-6-设立,6,设立,設立,shè lì,set up,no lexical issue identified in this pass,,,,,80561,True,True,True,True,True,True,6,True,6,,
hsk-old-6-设置,6,设置,設置,shè zhì,set up,no lexical issue identified in this pass,,,,,80576,True,True,True,True,True,True,6,True,6,,
hsk-old-6-证书,6,证书,證書,zhèng shū,certificate,no lexical issue identified in this pass,,,,,80592,True,True,True,True,True,True,6,True,6,,
hsk-old-6-证实,6,证实,證實,zhèng shí,confirm,no lexical issue identified in this pass,,,,,80608,True,True,True,True,True,True,6,True,6,,
hsk-old-6-评估,6,评估,評估,píng gū,evaluate,no lexical issue identified in this pass,,,,,80625,True,True,True,True,True,True,6,True,6,,
hsk-old-6-评论,6,评论,評論,píng lùn,comment on,no lexical issue identified in this pass,,,,,80644,True,True,True,True,True,True,6,True,6,,
hsk-old-6-识别,6,识别,識別,shí bié,identify,no lexical issue identified in this pass,,,,,80664,True,True,True,True,True,True,6,True,6,,
hsk-old-6-诈骗,6,诈骗,詐騙,zhà piàn,defraud,no lexical issue identified in this pass,,,,,80680,True,True,True,True,True,True,6,True,6,,
hsk-old-6-诉讼,6,诉讼,訴訟,sù sòng,lawsuit,no lexical issue identified in this pass,,,,,80698,True,True,True,True,True,True,6,True,6,,
hsk-old-6-词汇,6,词汇,詞彙,cí huì,vocabulary,no lexical issue identified in this pass,,,,,80714,True,True,True,True,True,True,6,True,5,,
hsk-old-6-试图,6,试图,試圖,shì tú,to try,no lexical issue identified in this pass,,,,,80731,True,True,True,True,True,True,6,True,6,,
hsk-old-6-试验,6,试验,試驗,shì yàn,experiment,no lexical issue identified in this pass,,,,,80747,True,True,True,True,True,True,6,True,6,,
hsk-old-6-诚挚,6,诚挚,誠摯,chéng zhì,sincere,no lexical issue identified in this pass,,,,,80766,True,True,True,True,True,True,6,True,6,,
hsk-old-6-话筒,6,话筒,話筒,huà tǒng,microphone,no lexical issue identified in this pass,,,,,80783,True,True,True,True,True,True,6,True,6,,
hsk-old-6-诞生,6,诞生,誕生,dàn shēng,be born,no lexical issue identified in this pass,,,,,80800,True,True,True,True,True,True,6,True,6,,
hsk-old-6-诞辰,6,诞辰,誕辰,dàn chén,birthday,no lexical issue identified in this pass,,,,,80816,True,True,True,True,True,True,6,True,6,,
hsk-old-6-诧异,6,诧异,詫異,chà yì,flabbergasted,no lexical issue identified in this pass,,,,,80831,True,True,True,True,True,True,6,True,6,,
hsk-old-6-诬陷,6,诬陷,誣陷,wū xiàn,entrap,no lexical issue identified in this pass,,,,,80847,True,True,True,True,True,True,6,True,6,,
hsk-old-6-误差,6,误差,誤差,wù chā,difference,no lexical issue identified in this pass,,,,,80865,True,True,True,True,True,True,6,True,6,,
hsk-old-6-误解,6,误解,誤解,wù jiě,misunderstand,no lexical issue identified in this pass,,,,,80882,True,True,True,True,True,True,6,True,6,,
hsk-old-6-诱惑,6,诱惑,誘惑,yòu huò,tempt,no lexical issue identified in this pass,,,,,80900,True,True,True,True,True,True,6,True,6,,
hsk-old-6-请帖,6,请帖,請帖,qǐng tiě,invitation card,no lexical issue identified in this pass,,,,,80919,True,True,True,True,True,True,6,True,6,,
hsk-old-6-请教,6,请教,請教,qǐng jiào,consult,no lexical issue identified in this pass,,,,,80935,True,True,True,True,True,True,6,True,6,,
hsk-old-6-请柬,6,请柬,請柬,qǐng jiǎn,invitation card,no lexical issue identified in this pass,,,,,80951,True,True,True,True,True,True,6,True,6,,
hsk-old-6-请示,6,请示,請示,qǐng shì,ask for instructions,no lexical issue identified in this pass,,,,,80967,True,True,True,True,True,True,6,True,6,,
hsk-old-6-诸位,6,诸位,諸位,zhū wèi,(pronoun) everyone,no lexical issue identified in this pass,,,,,80983,True,True,True,True,True,True,6,True,6,,
hsk-old-6-诽谤,6,诽谤,誹謗,fěi bàng,slander,no lexical issue identified in this pass,,,,,81000,True,True,True,True,True,True,6,True,6,,
hsk-old-6-课题,6,课题,課題,kè tí,task,no lexical issue identified in this pass,,,,,81017,True,True,True,True,True,True,6,True,6,,
hsk-old-6-调剂,6,调剂,調劑,tiáo jì,make an adjustment,no lexical issue identified in this pass,,,,,81034,True,True,True,True,True,True,6,True,6,,
hsk-old-6-调动,6,调动,調動,diào dòng,to transfer,no lexical issue identified in this pass,,,,,81052,True,True,True,True,True,True,6,True,6,,
hsk-old-6-调和,6,调和,調和,tiáo hé,harmonious,no lexical issue identified in this pass,,,,,81071,True,True,True,True,True,True,6,True,6,,
hsk-old-6-调料,6,调料,調料,tiáo liào,seasoning,no lexical issue identified in this pass,,,,,81095,True,True,True,True,True,True,6,True,6,,
hsk-old-6-调节,6,调节,調節,tiáo jié,adjust,no lexical issue identified in this pass,,,,,81112,True,True,True,True,True,True,6,True,6,,
hsk-old-6-调解,6,调解,調解,tiáo jiě,mediation,no lexical issue identified in this pass,,,,,81131,True,True,True,True,True,True,6,True,6,,
hsk-old-6-谅解,6,谅解,諒解,liàng jiě,understanding,no lexical issue identified in this pass,,,,,81148,True,True,True,True,True,True,6,True,6,,
hsk-old-6-谋求,6,谋求,謀求,móu qiú,seek,no lexical issue identified in this pass,,,,,81166,True,True,True,True,True,True,6,True,6,,
hsk-old-6-谢绝,6,谢绝,謝絕,xiè jué,politely refuse,no lexical issue identified in this pass,,,,,81181,True,True,True,True,True,True,6,True,6,,
hsk-old-6-谣言,6,谣言,謠言,yáo yán,rumor,no lexical issue identified in this pass,,,,,81196,True,True,True,True,True,True,6,True,6,,
hsk-old-6-谦逊,6,谦逊,謙遜,qiān xùn,humble,no lexical issue identified in this pass,,,,,81211,True,True,True,True,True,True,6,True,6,,
hsk-old-6-谴责,6,谴责,譴責,qiǎn zé,denounce,no lexical issue identified in this pass,,,,,81230,True,True,True,True,True,True,6,True,6,,
hsk-old-6-豪迈,6,豪迈,豪邁,háo mài,bold and generous,no lexical issue identified in this pass,,,,,81250,True,True,True,True,True,True,6,True,6,,
hsk-old-6-贝壳,6,贝壳,貝殼,bèi ké,shell,no lexical issue identified in this pass,,,,,81268,True,True,True,True,True,True,6,True,6,,
hsk-old-6-负担,6,负担,負擔,fù dān,to (bear a) burden,no lexical issue identified in this pass,,,,,81288,True,True,True,True,True,True,6,True,6,,
hsk-old-6-财务,6,财务,財務,cái wù,financial affairs,no lexical issue identified in this pass,,,,,81305,True,True,True,True,True,True,6,True,6,,
hsk-old-6-财富,6,财富,財富,cái fù,wealth,no lexical issue identified in this pass,,,,,81320,True,True,True,True,True,True,6,True,6,,
hsk-old-6-财政,6,财政,財政,cái zhèng,public finances,no lexical issue identified in this pass,,,,,81336,True,True,True,True,True,True,6,True,6,,
hsk-old-6-责怪,6,责怪,責怪,zé guài,blame,no lexical issue identified in this pass,,,,,81352,True,True,True,True,True,True,6,True,6,,
hsk-old-6-贤惠,6,贤惠,賢惠,xián huì,virtuous and dutiful (of women),no lexical issue identified in this pass,,,,,81368,True,True,True,True,True,True,6,True,6,,
hsk-old-6-败坏,6,败坏,敗壞,bài huài,ruin,no lexical issue identified in this pass,,,,,81383,True,True,True,True,True,True,6,True,6,,
hsk-old-6-货币,6,货币,貨幣,huò bì,currency,no lexical issue identified in this pass,,,,,81400,True,True,True,True,True,True,6,True,6,,
hsk-old-6-贩卖,6,贩卖,販賣,fàn mài,sell,no lexical issue identified in this pass,,,,,81417,True,True,True,True,True,True,6,True,6,,
hsk-old-6-贪婪,6,贪婪,貪婪,tān lán,greedy,no lexical issue identified in this pass,,,,,81435,True,True,True,True,True,True,6,True,6,,
hsk-old-6-贪污,6,贪污,貪污,tān wū,"(political, moral) corruption",no lexical issue identified in this pass,,,,,81455,True,True,True,True,True,True,6,True,6,,
hsk-old-6-贫乏,6,贫乏,貧乏,pín fá,lacking,no lexical issue identified in this pass,,,,,81473,True,True,True,True,True,True,6,True,6,,
hsk-old-6-贫困,6,贫困,貧困,pín kùn,poor,no lexical issue identified in this pass,,,,,81496,True,True,True,True,True,True,6,True,6,,
hsk-old-6-贬义,6,贬义,貶義,biǎn yì,negative connotation,no lexical issue identified in this pass,,,,,81513,True,True,True,True,True,True,6,True,6,,
hsk-old-6-贬低,6,贬低,貶低,biǎn dī,to belittle,no lexical issue identified in this pass,,,,,81529,True,True,True,True,True,True,6,True,6,,
hsk-old-6-贯彻,6,贯彻,貫徹,guàn chè,to implement,no lexical issue identified in this pass,,,,,81549,True,True,True,True,True,True,6,True,6,,
hsk-old-6-贵族,6,贵族,貴族,guì zú,lord,no lexical issue identified in this pass,,,,,81566,True,True,True,True,True,True,6,True,6,,
hsk-old-6-贼,6,贼,賊,zéi,thief,no lexical issue identified in this pass,,,,,81586,True,True,True,True,True,True,6,True,6,,
hsk-old-6-贿赂,6,贿赂,賄賂,huì lù,to bribe,no lexical issue identified in this pass,,,,,81608,True,True,True,True,True,True,6,True,6,,
hsk-old-6-资产,6,资产,資產,zī chǎn,property,no lexical issue identified in this pass,,,,,81626,True,True,True,True,True,True,6,True,6,,
hsk-old-6-资助,6,资助,資助,zī zhù,subsidy,no lexical issue identified in this pass,,,,,81642,True,True,True,True,True,True,6,True,6,,
hsk-old-6-资本,6,资本,資本,zī běn,(Economics) capital,no lexical issue identified in this pass,,,,,81660,True,True,True,True,True,True,6,True,6,,
hsk-old-6-资深,6,资深,資深,zī shēn,experienced,no lexical issue identified in this pass,,,,,81675,True,True,True,True,True,True,6,True,6,,
hsk-old-6-赋予,6,赋予,賦予,fù yǔ,confer upon,no lexical issue identified in this pass,,,,,81692,True,True,True,True,True,True,6,True,6,,
hsk-old-6-赌博,6,赌博,賭博,dǔ bó,to gamble,no lexical issue identified in this pass,,,,,81710,True,True,True,True,True,True,6,True,6,,
hsk-old-6-赞助,6,赞助,贊助,zàn zhù,support,no lexical issue identified in this pass,,,,,81726,True,True,True,True,True,True,6,True,6,,
hsk-old-6-赞叹,6,赞叹,讚嘆,zàn tàn,sigh or grasp in admiration,finding,P2,wording,to exclaim in admiration,Grasp is a typo for gasp; a clearer paraphrase avoids the problem.,81744,True,True,True,True,True,True,6,True,6,,
hsk-old-6-赞同,6,赞同,讚同,zàn tóng,to approve of,no lexical issue identified in this pass,,,,,81760,True,True,True,True,True,True,6,False,,,
hsk-old-6-赞扬,6,赞扬,讚揚,zàn yáng,to praise,no lexical issue identified in this pass,,,,,81778,True,True,True,True,True,True,6,False,,,to approve of
hsk-old-6-赠送,6,赠送,贈送,zèng sòng,give as a present,no lexical issue identified in this pass,,,,,81796,True,True,True,True,True,True,6,True,6,,
hsk-old-6-赤字,6,赤字,赤字,chì zì,(financial) deficit,no lexical issue identified in this pass,,,,,81812,True,True,True,True,True,True,6,True,6,,
hsk-old-6-赤道,6,赤道,赤道,chì dào,the equator,no lexical issue identified in this pass,,,,,81828,True,True,True,True,True,True,6,True,6,,
hsk-old-6-走廊,6,走廊,走廊,zǒu láng,corridor,no lexical issue identified in this pass,,,,,81844,True,True,True,True,True,True,6,True,6,,
hsk-old-6-走漏,6,走漏,走漏,zǒu lòu,"leak (information, liquid, etc)",no lexical issue identified in this pass,,,,,81863,True,True,True,True,True,True,6,True,6,,
hsk-old-6-走私,6,走私,走私,zǒu sī,smuggle,no lexical issue identified in this pass,,,,,81880,True,True,True,True,True,True,6,True,6,,
hsk-old-6-起义,6,起义,起義,qǐ yì,uprising,no lexical issue identified in this pass,,,,,81897,True,True,True,True,True,True,6,False,,,
hsk-old-6-起伏,6,起伏,起伏,qǐ fú,ups and downs,no lexical issue identified in this pass,,,,,81915,True,True,True,True,True,True,6,True,6,,
hsk-old-6-起初,6,起初,起初,qǐ chū,at first,no lexical issue identified in this pass,,,,,81933,True,True,True,True,True,True,6,True,6,,
hsk-old-6-起哄,6,起哄,起鬨,qǐ hòng,gather together,finding,P1,definition,to make a noisy disturbance; to heckle,Gather together omits the defining noisy or disruptive behavior.,81951,True,True,True,True,True,True,6,True,6,,
hsk-old-6-起源,6,起源,起源,qǐ yuán,origin,no lexical issue identified in this pass,,,,,81969,True,True,True,True,True,True,6,True,6,,
hsk-old-6-起码,6,起码,起碼,qǐ mǎ,at the minimum,no lexical issue identified in this pass,,,,,81987,True,True,True,True,True,True,6,True,6,,
hsk-old-6-起草,6,起草,起草,qǐ cǎo,draft (a bill),no lexical issue identified in this pass,,,,,82004,True,True,True,True,True,True,6,True,6,,
hsk-old-6-超级,6,超级,超級,chāo jí,super,no lexical issue identified in this pass,,,,,82021,True,True,True,True,True,True,6,True,5,,
hsk-old-6-超越,6,超越,超越,chāo yuè,surpass,no lexical issue identified in this pass,,,,,82039,True,True,True,True,True,True,6,True,6,,
hsk-old-6-趣味,6,趣味,趣味,qù wèi,fun,no lexical issue identified in this pass,,,,,82057,True,True,True,True,True,True,6,True,6,,
hsk-old-6-足以,6,足以,足以,zú yǐ,sufficient to ...,no lexical issue identified in this pass,,,,,82073,True,True,True,True,True,True,6,True,6,,
hsk-old-6-趴,6,趴,趴,pā,lie on one's stomach,no lexical issue identified in this pass,,,,,82090,True,True,True,True,True,True,6,True,6,,
hsk-old-6-跌,6,跌,跌,diē,to fall down,no lexical issue identified in this pass,,,,,82107,True,True,True,True,True,True,6,True,6,,
hsk-old-6-跟前,6,跟前,跟前,gēn qián,in front of,no lexical issue identified in this pass,,,,,82126,True,True,True,True,True,True,6,True,6,,
hsk-old-6-跟踪,6,跟踪,跟蹤,gēn zōng,follow somebody's tracks,no lexical issue identified in this pass,,,,,82144,True,True,True,True,True,True,6,True,6,,
hsk-old-6-跟随,6,跟随,跟隨,gēn suí,follow,no lexical issue identified in this pass,,,,,82163,True,True,True,True,True,True,6,True,6,,
hsk-old-6-跨,6,跨,跨,kuà,step across,no lexical issue identified in this pass,,,,,82178,True,True,True,True,True,True,6,True,6,,
hsk-old-6-跪,6,跪,跪,guì,kneel,no lexical issue identified in this pass,,,,,82196,True,True,True,True,True,True,6,True,6,,
hsk-old-6-跳跃,6,跳跃,跳躍,tiào yuè,jump,no lexical issue identified in this pass,,,,,82211,True,True,True,True,True,True,6,True,6,,
hsk-old-6-践踏,6,践踏,踐踏,jiàn tà,trample,no lexical issue identified in this pass,,,,,82230,True,True,True,True,True,True,6,True,6,,
hsk-old-6-踊跃,6,踊跃,踴躍,yǒng yuè,eager,no lexical issue identified in this pass,,,,,82246,True,True,True,True,True,True,6,True,6,,
hsk-old-6-踌躇,6,踌躇,躊躇,chóu chú,to hesitate,no lexical issue identified in this pass,,,,,82264,True,True,True,True,True,True,6,False,,,
hsk-old-6-踏实,6,踏实,踏實,tā shi,practical,no lexical issue identified in this pass,,,,,82279,True,True,True,True,True,True,6,True,6,,
hsk-old-6-踪迹,6,踪迹,蹤跡,zōng jì,tracks,no lexical issue identified in this pass,,,,,82299,True,True,True,True,True,True,6,True,6,,
hsk-old-6-蹦,6,蹦,蹦,bèng,jump,no lexical issue identified in this pass,,,,,82318,True,True,True,True,True,True,6,True,6,,
hsk-old-6-蹬,6,蹬,蹬,dēng,press down with the foot,no lexical issue identified in this pass,,,,,82335,True,True,True,True,True,True,6,True,6,,
hsk-old-6-轨道,6,轨道,軌道,guǐ dào,orbit,no lexical issue identified in this pass,,,,,82354,True,True,True,True,True,True,6,True,6,,
hsk-old-6-转折,6,转折,轉折,zhuǎn zhé,turning point,no lexical issue identified in this pass,,,,,82374,True,True,True,True,True,True,6,True,6,,
hsk-old-6-转移,6,转移,轉移,zhuǎn yí,to shift,no lexical issue identified in this pass,,,,,82393,True,True,True,True,True,True,6,True,6,,
hsk-old-6-转让,6,转让,轉讓,zhuǎn ràng,"transfer (technology, good, etc.)",no lexical issue identified in this pass,,,,,82411,True,True,True,True,True,True,6,True,6,,
hsk-old-6-转达,6,转达,轉達,zhuǎn dá,pass on,no lexical issue identified in this pass,,,,,82427,True,True,True,True,True,True,6,True,6,,
hsk-old-6-轮廓,6,轮廓,輪廓,lún kuò,outline,no lexical issue identified in this pass,,,,,82444,True,True,True,True,True,True,6,True,6,,
hsk-old-6-轮胎,6,轮胎,輪胎,lún tāi,tire (of a wheel),no lexical issue identified in this pass,,,,,82460,True,True,True,True,True,True,6,True,6,,
hsk-old-6-轮船,6,轮船,輪船,lún chuán,steamship,no lexical issue identified in this pass,,,,,82475,True,True,True,True,True,True,6,True,6,,
hsk-old-6-轰动,6,轰动,轟動,hōng dòng,a sensation,no lexical issue identified in this pass,,,,,82490,True,True,True,True,True,True,6,True,6,,
hsk-old-6-轻而易举,6,轻而易举,輕而易舉,qīng ér yì jǔ,easy,no lexical issue identified in this pass,,,,,82509,True,True,True,True,True,True,6,False,,,
hsk-old-6-较量,6,较量,較量,jiào liàng,competition,no lexical issue identified in this pass,,,,,82525,True,True,True,True,True,True,6,True,6,,
hsk-old-6-辅助,6,辅助,輔助,fǔ zhù,assist,no lexical issue identified in this pass,,,,,82546,True,True,True,True,True,True,6,True,6,,
hsk-old-6-辉煌,6,辉煌,輝煌,huī huáng,splendid,no lexical issue identified in this pass,,,,,82563,True,True,True,True,True,True,6,True,6,,
hsk-old-6-辐射,6,辐射,輻射,fú shè,radiation,no lexical issue identified in this pass,,,,,82580,True,True,True,True,True,True,6,True,6,,
hsk-old-6-辛勤,6,辛勤,辛勤,xīn qín,hardworking,no lexical issue identified in this pass,,,,,82597,True,True,True,True,True,True,6,True,6,,
hsk-old-6-辜负,6,辜负,辜負,gū fù,let down,no lexical issue identified in this pass,,,,,82614,True,True,True,True,True,True,6,True,6,,
hsk-old-6-辨认,6,辨认,辨認,biàn rèn,distinguish,no lexical issue identified in this pass,,,,,82633,True,True,True,True,True,True,6,True,6,,
hsk-old-6-辩护,6,辩护,辯護,biàn hù,speak in defense of,no lexical issue identified in this pass,,,,,82650,True,True,True,True,True,True,6,True,6,,
hsk-old-6-辩解,6,辩解,辯解,biàn jiě,explain,no lexical issue identified in this pass,,,,,82669,True,True,True,True,True,True,6,True,6,,
hsk-old-6-辩证,6,辩证,辯證,biàn zhèng,investigate,no lexical issue identified in this pass,,,,,82689,True,True,True,True,True,True,6,True,6,,
hsk-old-6-辫子,6,辫子,辮子,biàn zi,plait,no lexical issue identified in this pass,,,,,82707,True,True,True,True,True,True,6,True,6,,
hsk-old-6-边境,6,边境,邊境,biān jìng,frontier,no lexical issue identified in this pass,,,,,82726,True,True,True,True,True,True,6,True,6,,
hsk-old-6-边界,6,边界,邊界,biān jiè,boundary,no lexical issue identified in this pass,,,,,82741,True,True,True,True,True,True,6,True,6,,
hsk-old-6-边疆,6,边疆,邊疆,biān jiāng,border area,no lexical issue identified in this pass,,,,,82757,True,True,True,True,True,True,6,True,6,,
hsk-old-6-边缘,6,边缘,邊緣,biān yuán,edge,no lexical issue identified in this pass,,,,,82775,True,True,True,True,True,True,6,True,6,,
hsk-old-6-辽阔,6,辽阔,遼闊,liáo kuò,vast,no lexical issue identified in this pass,,,,,82792,True,True,True,True,True,True,6,True,6,,
hsk-old-6-达成,6,达成,達成,dá chéng,to reach (an agreement),no lexical issue identified in this pass,,,,,82807,True,True,True,True,True,True,6,True,6,,
hsk-old-6-迁就,6,迁就,遷就,qiān jiù,humor,no lexical issue identified in this pass,,,,,82824,True,True,True,True,True,True,6,True,6,,
hsk-old-6-迁徙,6,迁徙,遷徙,qiān xǐ,migrate,no lexical issue identified in this pass,,,,,82841,True,True,True,True,True,True,6,True,6,,
hsk-old-6-迄今为止,6,迄今为止,迄今為止,qì jīn wéi zhǐ,until now,no lexical issue identified in this pass,,,,,82858,True,True,True,True,True,True,6,True,6,,
hsk-old-6-过于,6,过于,過於,guò yú,too much,no lexical issue identified in this pass,,,,,82875,True,True,True,True,True,True,6,True,6,,
hsk-old-6-过失,6,过失,過失,guò shī,defect,no lexical issue identified in this pass,,,,,82891,True,True,True,True,True,True,6,True,6,,
hsk-old-6-过奖,6,过奖,過獎,guò jiǎng,praise excessively,no lexical issue identified in this pass,,,,,82909,True,True,True,True,True,True,6,True,6,,
hsk-old-6-过度,6,过度,過度,guò dù,excessive,no lexical issue identified in this pass,,,,,82925,True,True,True,True,True,True,6,True,6,,
hsk-old-6-过渡,6,过渡,過渡,guò dù,to cross a river by ferry,finding,P2,definition,transition; to move from one stage to another,The ferry gloss is valid but obscures the usual abstract sense.,82948,True,True,True,True,True,True,6,True,6,,
hsk-old-6-过滤,6,过滤,過濾,guò lǜ,to filter,no lexical issue identified in this pass,,,,,82967,True,True,True,True,True,True,6,True,6,,
hsk-old-6-过瘾,6,过瘾,過癮,guò yǐn,satisfy a craving,no lexical issue identified in this pass,,,,,82984,True,True,True,True,True,True,6,True,6,,
hsk-old-6-过问,6,过问,過問,guò wèn,take an interest in,no lexical issue identified in this pass,,,,,83005,True,True,True,True,True,True,6,True,6,,
hsk-old-6-迈,6,迈,邁,mài,to step,no lexical issue identified in this pass,,,,,83021,True,True,True,True,True,True,6,True,6,,
hsk-old-6-迎面,6,迎面,迎面,yíng miàn,face to face,no lexical issue identified in this pass,,,,,83037,True,True,True,True,True,True,6,True,6,,
hsk-old-6-运算,6,运算,運算,yùn suàn,(mathematical) operation,no lexical issue identified in this pass,,,,,83053,True,True,True,True,True,True,6,True,6,,
hsk-old-6-运行,6,运行,運行,yùn xíng,movement,no lexical issue identified in this pass,,,,,83070,True,True,True,True,True,True,6,True,6,,
hsk-old-6-近来,6,近来,近來,jìn lái,recently,no lexical issue identified in this pass,,,,,83089,True,True,True,True,True,True,6,True,6,,
hsk-old-6-近视,6,近视,近視,jìn shì,shortsighted,no lexical issue identified in this pass,,,,,83106,True,True,True,True,True,True,6,False,,,
hsk-old-6-还原,6,还原,還原,huán yuán,restore to the original state,no lexical issue identified in this pass,,,,,83124,True,True,True,True,True,True,6,True,6,,
hsk-old-6-进化,6,进化,進化,jìn huà,evolution,no lexical issue identified in this pass,,,,,83141,True,True,True,True,True,True,6,True,6,,
hsk-old-6-进展,6,进展,進展,jìn zhǎn,make progress,no lexical issue identified in this pass,,,,,83157,True,True,True,True,True,True,6,True,6,,
hsk-old-6-进攻,6,进攻,進攻,jìn gōng,attack (military),no lexical issue identified in this pass,,,,,83173,True,True,True,True,True,True,6,True,6,,
hsk-old-6-进而,6,进而,進而,jìn ér,and then (what follows next),no lexical issue identified in this pass,,,,,83194,True,True,True,True,True,True,6,True,6,,
hsk-old-6-违背,6,违背,違背,wéi bèi,violate,no lexical issue identified in this pass,,,,,83209,True,True,True,True,True,True,6,True,6,,
hsk-old-6-连同,6,连同,連同,lián tóng,together with,no lexical issue identified in this pass,,,,,83226,True,True,True,True,True,True,6,True,6,,
hsk-old-6-连年,6,连年,連年,lián nián,successive years,no lexical issue identified in this pass,,,,,83242,True,True,True,True,True,True,6,True,6,,
hsk-old-6-连锁,6,连锁,連鎖,lián suǒ,chain (store etc),no lexical issue identified in this pass,,,,,83259,True,True,True,True,True,True,6,True,6,,
hsk-old-6-迟疑,6,迟疑,遲疑,chí yí,hesitate,no lexical issue identified in this pass,,,,,83277,True,True,True,True,True,True,6,True,6,,
hsk-old-6-迟缓,6,迟缓,遲緩,chí huǎn,slow,no lexical issue identified in this pass,,,,,83293,True,True,True,True,True,True,6,True,6,,
hsk-old-6-迫不及待,6,迫不及待,迫不及待,pò bù jí dài,be too impatient to wait,no lexical issue identified in this pass,,,,,83309,True,True,True,True,True,True,6,True,6,,
hsk-old-6-迫害,6,迫害,迫害,pò hài,persecute,no lexical issue identified in this pass,,,,,83325,True,True,True,True,True,True,6,True,6,,
hsk-old-6-迷人,6,迷人,迷人,mí rén,charming,no lexical issue identified in this pass,,,,,83341,True,True,True,True,True,True,6,True,6,,
hsk-old-6-迷信,6,迷信,迷信,mí xìn,superstition,no lexical issue identified in this pass,,,,,83360,True,True,True,True,True,True,6,True,6,,
hsk-old-6-迷失,6,迷失,迷失,mí shī,to lose (one's bearings),no lexical issue identified in this pass,,,,,83377,True,True,True,True,True,True,6,False,,,
hsk-old-6-迷惑,6,迷惑,迷惑,mí huo,to puzzle,no lexical issue identified in this pass,,,,,83394,True,True,True,True,True,True,6,True,6,,
hsk-old-6-迸发,6,迸发,迸發,bèng fā,burst forth,no lexical issue identified in this pass,,,,,83413,True,True,True,True,True,True,6,True,6,,
hsk-old-6-迹象,6,迹象,跡象,jì xiàng,mark,no lexical issue identified in this pass,,,,,83428,True,True,True,True,True,True,6,True,6,,
hsk-old-6-追悼,6,追悼,追悼,zhuī dào,mourning,no lexical issue identified in this pass,,,,,83443,True,True,True,True,True,True,6,True,6,,
hsk-old-6-追究,6,追究,追究,zhuī jiū,investigate,no lexical issue identified in this pass,,,,,83459,True,True,True,True,True,True,6,True,6,,
hsk-old-6-适宜,6,适宜,適宜,shì yí,suitable for,no lexical issue identified in this pass,,,,,83476,True,True,True,True,True,True,6,True,6,,
hsk-old-6-选手,6,选手,選手,xuǎn shǒu,athlete,no lexical issue identified in this pass,,,,,83493,True,True,True,True,True,True,6,True,6,,
hsk-old-6-选拔,6,选拔,選拔,xuǎn bá,select the best,no lexical issue identified in this pass,,,,,83509,True,True,True,True,True,True,6,True,6,,
hsk-old-6-逐年,6,逐年,逐年,zhú nián,year after year,no lexical issue identified in this pass,,,,,83525,True,True,True,True,True,True,6,True,6,,
hsk-old-6-递增,6,递增,遞增,dì zēng,increase step by step,no lexical issue identified in this pass,,,,,83542,True,True,True,True,True,True,6,True,6,,
hsk-old-6-途径,6,途径,途徑,tú jìng,way,no lexical issue identified in this pass,,,,,83560,True,True,True,True,True,True,6,True,6,,
hsk-old-6-通俗,6,通俗,通俗,tōng sú,popular,no lexical issue identified in this pass,,,,,83575,True,True,True,True,True,True,6,True,6,,
hsk-old-6-通用,6,通用,通用,tōng yòng,in common use,no lexical issue identified in this pass,,,,,83592,True,True,True,True,True,True,6,True,6,,
hsk-old-6-通货,6,通货,通貨,tōng huò,currency,no lexical issue identified in this pass,,,,,83611,True,True,True,True,True,True,6,False,,,
hsk-old-6-逝世,6,逝世,逝世,shì shì,pass away,no lexical issue identified in this pass,,,,,83627,True,True,True,True,True,True,6,True,6,,
hsk-old-6-造反,6,造反,造反,zào fǎn,to rebel,no lexical issue identified in this pass,,,,,83643,True,True,True,True,True,True,6,False,,,
hsk-old-6-造型,6,造型,造型,zào xíng,make a model,no lexical issue identified in this pass,,,,,83659,True,True,True,True,True,True,6,True,6,,
hsk-old-6-逢,6,逢,逢,féng,to meet,no lexical issue identified in this pass,,,,,83680,True,True,True,True,True,True,6,True,6,,
hsk-old-6-逮捕,6,逮捕,逮捕,dài bǔ,to arrest,no lexical issue identified in this pass,,,,,83699,True,True,True,True,True,True,6,True,6,,
hsk-old-6-逼迫,6,逼迫,逼迫,bī pò,to force,no lexical issue identified in this pass,,,,,83717,True,True,True,True,True,True,6,True,6,,
hsk-old-6-遍布,6,遍布,遍布,biàn bù,to cover the whole (area),no lexical issue identified in this pass,,,,,83735,True,True,True,True,True,True,6,True,6,,
hsk-old-6-遏制,6,遏制,遏制,è zhì,keep within limits,no lexical issue identified in this pass,,,,,83751,True,True,True,True,True,True,6,True,6,,
hsk-old-6-遗产,6,遗产,遺產,yí chǎn,heritage,no lexical issue identified in this pass,,,,,83772,True,True,True,True,True,True,6,True,6,,
hsk-old-6-遗传,6,遗传,遺傳,yí chuán,inherit,no lexical issue identified in this pass,,,,,83790,True,True,True,True,True,True,6,True,6,,
hsk-old-6-遗失,6,遗失,遺失,yí shī,lose,no lexical issue identified in this pass,,,,,83808,True,True,True,True,True,True,6,True,6,,
hsk-old-6-遗留,6,遗留,遺留,yí liú,legacy,no lexical issue identified in this pass,,,,,83824,True,True,True,True,True,True,6,True,6,,
hsk-old-6-遥控,6,遥控,遙控,yáo kòng,remote control,no lexical issue identified in this pass,,,,,83841,True,True,True,True,True,True,6,True,6,,
hsk-old-6-遥远,6,遥远,遙遠,yáo yuǎn,distant,no lexical issue identified in this pass,,,,,83858,True,True,True,True,True,True,6,True,6,,
hsk-old-6-遭受,6,遭受,遭受,zāo shòu,suffer,no lexical issue identified in this pass,,,,,83874,True,True,True,True,True,True,6,True,6,,
hsk-old-6-遭殃,6,遭殃,遭殃,zāo yāng,to suffer a calamity,no lexical issue identified in this pass,,,,,83889,True,True,True,True,True,True,6,True,6,,
hsk-old-6-遭遇,6,遭遇,遭遇,zāo yù,befall,no lexical issue identified in this pass,,,,,83904,True,True,True,True,True,True,6,True,6,,
hsk-old-6-遮挡,6,遮挡,遮擋,zhē dǎng,shelter from,no lexical issue identified in this pass,,,,,83922,True,True,True,True,True,True,6,True,6,,
hsk-old-6-遵循,6,遵循,遵循,zūn xún,follow,no lexical issue identified in this pass,,,,,83938,True,True,True,True,True,True,6,True,6,,
hsk-old-6-郑重,6,郑重,鄭重,zhèng zhòng,serious,no lexical issue identified in this pass,,,,,83953,True,True,True,True,True,True,6,True,6,,
hsk-old-6-部位,6,部位,部位,bù wèi,position,no lexical issue identified in this pass,,,,,83972,True,True,True,True,True,True,6,True,6,,
hsk-old-6-部署,6,部署,部署,bù shǔ,dispose,finding,P2,definition,to deploy; to arrange,Dispose is dated and can be mistaken for throwing something away.,83987,True,True,True,True,True,True,6,True,6,,
hsk-old-6-都市,6,都市,都市,dū shì,city,no lexical issue identified in this pass,,,,,84005,True,True,True,True,True,True,6,False,,,
hsk-old-6-配偶,6,配偶,配偶,pèi ǒu,mate,no lexical issue identified in this pass,,,,,84020,True,True,True,True,True,True,6,True,6,,
hsk-old-6-配备,6,配备,配備,pèi bèi,provide,no lexical issue identified in this pass,,,,,84035,True,True,True,True,True,True,6,True,6,,
hsk-old-6-配套,6,配套,配套,pèi tào,form a complete set,no lexical issue identified in this pass,,,,,84053,True,True,True,True,True,True,6,True,6,,
hsk-old-6-酒精,6,酒精,酒精,jiǔ jīng,alcohol,no lexical issue identified in this pass,,,,,84073,True,True,True,True,True,True,6,True,6,,
hsk-old-6-酗酒,6,酗酒,酗酒,xù jiǔ,heavy drinking,no lexical issue identified in this pass,,,,,84092,True,True,True,True,True,True,6,True,6,,
hsk-old-6-酝酿,6,酝酿,醞釀,yùn niàng,mull over (an issue),no lexical issue identified in this pass,,,,,84110,True,True,True,True,True,True,6,True,6,,
hsk-old-6-采纳,6,采纳,採納,cǎi nà,accept,no lexical issue identified in this pass,,,,,84128,True,True,True,True,True,True,6,True,6,,
hsk-old-6-采购,6,采购,採購,cǎi gòu,make purchases for an organization,no lexical issue identified in this pass,,,,,84145,True,True,True,True,True,True,6,True,6,,
hsk-old-6-采集,6,采集,採集,cǎi jí,gather,no lexical issue identified in this pass,,,,,84162,True,True,True,True,True,True,6,True,6,,
hsk-old-6-释放,6,释放,釋放,shì fàng,release,no lexical issue identified in this pass,,,,,84180,True,True,True,True,True,True,6,True,6,,
hsk-old-6-里程碑,6,里程碑,里程碑,lǐ chéng bēi,milestone,no lexical issue identified in this pass,,,,,84199,True,True,True,True,True,True,6,True,6,,
hsk-old-6-重叠,6,重叠,重疊,chóng dié,to overlap,no lexical issue identified in this pass,,,,,84214,True,True,True,True,True,True,6,True,6,,
hsk-old-6-重心,6,重心,重心,zhòng xīn,center of gravity,no lexical issue identified in this pass,,,,,84239,True,True,True,True,True,True,6,True,6,,
hsk-old-6-重阳节,6,重阳节,重陽節,Chóng yáng jié,Double Ninth or Yang Festival,no lexical issue identified in this pass,,,,,84256,True,True,True,True,True,True,6,False,,,
hsk-old-6-野心,6,野心,野心,yě xīn,ambition,no lexical issue identified in this pass,,,,,84272,True,True,True,True,True,True,6,True,6,,
hsk-old-6-野蛮,6,野蛮,野蠻,yě mán,barbarous,no lexical issue identified in this pass,,,,,84289,True,True,True,True,True,True,6,True,6,,
hsk-old-6-金融,6,金融,金融,jīn róng,banking finance,no lexical issue identified in this pass,,,,,84306,True,True,True,True,True,True,6,True,6,,
hsk-old-6-鉴于,6,鉴于,鑒於,jiàn yú,in light of,no lexical issue identified in this pass,,,,,84323,True,True,True,True,True,True,6,True,6,,
hsk-old-6-鉴别,6,鉴别,鑑別,jiàn bié,differentiate,no lexical issue identified in this pass,,,,,84341,True,True,True,True,True,True,6,True,6,,
hsk-old-6-鉴定,6,鉴定,鑑定,jiàn dìng,appraise,no lexical issue identified in this pass,,,,,84358,True,True,True,True,True,True,6,True,6,,
hsk-old-6-钞票,6,钞票,鈔票,chāo piào,paper money,no lexical issue identified in this pass,,,,,84376,True,True,True,True,True,True,6,True,6,,
hsk-old-6-钦佩,6,钦佩,欽佩,qīn pèi,admire,no lexical issue identified in this pass,,,,,84392,True,True,True,True,True,True,6,True,6,,
hsk-old-6-钩子,6,钩子,鉤子,gōu zi,hook,no lexical issue identified in this pass,,,,,84410,True,True,True,True,True,True,6,True,6,,
hsk-old-6-钻石,6,钻石,鑽石,zuàn shí,diamond,no lexical issue identified in this pass,,,,,84425,True,True,True,True,True,True,6,True,6,,
hsk-old-6-钻研,6,钻研,鑽研,zuān yán,study intensively,no lexical issue identified in this pass,,,,,84440,True,True,True,True,True,True,6,True,6,,
hsk-old-6-铜矿,6,铜矿,銅礦,tóng kuàng,copper mine,no lexical issue identified in this pass,,,,,84457,True,True,True,True,True,True,6,False,,,
hsk-old-6-铸造,6,铸造,鑄造,zhù zào,cast (pour metal into a mold),no lexical issue identified in this pass,,,,,84473,True,True,True,True,True,True,6,True,6,,
hsk-old-6-铺,6,铺,鋪,pū,to spread,no lexical issue identified in this pass,,,,,84489,True,True,True,True,True,True,6,True,6,,
hsk-old-6-销毁,6,销毁,銷毀,xiāo huǐ,destroy (by melting or burning),no lexical issue identified in this pass,,,,,84507,True,True,True,True,True,True,6,True,6,,
hsk-old-6-锋利,6,锋利,鋒利,fēng lì,sharp (i.e. a knife blade),no lexical issue identified in this pass,,,,,84524,True,True,True,True,True,True,6,True,6,,
hsk-old-6-锤,6,锤,錘,chuí,hammer,no lexical issue identified in this pass,,,,,84541,True,True,True,True,True,True,6,True,6,,
hsk-old-6-锦绣前程,6,锦绣前程,錦繡前程,jǐn xiù qián chéng,bright future,no lexical issue identified in this pass,,,,,84559,True,True,True,True,True,True,6,False,,,
hsk-old-6-锲而不舍,6,锲而不舍,鍥而不捨,qiè ér bù shě,keep on chipping away,no lexical issue identified in this pass,,,,,84575,True,True,True,True,True,True,6,True,6,,
hsk-old-6-镇压,6,镇压,鎮壓,zhèn yā,suppression,no lexical issue identified in this pass,,,,,84592,True,True,True,True,True,True,6,False,,,
hsk-old-6-镇定,6,镇定,鎮定,zhèn dìng,cool,no lexical issue identified in this pass,,,,,84612,True,True,True,True,True,True,6,True,6,,
hsk-old-6-镇静,6,镇静,鎮靜,zhèn jìng,calm,no lexical issue identified in this pass,,,,,84630,True,True,True,True,True,True,6,True,6,,
hsk-old-6-镜头,6,镜头,鏡頭,jìng tóu,"camera shot (in a movie, etc.)",no lexical issue identified in this pass,,,,,84647,True,True,True,True,True,True,6,True,6,,
hsk-old-6-镶嵌,6,镶嵌,鑲嵌,xiāng qiàn,inlay,no lexical issue identified in this pass,,,,,84664,True,True,True,True,True,True,6,True,6,,
hsk-old-6-长辈,6,长辈,長輩,zhǎng bèi,an elder,no lexical issue identified in this pass,,,,,84683,True,True,True,True,True,True,6,True,5,,
hsk-old-6-门诊,6,门诊,門診,mén zhěn,outpatient service,no lexical issue identified in this pass,,,,,84699,True,True,True,True,True,True,6,False,,,
hsk-old-6-闪烁,6,闪烁,閃爍,shǎn shuò,to twinkle,no lexical issue identified in this pass,,,,,84714,True,True,True,True,True,True,6,True,6,,
hsk-old-6-闭塞,6,闭塞,閉塞,bì sè,stop up,no lexical issue identified in this pass,,,,,84732,True,True,True,True,True,True,6,True,6,,
hsk-old-6-问世,6,问世,問世,wèn shì,be published,no lexical issue identified in this pass,,,,,84754,True,True,True,True,True,True,6,True,6,,
hsk-old-6-闲话,6,闲话,閒話,xián huà,gossip,no lexical issue identified in this pass,,,,,84771,True,True,True,True,True,True,6,True,6,,
hsk-old-6-间接,6,间接,間接,jiàn jiē,indirect,no lexical issue identified in this pass,,,,,84790,True,True,True,True,True,True,6,True,6,,
hsk-old-6-间谍,6,间谍,間諜,jiàn dié,a spy,no lexical issue identified in this pass,,,,,84808,True,True,True,True,True,True,6,True,6,,
hsk-old-6-间隔,6,间隔,間隔,jiàn gé,interval,no lexical issue identified in this pass,,,,,84823,True,True,True,True,True,True,6,True,6,,
hsk-old-6-阐述,6,阐述,闡述,chǎn shù,expound (a position),no lexical issue identified in this pass,,,,,84844,True,True,True,True,True,True,6,True,6,,
hsk-old-6-队伍,6,队伍,隊伍,duì wǔ,ranks,no lexical issue identified in this pass,,,,,84862,True,True,True,True,True,True,6,True,6,,
hsk-old-6-防守,6,防守,防守,fáng shǒu,to defend,no lexical issue identified in this pass,,,,,84881,True,True,True,True,True,True,6,True,6,,
hsk-old-6-防御,6,防御,防禦,fáng yù,defense,no lexical issue identified in this pass,,,,,84898,True,True,True,True,True,True,6,True,6,,to defend
hsk-old-6-防止,6,防止,防止,fáng zhǐ,prevent,no lexical issue identified in this pass,,,,,84915,True,True,True,True,True,True,6,True,6,,
hsk-old-6-防治,6,防治,防治,fáng zhì,prevent and cure,no lexical issue identified in this pass,,,,,84932,True,True,True,True,True,True,6,True,6,,
hsk-old-6-防疫,6,防疫,防疫,fáng yì,to prevent epidemics,no lexical issue identified in this pass,,,,,84949,True,True,True,True,True,True,6,False,,,
hsk-old-6-阴谋,6,阴谋,陰謀,yīn móu,a plot,no lexical issue identified in this pass,,,,,84964,True,True,True,True,True,True,6,True,6,,
hsk-old-6-阵地,6,阵地,陣地,zhèn dì,position,no lexical issue identified in this pass,,,,,84981,True,True,True,True,True,True,6,True,6,,
hsk-old-6-阵容,6,阵容,陣容,zhèn róng,line-up,no lexical issue identified in this pass,,,,,84997,True,True,True,True,True,True,6,True,6,,
hsk-old-6-阶层,6,阶层,階層,jiē céng,hierarchy,no lexical issue identified in this pass,,,,,85014,True,True,True,True,True,True,6,True,6,,
hsk-old-6-阻拦,6,阻拦,阻攔,zǔ lán,to stop,no lexical issue identified in this pass,,,,,85029,True,True,True,True,True,True,6,True,6,,
hsk-old-6-阻挠,6,阻挠,阻撓,zǔ náo,thwart,no lexical issue identified in this pass,,,,,85046,True,True,True,True,True,True,6,True,6,,
hsk-old-6-阻碍,6,阻碍,阻礙,zǔ ài,obstruct,no lexical issue identified in this pass,,,,,85063,True,True,True,True,True,True,6,True,6,,
hsk-old-6-附件,6,附件,附件,fù jiàn,attachment,no lexical issue identified in this pass,,,,,85084,True,True,True,True,True,True,6,True,6,,
hsk-old-6-附和,6,附和,附和,fù hè,repeat an agreement,finding,P2,definition,to echo someone's opinion; to agree along with,Repeat an agreement is unnatural and unclear.,85101,True,True,True,True,True,True,6,True,6,,
hsk-old-6-附属,6,附属,附屬,fù shǔ,subsidiary,no lexical issue identified in this pass,,,,,85118,True,True,True,True,True,True,6,True,6,,
hsk-old-6-陈列,6,陈列,陳列,chén liè,to display,no lexical issue identified in this pass,,,,,85139,True,True,True,True,True,True,6,True,6,,
hsk-old-6-陈旧,6,陈旧,陳舊,chén jiù,old fashioned,no lexical issue identified in this pass,,,,,85155,True,True,True,True,True,True,6,True,6,,
hsk-old-6-陈述,6,陈述,陳述,chén shù,allegation,finding,P2,definition,to state; statement,"Allegation implies a disputed accusation, which this neutral word does not require.",85170,True,True,True,True,True,True,6,True,6,,
hsk-old-6-降临,6,降临,降臨,jiàng lín,befall,no lexical issue identified in this pass,,,,,85188,True,True,True,True,True,True,6,True,6,,
hsk-old-6-陡峭,6,陡峭,陡峭,dǒu qiào,steep,no lexical issue identified in this pass,,,,,85206,True,True,True,True,True,True,6,True,6,,
hsk-old-6-陶瓷,6,陶瓷,陶瓷,táo cí,ceramics,no lexical issue identified in this pass,,,,,85222,True,True,True,True,True,True,6,True,6,,
hsk-old-6-陷入,6,陷入,陷入,xiàn rù,sink into,no lexical issue identified in this pass,,,,,85238,True,True,True,True,True,True,6,True,6,,
hsk-old-6-陷害,6,陷害,陷害,xiàn hài,cast blame on,no lexical issue identified in this pass,,,,,85255,True,True,True,True,True,True,6,True,6,,
hsk-old-6-隆重,6,隆重,隆重,lóng zhòng,grand,no lexical issue identified in this pass,,,,,85274,True,True,True,True,True,True,6,True,6,,
hsk-old-6-随即,6,随即,隨即,suí jí,immediately (after),no lexical issue identified in this pass,,,,,85293,True,True,True,True,True,True,6,True,6,,
hsk-old-6-随意,6,随意,隨意,suí yì,as one wishes,no lexical issue identified in this pass,,,,,85310,True,True,True,True,True,True,6,True,6,,
hsk-old-6-随手,6,随手,隨手,suí shǒu,convenient,finding,P2,definition,as one does something; casually; readily,Convenient alone loses the manner-of-action use.,85331,True,True,True,True,True,True,6,True,5,,
hsk-old-6-随身,6,随身,隨身,suí shēn,carry on one's person,no lexical issue identified in this pass,,,,,85349,True,True,True,True,True,True,6,True,5,,
hsk-old-6-隐患,6,隐患,隱患,yǐn huàn,hidden danger,no lexical issue identified in this pass,,,,,85366,True,True,True,True,True,True,6,True,6,,
hsk-old-6-隐瞒,6,隐瞒,隱瞞,yǐn mán,conceal,no lexical issue identified in this pass,,,,,85383,True,True,True,True,True,True,6,True,6,,
hsk-old-6-隐私,6,隐私,隱私,yǐn sī,privacy,no lexical issue identified in this pass,,,,,85401,True,True,True,True,True,True,6,True,6,,
hsk-old-6-隐约,6,隐约,隱約,yǐn yuē,vague,no lexical issue identified in this pass,,,,,85418,True,True,True,True,True,True,6,True,6,,
hsk-old-6-隐蔽,6,隐蔽,隱蔽,yǐn bì,conceal,no lexical issue identified in this pass,,,,,85435,True,True,True,True,True,True,6,True,6,,
hsk-old-6-隔离,6,隔离,隔離,gé lí,insulate,no lexical issue identified in this pass,,,,,85454,True,True,True,True,True,True,6,True,6,,
hsk-old-6-隔阂,6,隔阂,隔閡,gé hé,estrangement,no lexical issue identified in this pass,,,,,85471,True,True,True,True,True,True,6,True,6,,
hsk-old-6-障碍,6,障碍,障礙,zhàng ài,barrier,no lexical issue identified in this pass,,,,,85488,True,True,True,True,True,True,6,True,6,,
hsk-old-6-隧道,6,隧道,隧道,suì dào,tunnel,no lexical issue identified in this pass,,,,,85507,True,True,True,True,True,True,6,True,6,,
hsk-old-6-难免,6,难免,難免,nán miǎn,hard to avoid,no lexical issue identified in this pass,,,,,85522,True,True,True,True,True,True,6,True,5,,
hsk-old-6-难堪,6,难堪,難堪,nán kān,hard to take,no lexical issue identified in this pass,,,,,85539,True,True,True,True,True,True,6,True,6,,
hsk-old-6-难得,6,难得,難得,nán dé,hard to come by,no lexical issue identified in this pass,,,,,85557,True,True,True,True,True,True,6,True,6,,
hsk-old-6-难能可贵,6,难能可贵,難能可貴,nán néng kě guì,estimable,no lexical issue identified in this pass,,,,,85575,True,True,True,True,True,True,6,True,6,,
hsk-old-6-雄厚,6,雄厚,雄厚,xióng hòu,abundant,no lexical issue identified in this pass,,,,,85592,True,True,True,True,True,True,6,True,6,,
hsk-old-6-集团,6,集团,集團,jí tuán,group,no lexical issue identified in this pass,,,,,85607,True,True,True,True,True,True,6,True,6,,
hsk-old-6-雌雄,6,雌雄,雌雄,cí xióng,male and female,no lexical issue identified in this pass,,,,,85625,True,True,True,True,True,True,6,True,6,,
hsk-old-6-雕刻,6,雕刻,雕刻,diāo kè,carve,no lexical issue identified in this pass,,,,,85640,True,True,True,True,True,True,6,True,6,,
hsk-old-6-雕塑,6,雕塑,雕塑,diāo sù,sculpture,no lexical issue identified in this pass,,,,,85659,True,True,True,True,True,True,6,True,6,,
hsk-old-6-雪上加霜,6,雪上加霜,雪上加霜,xuě shàng jiā shuāng,(literally) add frost to snow,no lexical issue identified in this pass,,,,,85677,True,True,True,True,True,True,6,True,6,,
hsk-old-6-零星,6,零星,零星,líng xīng,partial,no lexical issue identified in this pass,,,,,85693,True,True,True,True,True,True,6,True,6,,
hsk-old-6-雷达,6,雷达,雷達,léi dá,radar,no lexical issue identified in this pass,,,,,85711,True,True,True,True,True,True,6,True,6,personal-name POS appears on a common-word reading; review sense-specific tags,
hsk-old-6-需求,6,需求,需求,xū qiú,requirement,no lexical issue identified in this pass,,,,,85728,True,True,True,True,True,True,6,True,6,,
hsk-old-6-震惊,6,震惊,震驚,zhèn jīng,shock,no lexical issue identified in this pass,,,,,85745,True,True,True,True,True,True,6,True,6,,
hsk-old-6-霞,6,霞,霞,xiá,red clouds,no lexical issue identified in this pass,,,,,85762,True,True,True,True,True,True,6,True,6,,
hsk-old-6-霸道,6,霸道,霸道,bà dào,overbearing,no lexical issue identified in this pass,,,,,85778,True,True,True,True,True,True,6,True,6,,
hsk-old-6-非法,6,非法,非法,fēi fǎ,illegal,no lexical issue identified in this pass,,,,,85803,True,True,True,True,True,True,6,True,6,,
hsk-old-6-靠拢,6,靠拢,靠攏,kào lǒng,draw close,no lexical issue identified in this pass,,,,,85819,True,True,True,True,True,True,6,True,6,,
hsk-old-6-面子,6,面子,面子,miàn zi,honor,no lexical issue identified in this pass,,,,,85834,True,True,True,True,True,True,6,True,6,,
hsk-old-6-面貌,6,面貌,面貌,miàn mào,appearance,no lexical issue identified in this pass,,,,,85850,True,True,True,True,True,True,6,True,6,,
hsk-old-6-鞠躬,6,鞠躬,鞠躬,jū gōng,to bow,no lexical issue identified in this pass,,,,,85866,True,True,True,True,True,True,6,True,6,personal-name POS appears on a common-word reading; review sense-specific tags,
hsk-old-6-鞭策,6,鞭策,鞭策,biān cè,spur on,no lexical issue identified in this pass,,,,,85884,True,True,True,True,True,True,6,True,6,,
hsk-old-6-音响,6,音响,音響,yīn xiǎng,(Electronic) speakers,no lexical issue identified in this pass,,,,,85902,True,True,True,True,True,True,6,True,6,,
hsk-old-6-须知,6,须知,須知,xū zhī,prerequisites,finding,P2,definition,instructions; things one should know,Prerequisites is too narrow for posted notices and guidance.,85922,True,True,True,True,True,True,6,True,6,,
hsk-old-6-顽固,6,顽固,頑固,wán gù,stubborn,no lexical issue identified in this pass,,,,,85940,True,True,True,True,True,True,6,True,6,,
hsk-old-6-顽强,6,顽强,頑強,wán qiáng,tenacious,no lexical issue identified in this pass,,,,,85956,True,True,True,True,True,True,6,True,6,,
hsk-old-6-顾虑,6,顾虑,顧慮,gù lǜ,misgivings,no lexical issue identified in this pass,,,,,85973,True,True,True,True,True,True,6,True,6,,
hsk-old-6-顾问,6,顾问,顧問,gù wèn,adviser,no lexical issue identified in this pass,,,,,85990,True,True,True,True,True,True,6,True,6,,
hsk-old-6-顿时,6,顿时,頓時,dùn shí,immediately,no lexical issue identified in this pass,,,,,86006,True,True,True,True,True,True,6,True,6,,
hsk-old-6-颁发,6,颁发,頒發,bān fā,issue,no lexical issue identified in this pass,,,,,86022,True,True,True,True,True,True,6,True,6,,
hsk-old-6-颁布,6,颁布,頒布,bān bù,promulgate,no lexical issue identified in this pass,,,,,86039,True,True,True,True,True,True,6,True,6,,
hsk-old-6-预兆,6,预兆,預兆,yù zhào,"omen, sign",no lexical issue identified in this pass,,,,,86057,True,True,True,True,True,True,6,True,6,,
hsk-old-6-预先,6,预先,預先,yù xiān,beforehand,no lexical issue identified in this pass,,,,,86075,True,True,True,True,True,True,6,True,6,,
hsk-old-6-预料,6,预料,預料,yù liào,anticipate,no lexical issue identified in this pass,,,,,86091,True,True,True,True,True,True,6,True,6,,
hsk-old-6-预期,6,预期,預期,yù qī,expect,no lexical issue identified in this pass,,,,,86109,True,True,True,True,True,True,6,True,6,,
hsk-old-6-预算,6,预算,預算,yù suàn,budget,no lexical issue identified in this pass,,,,,86126,True,True,True,True,True,True,6,True,6,,
hsk-old-6-预言,6,预言,預言,yù yán,predict,no lexical issue identified in this pass,,,,,86141,True,True,True,True,True,True,6,True,6,,
hsk-old-6-预赛,6,预赛,預賽,yù sài,preliminary competition,no lexical issue identified in this pass,,,,,86158,True,True,True,True,True,True,6,False,,,
hsk-old-6-领事馆,6,领事馆,領事館,lǐng shì guǎn,consulate,no lexical issue identified in this pass,,,,,86174,True,True,True,True,True,True,6,True,6,,
hsk-old-6-领会,6,领会,領會,lǐng huì,understand,no lexical issue identified in this pass,,,,,86189,True,True,True,True,True,True,6,True,6,,
hsk-old-6-领先,6,领先,領先,lǐng xiān,leadership,finding,P1,definition,to be ahead; to lead,Leadership describes 领导 or 领导力; 领先 expresses being ahead.,86206,True,True,True,True,True,True,6,True,6,,
hsk-old-6-领土,6,领土,領土,lǐng tǔ,territory,no lexical issue identified in this pass,,,,,86223,True,True,True,True,True,True,6,True,6,,
hsk-old-6-领悟,6,领悟,領悟,lǐng wù,comprehend,no lexical issue identified in this pass,,,,,86238,True,True,True,True,True,True,6,True,6,,
hsk-old-6-领袖,6,领袖,領袖,lǐng xiù,leader,no lexical issue identified in this pass,,,,,86255,True,True,True,True,True,True,6,True,6,,
hsk-old-6-颇,6,颇,頗,pō,rather,no lexical issue identified in this pass,,,,,86270,True,True,True,True,True,True,6,True,6,,
hsk-old-6-颈椎,6,颈椎,頸椎,jǐng zhuī,cervical vertebra,no lexical issue identified in this pass,,,,,86291,True,True,True,True,True,True,6,True,6,,
hsk-old-6-频率,6,频率,頻率,pín lǜ,frequency,no lexical issue identified in this pass,,,,,86307,True,True,True,True,True,True,6,True,6,,
hsk-old-6-频繁,6,频繁,頻繁,pín fán,frequently,no lexical issue identified in this pass,,,,,86322,True,True,True,True,True,True,6,True,6,,
hsk-old-6-颗粒,6,颗粒,顆粒,kē lì,kernel,no lexical issue identified in this pass,,,,,86339,True,True,True,True,True,True,6,False,,,
hsk-old-6-题材,6,题材,題材,tí cái,subject matter,no lexical issue identified in this pass,,,,,86356,True,True,True,True,True,True,6,True,6,,
hsk-old-6-额外,6,额外,額外,é wài,extra,no lexical issue identified in this pass,,,,,86371,True,True,True,True,True,True,6,True,6,,
hsk-old-6-颠倒,6,颠倒,顛倒,diān dǎo,turn upside down,no lexical issue identified in this pass,,,,,86389,True,True,True,True,True,True,6,True,6,,
hsk-old-6-颠簸,6,颠簸,顛簸,diān bǒ,shake,no lexical issue identified in this pass,,,,,86410,True,True,True,True,True,True,6,True,6,,
hsk-old-6-颤抖,6,颤抖,顫抖,chàn dǒu,tremble,no lexical issue identified in this pass,,,,,86427,True,True,True,True,True,True,6,True,6,,
hsk-old-6-风光,6,风光,風光,fēng guāng,a natural scenic view,no lexical issue identified in this pass,,,,,86445,True,True,True,True,True,True,6,True,6,,
hsk-old-6-风味,6,风味,風味,fēng wèi,local flavor,no lexical issue identified in this pass,,,,,86468,True,True,True,True,True,True,6,True,6,,
hsk-old-6-风土人情,6,风土人情,風土人情,fēng tǔ rén qíng,local conditions (human and environmental),no lexical issue identified in this pass,,,,,86484,True,True,True,True,True,True,6,True,6,,
hsk-old-6-风度,6,风度,風度,fēng dù,elegant demeanor,no lexical issue identified in this pass,,,,,86499,True,True,True,True,True,True,6,True,6,,
hsk-old-6-风暴,6,风暴,風暴,fēng bào,storm,no lexical issue identified in this pass,,,,,86517,True,True,True,True,True,True,6,True,6,,
hsk-old-6-风气,6,风气,風氣,fēng qì,general mood,no lexical issue identified in this pass,,,,,86534,True,True,True,True,True,True,6,True,6,,
hsk-old-6-风趣,6,风趣,風趣,fēng qù,humor,no lexical issue identified in this pass,,,,,86551,True,True,True,True,True,True,6,True,6,,
hsk-old-6-飘扬,6,飘扬,飄揚,piāo yáng,wave in the wind,no lexical issue identified in this pass,,,,,86571,True,True,True,True,True,True,6,True,6,,fly
hsk-old-6-飙升,6,飙升,飆升,biāo shēng,to rise rapidly,no lexical issue identified in this pass,,,,,86588,True,True,True,True,True,True,6,False,,,
hsk-old-6-飞禽走兽,6,飞禽走兽,飛禽走獸,fēi qín zǒu shòu,birds and animals,no lexical issue identified in this pass,,,,,86605,True,True,True,True,True,True,6,True,6,,
hsk-old-6-飞翔,6,飞翔,飛翔,fēi xiáng,fly,no lexical issue identified in this pass,,,,,86621,True,True,True,True,True,True,6,True,6,,
hsk-old-6-飞跃,6,飞跃,飛躍,fēi yuè,to leap,no lexical issue identified in this pass,,,,,86638,True,True,True,True,True,True,6,True,6,,
hsk-old-6-饥饿,6,饥饿,飢餓,jī è,hunger,no lexical issue identified in this pass,,,,,86654,True,True,True,True,True,True,6,True,6,,
hsk-old-6-饮食,6,饮食,飲食,yǐn shí,food and drink,no lexical issue identified in this pass,,,,,86671,True,True,True,True,True,True,6,True,6,,
hsk-old-6-饱和,6,饱和,飽和,bǎo hé,saturation,no lexical issue identified in this pass,,,,,86687,True,True,True,True,True,True,6,True,6,,
hsk-old-6-饱经沧桑,6,饱经沧桑,飽經滄桑,bǎo jīng cāng sāng,experienced many changes,no lexical issue identified in this pass,,,,,86703,True,True,True,True,True,True,6,True,6,,
hsk-old-6-饲养,6,饲养,飼養,sì yǎng,to raise,no lexical issue identified in this pass,,,,,86718,True,True,True,True,True,True,6,True,6,,
hsk-old-6-饶恕,6,饶恕,饒恕,ráo shù,forgive,no lexical issue identified in this pass,,,,,86735,True,True,True,True,True,True,6,True,6,,
hsk-old-6-馅儿,6,馅儿,餡兒,xiàn r,stuffing,no lexical issue identified in this pass,,,,,86752,True,True,True,True,True,True,6,True,6,,
hsk-old-6-馋,6,馋,饞,chán,gluttonous,no lexical issue identified in this pass,,,,,86768,True,True,True,True,True,True,6,True,6,,
hsk-old-6-首要,6,首要,首要,shǒu yào,the most important,no lexical issue identified in this pass,,,,,86785,True,True,True,True,True,True,6,True,6,,
hsk-old-6-驱逐,6,驱逐,驅逐,qū zhú,banishment,no lexical issue identified in this pass,,,,,86801,True,True,True,True,True,True,6,True,6,,
hsk-old-6-驻扎,6,驻扎,駐紮,zhù zhā,to station,no lexical issue identified in this pass,,,,,86819,True,True,True,True,True,True,6,True,6,,
hsk-old-6-验收,6,验收,驗收,yàn shōu,inspect and then accept (i.e. received goods,finding,P2,wording,to inspect and accept a delivery or completed work,The first-semicolon truncation leaves an unmatched parenthesis and drops part of the explanation.,86835,True,True,True,True,True,True,6,True,6,,
hsk-old-6-验证,6,验证,驗證,yàn zhèng,inspect and verify,no lexical issue identified in this pass,,,,,86852,True,True,True,True,True,True,6,True,6,,
hsk-old-6-骨干,6,骨干,骨幹,gǔ gàn,backbone,no lexical issue identified in this pass,,,,,86871,True,True,True,True,True,True,6,True,6,,
hsk-old-6-高尚,6,高尚,高尚,gāo shàng,nobly,finding,P2,wording,noble; admirable,Nobly is an adverb and does not explain the adjective.,86887,True,True,True,True,True,True,6,True,6,,
hsk-old-6-高峰,6,高峰,高峰,gāo fēng,peak,no lexical issue identified in this pass,,,,,86905,True,True,True,True,True,True,6,True,6,personal-name POS appears on a common-word reading; review sense-specific tags,
hsk-old-6-高明,6,高明,高明,gāo míng,brilliant,no lexical issue identified in this pass,,,,,86923,True,True,True,True,True,True,6,True,6,personal-name POS appears on a common-word reading; review sense-specific tags,
hsk-old-6-高涨,6,高涨,高漲,gāo zhǎng,upsurge,no lexical issue identified in this pass,,,,,86939,True,True,True,True,True,True,6,True,6,,
hsk-old-6-高潮,6,高潮,高潮,gāo cháo,high tide,no lexical issue identified in this pass,,,,,86957,True,True,True,True,True,True,6,True,6,,upsurge
hsk-old-6-高考,6,高考,高考,gāo kǎo,college entrance exam (especially as abbr. for 普通高等学校招生全国统一考试),no lexical issue identified in this pass,,,,,86975,True,True,True,True,True,True,6,False,,,
hsk-old-6-高超,6,高超,高超,gāo chāo,excellent,no lexical issue identified in this pass,,,,,86992,True,True,True,True,True,True,6,True,6,,
hsk-old-6-魄力,6,魄力,魄力,pò lì,daring resolution,no lexical issue identified in this pass,,,,,87008,True,True,True,True,True,True,6,True,6,,
hsk-old-6-魔术,6,魔术,魔術,mó shù,magic,no lexical issue identified in this pass,,,,,87027,True,True,True,True,True,True,6,True,6,,
hsk-old-6-魔鬼,6,魔鬼,魔鬼,mó guǐ,devil,no lexical issue identified in this pass,,,,,87042,True,True,True,True,True,True,6,True,6,,
hsk-old-6-鲜明,6,鲜明,鮮明,xiān míng,bright,no lexical issue identified in this pass,,,,,87057,True,True,True,True,True,True,6,True,6,,
hsk-old-6-麻木,6,麻木,麻木,má mù,numb,no lexical issue identified in this pass,,,,,87074,True,True,True,True,True,True,6,True,6,,
hsk-old-6-麻痹,6,麻痹,麻痺,má bì,paralysis,no lexical issue identified in this pass,,,,,87093,True,True,True,True,True,True,6,True,6,,
hsk-old-6-麻醉,6,麻醉,麻醉,má zuì,anesthesia,no lexical issue identified in this pass,,,,,87116,True,True,True,True,True,True,6,True,6,,
hsk-old-6-黄昏,6,黄昏,黃昏,huáng hūn,dusk,no lexical issue identified in this pass,,,,,87133,True,True,True,True,True,True,6,True,6,,
hsk-old-6-黎明,6,黎明,黎明,lí míng,dawn,no lexical issue identified in this pass,,,,,87150,True,True,True,True,True,True,6,True,6,,
hsk-old-6-默默,6,默默,默默,mò mò,in silence,no lexical issue identified in this pass,,,,,87165,True,True,True,True,True,True,6,True,6,,
hsk-old-6-鼓动,6,鼓动,鼓動,gǔ dòng,agitate,no lexical issue identified in this pass,,,,,87181,True,True,True,True,True,True,6,True,6,,
hsk-old-6-鼻涕,6,鼻涕,鼻涕,bí tì,nasal mucus,no lexical issue identified in this pass,,,,,87198,True,True,True,True,True,True,6,True,6,,
hsk-old-6-齐全,6,齐全,齊全,qí quán,complete,no lexical issue identified in this pass,,,,,87213,True,True,True,True,True,True,6,True,6,,
hsk-old-6-齐心协力,6,齐心协力,齊心協力,qí xīn xié lì,make concerted efforts,no lexical issue identified in this pass,,,,,87229,True,True,True,True,True,True,6,True,6,,
